ISO-10303-21;
HEADER;
FILE_DESCRIPTION(('FreeCAD Model'),'2;1');
FILE_NAME('Open CASCADE Shape Model','2024-04-16T01:45:40',(''),(''),
  'Open CASCADE STEP processor 7.6','FreeCAD','Unknown');
FILE_SCHEMA(('AUTOMOTIVE_DESIGN { 1 0 10303 214 1 1 1 1 }'));
ENDSEC;
DATA;
#1 = APPLICATION_PROTOCOL_DEFINITION('international standard',
  'automotive_design',2000,#2);
#2 = APPLICATION_CONTEXT(
  'core data for automotive mechanical design processes');
#3 = SHAPE_DEFINITION_REPRESENTATION(#4,#10);
#4 = PRODUCT_DEFINITION_SHAPE('','',#5);
#5 = PRODUCT_DEFINITION('design','',#6,#9);
#6 = PRODUCT_DEFINITION_FORMATION('','',#7);
#7 = PRODUCT('Relay_SPDT_RAYEX_L90','Relay_SPDT_RAYEX_L90','',(#8));
#8 = PRODUCT_CONTEXT('',#2,'mechanical');
#9 = PRODUCT_DEFINITION_CONTEXT('part definition',#2,'design');
#10 = SHAPE_REPRESENTATION('',(#11,#15,#19,#23,#27,#31,#35,#39),#43);
#11 = AXIS2_PLACEMENT_3D('',#12,#13,#14);
#12 = CARTESIAN_POINT('',(0.,0.,0.));
#13 = DIRECTION('',(0.,0.,1.));
#14 = DIRECTION('',(1.,0.,-0.));
#15 = AXIS2_PLACEMENT_3D('',#16,#17,#18);
#16 = CARTESIAN_POINT('',(0.,0.,0.));
#17 = DIRECTION('',(0.,0.,1.));
#18 = DIRECTION('',(1.,0.,0.));
#19 = AXIS2_PLACEMENT_3D('',#20,#21,#22);
#20 = CARTESIAN_POINT('',(2.5,22.1,0.));
#21 = DIRECTION('',(0.,-0.,1.));
#22 = DIRECTION('',(2.22044604925E-16,1.,0.));
#23 = AXIS2_PLACEMENT_3D('',#24,#25,#26);
#24 = CARTESIAN_POINT('',(10.1,22.1,0.));
#25 = DIRECTION('',(0.,-0.,1.));
#26 = DIRECTION('',(2.22044604925E-16,1.,0.));
#27 = AXIS2_PLACEMENT_3D('',#28,#29,#30);
#28 = CARTESIAN_POINT('',(12.64,4.3,0.));
#29 = DIRECTION('',(0.,0.,1.));
#30 = DIRECTION('',(1.,0.,0.));
#31 = AXIS2_PLACEMENT_3D('',#32,#33,#34);
#32 = CARTESIAN_POINT('',(27.84,13.2,0.));
#33 = DIRECTION('',(0.,-0.,1.));
#34 = DIRECTION('',(2.22044604925E-16,1.,0.));
#35 = AXIS2_PLACEMENT_3D('',#36,#37,#38);
#36 = CARTESIAN_POINT('',(25.3,18.3,0.));
#37 = DIRECTION('',(0.,-0.,1.));
#38 = DIRECTION('',(2.22044604925E-16,1.,0.));
#39 = AXIS2_PLACEMENT_3D('',#40,#41,#42);
#40 = CARTESIAN_POINT('',(25.3,8.1,0.));
#41 = DIRECTION('',(0.,-0.,1.));
#42 = DIRECTION('',(2.22044604925E-16,1.,0.));
#43 = ( GEOMETRIC_REPRESENTATION_CONTEXT(3) 
GLOBAL_UNCERTAINTY_ASSIGNED_CONTEXT((#47)) GLOBAL_UNIT_ASSIGNED_CONTEXT(
(#44,#45,#46)) REPRESENTATION_CONTEXT('Context #1',
  '3D Context with UNIT and UNCERTAINTY') );
#44 = ( LENGTH_UNIT() NAMED_UNIT(*) SI_UNIT(.MILLI.,.METRE.) );
#45 = ( NAMED_UNIT(*) PLANE_ANGLE_UNIT() SI_UNIT($,.RADIAN.) );
#46 = ( NAMED_UNIT(*) SI_UNIT($,.STERADIAN.) SOLID_ANGLE_UNIT() );
#47 = UNCERTAINTY_MEASURE_WITH_UNIT(LENGTH_MEASURE(2.E-06),#44,
  'distance_accuracy_value','confusion accuracy');
#48 = PRODUCT_RELATED_PRODUCT_CATEGORY('part',$,(#7));
#49 = SHAPE_DEFINITION_REPRESENTATION(#50,#56);
#50 = PRODUCT_DEFINITION_SHAPE('','',#51);
#51 = PRODUCT_DEFINITION('design','',#52,#55);
#52 = PRODUCT_DEFINITION_FORMATION('','',#53);
#53 = PRODUCT('Body','Body','',(#54));
#54 = PRODUCT_CONTEXT('',#2,'mechanical');
#55 = PRODUCT_DEFINITION_CONTEXT('part definition',#2,'design');
#56 = ADVANCED_BREP_SHAPE_REPRESENTATION('',(#11,#57),#1488);
#57 = MANIFOLD_SOLID_BREP('',#58);
#58 = CLOSED_SHELL('',(#59,#145,#222,#247,#271,#312,#353,#371,#396,#445,
    #494,#531,#569,#586,#611,#644,#756,#781,#806,#832,#954,#979,#1003,
    #1027,#1052,#1076,#1101,#1126,#1150,#1174,#1199,#1224,#1241,#1266,
    #1275,#1293,#1311,#1329,#1354,#1372,#1390,#1415,#1440,#1458,#1476));
#59 = ADVANCED_FACE('',(#60,#129),#140,.T.);
#60 = FACE_BOUND('',#61,.T.);
#61 = EDGE_LOOP('',(#62,#72,#81,#89,#97,#106,#114,#122));
#62 = ORIENTED_EDGE('',*,*,#63,.F.);
#63 = EDGE_CURVE('',#64,#66,#68,.T.);
#64 = VERTEX_POINT('',#65);
#65 = CARTESIAN_POINT('',(7.561421356237,27.341421356237,18.4));
#66 = VERTEX_POINT('',#67);
#67 = CARTESIAN_POINT('',(5.857864376269E-02,19.838578643763,18.4));
#68 = LINE('',#69,#70);
#69 = CARTESIAN_POINT('',(7.62,27.4,18.4));
#70 = VECTOR('',#71,1.);
#71 = DIRECTION('',(-0.707106781187,-0.707106781187,0.));
#72 = ORIENTED_EDGE('',*,*,#73,.T.);
#73 = EDGE_CURVE('',#64,#74,#76,.T.);
#74 = VERTEX_POINT('',#75);
#75 = CARTESIAN_POINT('',(7.702842712475,27.4,18.4));
#76 = CIRCLE('',#77,0.2);
#77 = AXIS2_PLACEMENT_3D('',#78,#79,#80);
#78 = CARTESIAN_POINT('',(7.702842712475,27.2,18.4));
#79 = DIRECTION('',(-0.,-0.,-1.));
#80 = DIRECTION('',(0.,-1.,0.));
#81 = ORIENTED_EDGE('',*,*,#82,.F.);
#82 = EDGE_CURVE('',#83,#74,#85,.T.);
#83 = VERTEX_POINT('',#84);
#84 = CARTESIAN_POINT('',(7.62,27.4,18.4));
#85 = LINE('',#86,#87);
#86 = CARTESIAN_POINT('',(1.34703841816,27.4,18.4));
#87 = VECTOR('',#88,1.);
#88 = DIRECTION('',(1.,0.,0.));
#89 = ORIENTED_EDGE('',*,*,#90,.T.);
#90 = EDGE_CURVE('',#83,#91,#93,.T.);
#91 = VERTEX_POINT('',#92);
#92 = CARTESIAN_POINT('',(0.75,27.4,18.4));
#93 = LINE('',#94,#95);
#94 = CARTESIAN_POINT('',(7.62,27.4,18.4));
#95 = VECTOR('',#96,1.);
#96 = DIRECTION('',(-1.,0.,0.));
#97 = ORIENTED_EDGE('',*,*,#98,.T.);
#98 = EDGE_CURVE('',#91,#99,#101,.T.);
#99 = VERTEX_POINT('',#100);
#100 = CARTESIAN_POINT('',(-5.551115123126E-17,26.65,18.4));
#101 = CIRCLE('',#102,0.75);
#102 = AXIS2_PLACEMENT_3D('',#103,#104,#105);
#103 = CARTESIAN_POINT('',(0.75,26.65,18.4));
#104 = DIRECTION('',(0.,0.,1.));
#105 = DIRECTION('',(-1.,0.,0.));
#106 = ORIENTED_EDGE('',*,*,#107,.F.);
#107 = EDGE_CURVE('',#108,#99,#110,.T.);
#108 = VERTEX_POINT('',#109);
#109 = CARTESIAN_POINT('',(0.,19.78,18.4));
#110 = LINE('',#111,#112);
#111 = CARTESIAN_POINT('',(0.,19.78,18.4));
#112 = VECTOR('',#113,1.);
#113 = DIRECTION('',(0.,1.,0.));
#114 = ORIENTED_EDGE('',*,*,#115,.T.);
#115 = EDGE_CURVE('',#108,#116,#118,.T.);
#116 = VERTEX_POINT('',#117);
#117 = CARTESIAN_POINT('',(0.,19.697157287526,18.4));
#118 = LINE('',#119,#120);
#119 = CARTESIAN_POINT('',(0.,12.35296158184,18.4));
#120 = VECTOR('',#121,1.);
#121 = DIRECTION('',(0.,-1.,0.));
#122 = ORIENTED_EDGE('',*,*,#123,.F.);
#123 = EDGE_CURVE('',#66,#116,#124,.T.);
#124 = CIRCLE('',#125,0.2);
#125 = AXIS2_PLACEMENT_3D('',#126,#127,#128);
#126 = CARTESIAN_POINT('',(0.2,19.697157287526,18.4));
#127 = DIRECTION('',(0.,-0.,1.));
#128 = DIRECTION('',(0.,1.,0.));
#129 = FACE_BOUND('',#130,.T.);
#130 = EDGE_LOOP('',(#131));
#131 = ORIENTED_EDGE('',*,*,#132,.F.);
#132 = EDGE_CURVE('',#133,#133,#135,.T.);
#133 = VERTEX_POINT('',#134);
#134 = CARTESIAN_POINT('',(3.135,24.5,18.4));
#135 = CIRCLE('',#136,0.635);
#136 = AXIS2_PLACEMENT_3D('',#137,#138,#139);
#137 = CARTESIAN_POINT('',(2.5,24.5,18.4));
#138 = DIRECTION('',(0.,0.,1.));
#139 = DIRECTION('',(1.,0.,0.));
#140 = PLANE('',#141);
#141 = AXIS2_PLACEMENT_3D('',#142,#143,#144);
#142 = CARTESIAN_POINT('',(2.694076836321,24.705923163679,18.4));
#143 = DIRECTION('',(0.,0.,1.));
#144 = DIRECTION('',(1.,0.,0.));
#145 = ADVANCED_FACE('',(#146),#217,.T.);
#146 = FACE_BOUND('',#147,.T.);
#147 = EDGE_LOOP('',(#148,#149,#157,#170,#180,#188,#198,#211));
#148 = ORIENTED_EDGE('',*,*,#63,.T.);
#149 = ORIENTED_EDGE('',*,*,#150,.F.);
#150 = EDGE_CURVE('',#151,#66,#153,.T.);
#151 = VERTEX_POINT('',#152);
#152 = CARTESIAN_POINT('',(5.857864376269E-02,19.838578643763,18.9));
#153 = LINE('',#154,#155);
#154 = CARTESIAN_POINT('',(5.857864376269E-02,19.838578643763,18.9));
#155 = VECTOR('',#156,1.);
#156 = DIRECTION('',(-0.,-0.,-1.));
#157 = ORIENTED_EDGE('',*,*,#158,.F.);
#158 = EDGE_CURVE('',#159,#151,#161,.T.);
#159 = VERTEX_POINT('',#160);
#160 = CARTESIAN_POINT('',(0.386845975487,20.166845975487,
    19.204035932083));
#161 = ( BOUNDED_CURVE() B_SPLINE_CURVE(7,(#162,#163,#164,#165,#166,#167
,#168,#169),.UNSPECIFIED.,.F.,.F.) B_SPLINE_CURVE_WITH_KNOTS((8,8),(
10.987912391489,11.772192677428),.PIECEWISE_BEZIER_KNOTS.) CURVE() 
GEOMETRIC_REPRESENTATION_ITEM() RATIONAL_B_SPLINE_CURVE((1.,1.,1.,1.,1.,
1.,1.,1.)) REPRESENTATION_ITEM('') );
#162 = CARTESIAN_POINT('',(0.386845975487,20.166845975487,
    19.204035932083));
#163 = CARTESIAN_POINT('',(0.311456193098,20.091456193098,
    19.209453018841));
#164 = CARTESIAN_POINT('',(0.236886887858,20.016886887858,
    19.193407987555));
#165 = CARTESIAN_POINT('',(0.169861688019,19.949861688019,
    19.157341540292));
#166 = CARTESIAN_POINT('',(0.115613379323,19.895613379323,19.10531706578
    ));
#167 = CARTESIAN_POINT('',(7.75627885565E-02,19.857562788557,
    19.041118920518));
#168 = CARTESIAN_POINT('',(5.857864376269E-02,19.838578643763,
    18.970548157269));
#169 = CARTESIAN_POINT('',(5.857864376269E-02,19.838578643763,18.9));
#170 = ORIENTED_EDGE('',*,*,#171,.F.);
#171 = EDGE_CURVE('',#172,#159,#174,.T.);
#172 = VERTEX_POINT('',#173);
#173 = CARTESIAN_POINT('',(0.5,20.28,19.2));
#174 = ( BOUNDED_CURVE() B_SPLINE_CURVE(4,(#175,#176,#177,#178,#179),
.UNSPECIFIED.,.F.,.F.) B_SPLINE_CURVE_WITH_KNOTS((5,5),(10.817143230169,
10.987912391489),.PIECEWISE_BEZIER_KNOTS.) CURVE() 
GEOMETRIC_REPRESENTATION_ITEM() RATIONAL_B_SPLINE_CURVE((1.,1.,1.,1.,1.)
) REPRESENTATION_ITEM('') );
#175 = CARTESIAN_POINT('',(0.5,20.28,19.2));
#176 = CARTESIAN_POINT('',(0.471913250762,20.251913250763,19.2));
#177 = CARTESIAN_POINT('',(0.443820057582,20.223820057583,
    19.200657555969));
#178 = CARTESIAN_POINT('',(0.415572870383,20.195572870384,19.2019717786)
  );
#179 = CARTESIAN_POINT('',(0.386845975487,20.166845975487,
    19.204035932083));
#180 = ORIENTED_EDGE('',*,*,#181,.F.);
#181 = EDGE_CURVE('',#182,#172,#184,.T.);
#182 = VERTEX_POINT('',#183);
#183 = CARTESIAN_POINT('',(7.12,26.9,19.2));
#184 = LINE('',#185,#186);
#185 = CARTESIAN_POINT('',(7.12,26.9,19.2));
#186 = VECTOR('',#187,1.);
#187 = DIRECTION('',(-0.707106781187,-0.707106781187,0.));
#188 = ORIENTED_EDGE('',*,*,#189,.F.);
#189 = EDGE_CURVE('',#190,#182,#192,.T.);
#190 = VERTEX_POINT('',#191);
#191 = CARTESIAN_POINT('',(7.233154024513,27.013154024513,
    19.204035932083));
#192 = ( BOUNDED_CURVE() B_SPLINE_CURVE(4,(#193,#194,#195,#196,#197),
.UNSPECIFIED.,.F.,.F.) B_SPLINE_CURVE_WITH_KNOTS((5,5),(1.284280285939,
1.455049447259),.PIECEWISE_BEZIER_KNOTS.) CURVE() 
GEOMETRIC_REPRESENTATION_ITEM() RATIONAL_B_SPLINE_CURVE((1.,1.,1.,1.,1.)
) REPRESENTATION_ITEM('') );
#193 = CARTESIAN_POINT('',(7.233154024513,27.013154024513,
    19.204035932083));
#194 = CARTESIAN_POINT('',(7.204427129617,26.984427129617,19.2019717786)
  );
#195 = CARTESIAN_POINT('',(7.176179942417,26.956179942417,
    19.200657555969));
#196 = CARTESIAN_POINT('',(7.148086749238,26.928086749238,19.2));
#197 = CARTESIAN_POINT('',(7.12,26.9,19.2));
#198 = ORIENTED_EDGE('',*,*,#199,.F.);
#199 = EDGE_CURVE('',#200,#190,#202,.T.);
#200 = VERTEX_POINT('',#201);
#201 = CARTESIAN_POINT('',(7.561421356237,27.341421356237,18.9));
#202 = ( BOUNDED_CURVE() B_SPLINE_CURVE(7,(#203,#204,#205,#206,#207,#208
,#209,#210),.UNSPECIFIED.,.F.,.F.) B_SPLINE_CURVE_WITH_KNOTS((8,8),(0.5,
1.284280285939),.PIECEWISE_BEZIER_KNOTS.) CURVE() 
GEOMETRIC_REPRESENTATION_ITEM() RATIONAL_B_SPLINE_CURVE((1.,1.,1.,1.,1.,
1.,1.,1.)) REPRESENTATION_ITEM('') );
#203 = CARTESIAN_POINT('',(7.561421356237,27.341421356237,18.9));
#204 = CARTESIAN_POINT('',(7.561421356237,27.341421356237,
    18.970548157269));
#205 = CARTESIAN_POINT('',(7.542437211443,27.322437211443,
    19.041118920518));
#206 = CARTESIAN_POINT('',(7.504386620677,27.284386620677,19.10531706578
    ));
#207 = CARTESIAN_POINT('',(7.450138311981,27.230138311981,
    19.157341540293));
#208 = CARTESIAN_POINT('',(7.383113112142,27.163113112142,
    19.193407987555));
#209 = CARTESIAN_POINT('',(7.308543806902,27.088543806902,
    19.209453018841));
#210 = CARTESIAN_POINT('',(7.233154024513,27.013154024513,
    19.204035932083));
#211 = ORIENTED_EDGE('',*,*,#212,.F.);
#212 = EDGE_CURVE('',#64,#200,#213,.T.);
#213 = LINE('',#214,#215);
#214 = CARTESIAN_POINT('',(7.561421356237,27.341421356237,18.4));
#215 = VECTOR('',#216,1.);
#216 = DIRECTION('',(0.,0.,1.));
#217 = PLANE('',#218);
#218 = AXIS2_PLACEMENT_3D('',#219,#220,#221);
#219 = CARTESIAN_POINT('',(7.62,27.4,19.4));
#220 = DIRECTION('',(-0.707106781187,0.707106781187,0.));
#221 = DIRECTION('',(-0.707106781187,-0.707106781187,0.));
#222 = ADVANCED_FACE('',(#223),#242,.T.);
#223 = FACE_BOUND('',#224,.F.);
#224 = EDGE_LOOP('',(#225,#226,#234,#241));
#225 = ORIENTED_EDGE('',*,*,#73,.T.);
#226 = ORIENTED_EDGE('',*,*,#227,.T.);
#227 = EDGE_CURVE('',#74,#228,#230,.T.);
#228 = VERTEX_POINT('',#229);
#229 = CARTESIAN_POINT('',(7.702842712475,27.4,18.9));
#230 = LINE('',#231,#232);
#231 = CARTESIAN_POINT('',(7.702842712475,27.4,18.4));
#232 = VECTOR('',#233,1.);
#233 = DIRECTION('',(0.,0.,1.));
#234 = ORIENTED_EDGE('',*,*,#235,.F.);
#235 = EDGE_CURVE('',#200,#228,#236,.T.);
#236 = CIRCLE('',#237,0.2);
#237 = AXIS2_PLACEMENT_3D('',#238,#239,#240);
#238 = CARTESIAN_POINT('',(7.702842712475,27.2,18.9));
#239 = DIRECTION('',(0.,0.,-1.));
#240 = DIRECTION('',(-0.707106781187,0.707106781187,0.));
#241 = ORIENTED_EDGE('',*,*,#212,.F.);
#242 = CYLINDRICAL_SURFACE('',#243,0.2);
#243 = AXIS2_PLACEMENT_3D('',#244,#245,#246);
#244 = CARTESIAN_POINT('',(7.702842712475,27.2,18.4));
#245 = DIRECTION('',(0.,0.,1.));
#246 = DIRECTION('',(-0.707106781187,0.707106781187,0.));
#247 = ADVANCED_FACE('',(#248),#266,.T.);
#248 = FACE_BOUND('',#249,.F.);
#249 = EDGE_LOOP('',(#250,#258,#264,#265));
#250 = ORIENTED_EDGE('',*,*,#251,.T.);
#251 = EDGE_CURVE('',#151,#252,#254,.T.);
#252 = VERTEX_POINT('',#253);
#253 = CARTESIAN_POINT('',(-1.110223024625E-16,19.697157287526,18.9));
#254 = ( BOUNDED_CURVE() B_SPLINE_CURVE(2,(#255,#256,#257),
.UNSPECIFIED.,.F.,.F.) B_SPLINE_CURVE_WITH_KNOTS((3,3),(0.,
0.784280285939),.PIECEWISE_BEZIER_KNOTS.) CURVE() 
GEOMETRIC_REPRESENTATION_ITEM() RATIONAL_B_SPLINE_CURVE((1.,
0.923879532511,1.)) REPRESENTATION_ITEM('') );
#255 = CARTESIAN_POINT('',(5.857864376269E-02,19.838578643763,18.9));
#256 = CARTESIAN_POINT('',(-2.775557561563E-16,19.78,18.9));
#257 = CARTESIAN_POINT('',(-1.110223024625E-16,19.697157287526,18.9));
#258 = ORIENTED_EDGE('',*,*,#259,.T.);
#259 = EDGE_CURVE('',#252,#116,#260,.T.);
#260 = LINE('',#261,#262);
#261 = CARTESIAN_POINT('',(0.,19.697157287526,18.9));
#262 = VECTOR('',#263,1.);
#263 = DIRECTION('',(-0.,-0.,-1.));
#264 = ORIENTED_EDGE('',*,*,#123,.F.);
#265 = ORIENTED_EDGE('',*,*,#150,.F.);
#266 = CYLINDRICAL_SURFACE('',#267,0.2);
#267 = AXIS2_PLACEMENT_3D('',#268,#269,#270);
#268 = CARTESIAN_POINT('',(0.2,19.697157287526,18.9));
#269 = DIRECTION('',(-0.,-0.,-1.));
#270 = DIRECTION('',(-0.707106781187,0.707106781187,0.));
#271 = ADVANCED_FACE('',(#272),#307,.T.);
#272 = FACE_BOUND('',#273,.T.);
#273 = EDGE_LOOP('',(#274,#282,#290,#298,#304,#305,#306));
#274 = ORIENTED_EDGE('',*,*,#275,.T.);
#275 = EDGE_CURVE('',#228,#276,#278,.T.);
#276 = VERTEX_POINT('',#277);
#277 = CARTESIAN_POINT('',(11.85,27.4,18.9));
#278 = LINE('',#279,#280);
#279 = CARTESIAN_POINT('',(7.62,27.4,18.9));
#280 = VECTOR('',#281,1.);
#281 = DIRECTION('',(1.,0.,0.));
#282 = ORIENTED_EDGE('',*,*,#283,.F.);
#283 = EDGE_CURVE('',#284,#276,#286,.T.);
#284 = VERTEX_POINT('',#285);
#285 = CARTESIAN_POINT('',(11.85,27.4,0.));
#286 = LINE('',#287,#288);
#287 = CARTESIAN_POINT('',(11.85,27.4,0.));
#288 = VECTOR('',#289,1.);
#289 = DIRECTION('',(0.,0.,1.));
#290 = ORIENTED_EDGE('',*,*,#291,.F.);
#291 = EDGE_CURVE('',#292,#284,#294,.T.);
#292 = VERTEX_POINT('',#293);
#293 = CARTESIAN_POINT('',(0.75,27.4,0.));
#294 = LINE('',#295,#296);
#295 = CARTESIAN_POINT('',(0.,27.4,0.));
#296 = VECTOR('',#297,1.);
#297 = DIRECTION('',(1.,0.,0.));
#298 = ORIENTED_EDGE('',*,*,#299,.T.);
#299 = EDGE_CURVE('',#292,#91,#300,.T.);
#300 = LINE('',#301,#302);
#301 = CARTESIAN_POINT('',(0.75,27.4,0.));
#302 = VECTOR('',#303,1.);
#303 = DIRECTION('',(0.,0.,1.));
#304 = ORIENTED_EDGE('',*,*,#90,.F.);
#305 = ORIENTED_EDGE('',*,*,#82,.T.);
#306 = ORIENTED_EDGE('',*,*,#227,.T.);
#307 = PLANE('',#308);
#308 = AXIS2_PLACEMENT_3D('',#309,#310,#311);
#309 = CARTESIAN_POINT('',(0.,27.4,0.));
#310 = DIRECTION('',(0.,1.,0.));
#311 = DIRECTION('',(1.,0.,0.));
#312 = ADVANCED_FACE('',(#313),#348,.T.);
#313 = FACE_BOUND('',#314,.T.);
#314 = EDGE_LOOP('',(#315,#323,#324,#325,#326,#334,#342));
#315 = ORIENTED_EDGE('',*,*,#316,.T.);
#316 = EDGE_CURVE('',#317,#252,#319,.T.);
#317 = VERTEX_POINT('',#318);
#318 = CARTESIAN_POINT('',(0.,0.75,18.9));
#319 = LINE('',#320,#321);
#320 = CARTESIAN_POINT('',(-1.110223024625E-16,0.75,18.9));
#321 = VECTOR('',#322,1.);
#322 = DIRECTION('',(0.,1.,0.));
#323 = ORIENTED_EDGE('',*,*,#259,.T.);
#324 = ORIENTED_EDGE('',*,*,#115,.F.);
#325 = ORIENTED_EDGE('',*,*,#107,.T.);
#326 = ORIENTED_EDGE('',*,*,#327,.F.);
#327 = EDGE_CURVE('',#328,#99,#330,.T.);
#328 = VERTEX_POINT('',#329);
#329 = CARTESIAN_POINT('',(-1.110223024625E-16,26.65,0.));
#330 = LINE('',#331,#332);
#331 = CARTESIAN_POINT('',(-1.110223024625E-16,26.65,0.));
#332 = VECTOR('',#333,1.);
#333 = DIRECTION('',(0.,0.,1.));
#334 = ORIENTED_EDGE('',*,*,#335,.F.);
#335 = EDGE_CURVE('',#336,#328,#338,.T.);
#336 = VERTEX_POINT('',#337);
#337 = CARTESIAN_POINT('',(-1.110223024625E-16,0.75,0.));
#338 = LINE('',#339,#340);
#339 = CARTESIAN_POINT('',(0.,0.,0.));
#340 = VECTOR('',#341,1.);
#341 = DIRECTION('',(0.,1.,0.));
#342 = ORIENTED_EDGE('',*,*,#343,.T.);
#343 = EDGE_CURVE('',#336,#317,#344,.T.);
#344 = LINE('',#345,#346);
#345 = CARTESIAN_POINT('',(-1.110223024625E-16,0.75,0.));
#346 = VECTOR('',#347,1.);
#347 = DIRECTION('',(0.,0.,1.));
#348 = PLANE('',#349);
#349 = AXIS2_PLACEMENT_3D('',#350,#351,#352);
#350 = CARTESIAN_POINT('',(0.,0.,0.));
#351 = DIRECTION('',(-1.,0.,0.));
#352 = DIRECTION('',(0.,1.,0.));
#353 = ADVANCED_FACE('',(#354),#366,.T.);
#354 = FACE_BOUND('',#355,.F.);
#355 = EDGE_LOOP('',(#356,#357,#364,#365));
#356 = ORIENTED_EDGE('',*,*,#327,.F.);
#357 = ORIENTED_EDGE('',*,*,#358,.T.);
#358 = EDGE_CURVE('',#328,#292,#359,.T.);
#359 = CIRCLE('',#360,0.75);
#360 = AXIS2_PLACEMENT_3D('',#361,#362,#363);
#361 = CARTESIAN_POINT('',(0.75,26.65,0.));
#362 = DIRECTION('',(-0.,-0.,-1.));
#363 = DIRECTION('',(0.,-1.,0.));
#364 = ORIENTED_EDGE('',*,*,#299,.T.);
#365 = ORIENTED_EDGE('',*,*,#98,.T.);
#366 = CYLINDRICAL_SURFACE('',#367,0.75);
#367 = AXIS2_PLACEMENT_3D('',#368,#369,#370);
#368 = CARTESIAN_POINT('',(0.75,26.65,0.));
#369 = DIRECTION('',(0.,0.,1.));
#370 = DIRECTION('',(-1.,0.,0.));
#371 = ADVANCED_FACE('',(#372),#391,.T.);
#372 = FACE_BOUND('',#373,.F.);
#373 = EDGE_LOOP('',(#374,#382,#389,#390));
#374 = ORIENTED_EDGE('',*,*,#375,.T.);
#375 = EDGE_CURVE('',#133,#376,#378,.T.);
#376 = VERTEX_POINT('',#377);
#377 = CARTESIAN_POINT('',(3.135,24.5,19.3));
#378 = LINE('',#379,#380);
#379 = CARTESIAN_POINT('',(3.135,24.5,18.4));
#380 = VECTOR('',#381,1.);
#381 = DIRECTION('',(0.,0.,1.));
#382 = ORIENTED_EDGE('',*,*,#383,.T.);
#383 = EDGE_CURVE('',#376,#376,#384,.T.);
#384 = CIRCLE('',#385,0.635);
#385 = AXIS2_PLACEMENT_3D('',#386,#387,#388);
#386 = CARTESIAN_POINT('',(2.5,24.5,19.3));
#387 = DIRECTION('',(0.,0.,1.));
#388 = DIRECTION('',(1.,0.,0.));
#389 = ORIENTED_EDGE('',*,*,#375,.F.);
#390 = ORIENTED_EDGE('',*,*,#132,.F.);
#391 = CYLINDRICAL_SURFACE('',#392,0.635);
#392 = AXIS2_PLACEMENT_3D('',#393,#394,#395);
#393 = CARTESIAN_POINT('',(2.5,24.5,18.4));
#394 = DIRECTION('',(-0.,-0.,-1.));
#395 = DIRECTION('',(1.,0.,0.));
#396 = ADVANCED_FACE('',(#397),#420,.F.);
#397 = FACE_BOUND('',#398,.F.);
#398 = EDGE_LOOP('',(#399,#400,#413,#419));
#399 = ORIENTED_EDGE('',*,*,#235,.T.);
#400 = ORIENTED_EDGE('',*,*,#401,.T.);
#401 = EDGE_CURVE('',#228,#402,#404,.T.);
#402 = VERTEX_POINT('',#403);
#403 = CARTESIAN_POINT('',(7.402842712475,26.9,19.4));
#404 = ( BOUNDED_CURVE() B_SPLINE_CURVE(7,(#405,#406,#407,#408,#409,#410
,#411,#412),.UNSPECIFIED.,.F.,.F.) B_SPLINE_CURVE_WITH_KNOTS((8,8),(0.5,
1.284280285939),.PIECEWISE_BEZIER_KNOTS.) CURVE() 
GEOMETRIC_REPRESENTATION_ITEM() RATIONAL_B_SPLINE_CURVE((1.,1.,1.,1.,1.,
1.,1.,1.)) REPRESENTATION_ITEM('') );
#405 = CARTESIAN_POINT('',(7.702842712475,27.4,18.9));
#406 = CARTESIAN_POINT('',(7.702842712475,27.4,19.00740306137));
#407 = CARTESIAN_POINT('',(7.686449096567,27.373033025602,19.11473805671
    ));
#408 = CARTESIAN_POINT('',(7.653892776081,27.319534190772,
    19.216211438599));
#409 = CARTESIAN_POINT('',(7.604493136341,27.237850886432,
    19.304323192289));
#410 = CARTESIAN_POINT('',(7.542392524267,27.134580057122,
    19.367267141327));
#411 = CARTESIAN_POINT('',(7.472858642491,27.018317740241,19.4));
#412 = CARTESIAN_POINT('',(7.402842712475,26.9,19.4));
#413 = ORIENTED_EDGE('',*,*,#414,.F.);
#414 = EDGE_CURVE('',#190,#402,#415,.T.);
#415 = ( BOUNDED_CURVE() B_SPLINE_CURVE(2,(#416,#417,#418),
.UNSPECIFIED.,.F.,.F.) B_SPLINE_CURVE_WITH_KNOTS((3,3),(0.,
0.784280285939),.PIECEWISE_BEZIER_KNOTS.) CURVE() 
GEOMETRIC_REPRESENTATION_ITEM() RATIONAL_B_SPLINE_CURVE((1.,
0.707106781187,1.)) REPRESENTATION_ITEM('') );
#416 = CARTESIAN_POINT('',(7.233154024513,27.013154024513,
    19.204035932083));
#417 = CARTESIAN_POINT('',(7.261421356237,27.041421356237,19.4));
#418 = CARTESIAN_POINT('',(7.402842712475,26.9,19.4));
#419 = ORIENTED_EDGE('',*,*,#199,.F.);
#420 = ( BOUNDED_SURFACE() B_SPLINE_SURFACE(2,7,(
    (#421,#422,#423,#424,#425,#426,#427,#428)
    ,(#429,#430,#431,#432,#433,#434,#435,#436)
    ,(#437,#438,#439,#440,#441,#442,#443,#444
)),.UNSPECIFIED.,.F.,.F.,.F.) B_SPLINE_SURFACE_WITH_KNOTS((3,3),(8,8),(
    0.,0.784280285939),(0.5,1.284280285939),.PIECEWISE_BEZIER_KNOTS.) 
GEOMETRIC_REPRESENTATION_ITEM() RATIONAL_B_SPLINE_SURFACE((
    (1.,1.,1.,1.,1.,1.,1.,1.)
    ,(0.923879532511,0.923879532511,0.913765418944,0.893717692821
      ,0.862186454189,0.819878826067,0.767484043967,0.707106781187)
,(1.,1.,1.,1.,1.,1.,1.,1.))) REPRESENTATION_ITEM('') SURFACE() );
#421 = CARTESIAN_POINT('',(7.561421356237,27.341421356237,18.9));
#422 = CARTESIAN_POINT('',(7.561421356237,27.341421356237,
    18.970548157269));
#423 = CARTESIAN_POINT('',(7.542437211443,27.322437211443,
    19.041118920518));
#424 = CARTESIAN_POINT('',(7.504386620677,27.284386620677,19.10531706578
    ));
#425 = CARTESIAN_POINT('',(7.450138311981,27.230138311981,
    19.157341540293));
#426 = CARTESIAN_POINT('',(7.383113112142,27.163113112142,
    19.193407987555));
#427 = CARTESIAN_POINT('',(7.308543806902,27.088543806902,
    19.209453018841));
#428 = CARTESIAN_POINT('',(7.233154024513,27.013154024513,
    19.204035932083));
#429 = CARTESIAN_POINT('',(7.62,27.4,18.9));
#430 = CARTESIAN_POINT('',(7.62,27.4,18.992137260252));
#431 = CARTESIAN_POINT('',(7.600505472455,27.380505472455,
    19.086285422794));
#432 = CARTESIAN_POINT('',(7.560349471138,27.340349471138,
    19.177068239465));
#433 = CARTESIAN_POINT('',(7.499891654181,27.279891654181,
    19.258406778814));
#434 = CARTESIAN_POINT('',(7.425120336134,27.205120336134,19.32262298273
    ));
#435 = CARTESIAN_POINT('',(7.34373264329,27.12373264329,19.369167374574)
  );
#436 = CARTESIAN_POINT('',(7.261421356237,27.041421356237,19.4));
#437 = CARTESIAN_POINT('',(7.702842712475,27.4,18.9));
#438 = CARTESIAN_POINT('',(7.702842712475,27.4,19.00740306137));
#439 = CARTESIAN_POINT('',(7.686449096567,27.373033025602,19.11473805671
    ));
#440 = CARTESIAN_POINT('',(7.653892776081,27.319534190772,
    19.216211438599));
#441 = CARTESIAN_POINT('',(7.604493136341,27.237850886432,
    19.304323192289));
#442 = CARTESIAN_POINT('',(7.542392524267,27.134580057122,
    19.367267141327));
#443 = CARTESIAN_POINT('',(7.472858642491,27.018317740241,19.4));
#444 = CARTESIAN_POINT('',(7.402842712475,26.9,19.4));
#445 = ADVANCED_FACE('',(#446),#469,.F.);
#446 = FACE_BOUND('',#447,.F.);
#447 = EDGE_LOOP('',(#448,#456,#467,#468));
#448 = ORIENTED_EDGE('',*,*,#449,.T.);
#449 = EDGE_CURVE('',#159,#450,#452,.T.);
#450 = VERTEX_POINT('',#451);
#451 = CARTESIAN_POINT('',(0.5,19.997157287526,19.4));
#452 = ( BOUNDED_CURVE() B_SPLINE_CURVE(2,(#453,#454,#455),
.UNSPECIFIED.,.F.,.F.) B_SPLINE_CURVE_WITH_KNOTS((3,3),(0.,0.17076916132
),.PIECEWISE_BEZIER_KNOTS.) CURVE() GEOMETRIC_REPRESENTATION_ITEM() 
RATIONAL_B_SPLINE_CURVE((1.,0.707106781187,1.)) REPRESENTATION_ITEM('') 
  );
#453 = CARTESIAN_POINT('',(0.386845975487,20.166845975487,
    19.204035932083));
#454 = CARTESIAN_POINT('',(0.358578643763,20.138578643763,19.4));
#455 = CARTESIAN_POINT('',(0.5,19.997157287526,19.4));
#456 = ORIENTED_EDGE('',*,*,#457,.T.);
#457 = EDGE_CURVE('',#450,#252,#458,.T.);
#458 = ( BOUNDED_CURVE() B_SPLINE_CURVE(7,(#459,#460,#461,#462,#463,#464
,#465,#466),.UNSPECIFIED.,.F.,.F.) B_SPLINE_CURVE_WITH_KNOTS((8,8),(
10.987912391489,11.772192677428),.PIECEWISE_BEZIER_KNOTS.) CURVE() 
GEOMETRIC_REPRESENTATION_ITEM() RATIONAL_B_SPLINE_CURVE((1.,1.,1.,1.,1.,
1.,1.,1.)) REPRESENTATION_ITEM('') );
#459 = CARTESIAN_POINT('',(0.5,19.997157287526,19.4));
#460 = CARTESIAN_POINT('',(0.381682259759,19.927141357509,19.4));
#461 = CARTESIAN_POINT('',(0.265419942878,19.857607475733,
    19.367267141327));
#462 = CARTESIAN_POINT('',(0.162149113568,19.79550686366,19.304323192289
    ));
#463 = CARTESIAN_POINT('',(8.04658092276E-02,19.746107223919,
    19.216211438599));
#464 = CARTESIAN_POINT('',(2.696697439801E-02,19.713550903433,
    19.11473805671));
#465 = CARTESIAN_POINT('',(2.775557561563E-16,19.697157287526,
    19.00740306137));
#466 = CARTESIAN_POINT('',(-1.110223024625E-16,19.697157287526,18.9));
#467 = ORIENTED_EDGE('',*,*,#251,.F.);
#468 = ORIENTED_EDGE('',*,*,#158,.F.);
#469 = ( BOUNDED_SURFACE() B_SPLINE_SURFACE(2,7,(
    (#470,#471,#472,#473,#474,#475,#476,#477)
    ,(#478,#479,#480,#481,#482,#483,#484,#485)
    ,(#486,#487,#488,#489,#490,#491,#492,#493
)),.UNSPECIFIED.,.F.,.F.,.F.) B_SPLINE_SURFACE_WITH_KNOTS((3,3),(8,8),(
    0.,0.784280285939),(10.987912391489,11.772192677428),
.PIECEWISE_BEZIER_KNOTS.) GEOMETRIC_REPRESENTATION_ITEM() 
RATIONAL_B_SPLINE_SURFACE((
    (1.,1.,1.,1.,1.,1.,1.,1.)
    ,(0.707106781187,0.767484043967,0.819878826067,0.862186454189
      ,0.893717692821,0.913765418944,0.923879532511,0.923879532511)
,(1.,1.,1.,1.,1.,1.,1.,1.))) REPRESENTATION_ITEM('') SURFACE() );
#470 = CARTESIAN_POINT('',(0.386845975487,20.166845975487,
    19.204035932083));
#471 = CARTESIAN_POINT('',(0.311456193098,20.091456193098,
    19.209453018841));
#472 = CARTESIAN_POINT('',(0.236886887858,20.016886887858,
    19.193407987555));
#473 = CARTESIAN_POINT('',(0.169861688019,19.949861688019,
    19.157341540292));
#474 = CARTESIAN_POINT('',(0.115613379323,19.895613379323,19.10531706578
    ));
#475 = CARTESIAN_POINT('',(7.75627885565E-02,19.857562788557,
    19.041118920518));
#476 = CARTESIAN_POINT('',(5.857864376269E-02,19.838578643763,
    18.970548157269));
#477 = CARTESIAN_POINT('',(5.857864376269E-02,19.838578643763,18.9));
#478 = CARTESIAN_POINT('',(0.358578643763,20.138578643763,19.4));
#479 = CARTESIAN_POINT('',(0.27626735671,20.056267356711,19.369167374574
    ));
#480 = CARTESIAN_POINT('',(0.194879663866,19.974879663866,19.32262298273
    ));
#481 = CARTESIAN_POINT('',(0.120108345819,19.900108345819,
    19.258406778814));
#482 = CARTESIAN_POINT('',(5.965052886219E-02,19.839650528863,
    19.177068239465));
#483 = CARTESIAN_POINT('',(1.949452754485E-02,19.799494527545,
    19.086285422794));
#484 = CARTESIAN_POINT('',(-1.110223024625E-16,19.78,18.992137260252));
#485 = CARTESIAN_POINT('',(-2.775557561563E-16,19.78,18.9));
#486 = CARTESIAN_POINT('',(0.5,19.997157287526,19.4));
#487 = CARTESIAN_POINT('',(0.381682259759,19.927141357509,19.4));
#488 = CARTESIAN_POINT('',(0.265419942878,19.857607475733,
    19.367267141327));
#489 = CARTESIAN_POINT('',(0.162149113568,19.79550686366,19.304323192289
    ));
#490 = CARTESIAN_POINT('',(8.04658092276E-02,19.746107223919,
    19.216211438599));
#491 = CARTESIAN_POINT('',(2.696697439801E-02,19.713550903433,
    19.11473805671));
#492 = CARTESIAN_POINT('',(2.775557561563E-16,19.697157287526,
    19.00740306137));
#493 = CARTESIAN_POINT('',(-1.110223024625E-16,19.697157287526,18.9));
#494 = ADVANCED_FACE('',(#495),#515,.F.);
#495 = FACE_BOUND('',#496,.F.);
#496 = EDGE_LOOP('',(#497,#498,#508,#514));
#497 = ORIENTED_EDGE('',*,*,#414,.T.);
#498 = ORIENTED_EDGE('',*,*,#499,.T.);
#499 = EDGE_CURVE('',#402,#500,#502,.T.);
#500 = VERTEX_POINT('',#501);
#501 = CARTESIAN_POINT('',(7.261421356237,26.758578643763,19.4));
#502 = ( BOUNDED_CURVE() B_SPLINE_CURVE(4,(#503,#504,#505,#506,#507),
.UNSPECIFIED.,.F.,.F.) B_SPLINE_CURVE_WITH_KNOTS((5,5),(1.284280285939,
1.455049447259),.PIECEWISE_BEZIER_KNOTS.) CURVE() 
GEOMETRIC_REPRESENTATION_ITEM() RATIONAL_B_SPLINE_CURVE((1.,1.,1.,1.,1.)
) REPRESENTATION_ITEM('') );
#503 = CARTESIAN_POINT('',(7.402842712475,26.9,19.4));
#504 = CARTESIAN_POINT('',(7.366960916696,26.864118204221,19.4));
#505 = CARTESIAN_POINT('',(7.331644316826,26.828801604351,19.4));
#506 = CARTESIAN_POINT('',(7.296529792784,26.79368708031,19.4));
#507 = CARTESIAN_POINT('',(7.261421356237,26.758578643763,19.4));
#508 = ORIENTED_EDGE('',*,*,#509,.F.);
#509 = EDGE_CURVE('',#182,#500,#510,.T.);
#510 = ( BOUNDED_CURVE() B_SPLINE_CURVE(2,(#511,#512,#513),
.UNSPECIFIED.,.F.,.F.) B_SPLINE_CURVE_WITH_KNOTS((3,3),(0.,0.17076916132
),.PIECEWISE_BEZIER_KNOTS.) CURVE() GEOMETRIC_REPRESENTATION_ITEM() 
RATIONAL_B_SPLINE_CURVE((1.,0.707106781187,1.)) REPRESENTATION_ITEM('') 
  );
#511 = CARTESIAN_POINT('',(7.12,26.9,19.2));
#512 = CARTESIAN_POINT('',(7.12,26.9,19.4));
#513 = CARTESIAN_POINT('',(7.261421356237,26.758578643763,19.4));
#514 = ORIENTED_EDGE('',*,*,#189,.F.);
#515 = ( BOUNDED_SURFACE() B_SPLINE_SURFACE(2,4,(
    (#516,#517,#518,#519,#520)
    ,(#521,#522,#523,#524,#525)
    ,(#526,#527,#528,#529,#530
)),.UNSPECIFIED.,.F.,.F.,.F.) B_SPLINE_SURFACE_WITH_KNOTS((3,3),(5,5),(
    0.,0.17076916132),(1.284280285939,1.455049447259),
.PIECEWISE_BEZIER_KNOTS.) GEOMETRIC_REPRESENTATION_ITEM() 
RATIONAL_B_SPLINE_SURFACE((
    (1.,1.,1.,1.,1.)
    ,(0.707106781187,0.707106781187,0.707106781187,0.707106781187
      ,0.707106781187)
,(1.,1.,1.,1.,1.))) REPRESENTATION_ITEM('') SURFACE() );
#516 = CARTESIAN_POINT('',(7.233154024513,27.013154024513,
    19.204035932083));
#517 = CARTESIAN_POINT('',(7.204427129617,26.984427129617,19.2019717786)
  );
#518 = CARTESIAN_POINT('',(7.176179942417,26.956179942417,
    19.200657555969));
#519 = CARTESIAN_POINT('',(7.148086749238,26.928086749238,19.2));
#520 = CARTESIAN_POINT('',(7.12,26.9,19.2));
#521 = CARTESIAN_POINT('',(7.261421356237,27.041421356237,19.4));
#522 = CARTESIAN_POINT('',(7.225539560459,27.005539560459,19.4));
#523 = CARTESIAN_POINT('',(7.190222960588,26.970222960589,19.4));
#524 = CARTESIAN_POINT('',(7.155108436547,26.935108436547,19.4));
#525 = CARTESIAN_POINT('',(7.12,26.9,19.4));
#526 = CARTESIAN_POINT('',(7.402842712475,26.9,19.4));
#527 = CARTESIAN_POINT('',(7.366960916696,26.864118204221,19.4));
#528 = CARTESIAN_POINT('',(7.331644316826,26.828801604351,19.4));
#529 = CARTESIAN_POINT('',(7.296529792784,26.79368708031,19.4));
#530 = CARTESIAN_POINT('',(7.261421356237,26.758578643763,19.4));
#531 = ADVANCED_FACE('',(#532),#553,.F.);
#532 = FACE_BOUND('',#533,.F.);
#533 = EDGE_LOOP('',(#534,#543,#551,#552));
#534 = ORIENTED_EDGE('',*,*,#535,.T.);
#535 = EDGE_CURVE('',#172,#536,#538,.T.);
#536 = VERTEX_POINT('',#537);
#537 = CARTESIAN_POINT('',(0.641421356237,20.138578643763,19.4));
#538 = CIRCLE('',#539,0.2);
#539 = AXIS2_PLACEMENT_3D('',#540,#541,#542);
#540 = CARTESIAN_POINT('',(0.641421356237,20.138578643763,19.2));
#541 = DIRECTION('',(0.707106781187,0.707106781187,-0.));
#542 = DIRECTION('',(-0.707106781187,0.707106781187,0.));
#543 = ORIENTED_EDGE('',*,*,#544,.T.);
#544 = EDGE_CURVE('',#536,#450,#545,.T.);
#545 = ( BOUNDED_CURVE() B_SPLINE_CURVE(4,(#546,#547,#548,#549,#550),
.UNSPECIFIED.,.F.,.F.) B_SPLINE_CURVE_WITH_KNOTS((5,5),(10.817143230169,
10.987912391489),.PIECEWISE_BEZIER_KNOTS.) CURVE() 
GEOMETRIC_REPRESENTATION_ITEM() RATIONAL_B_SPLINE_CURVE((1.,1.,1.,1.,1.)
) REPRESENTATION_ITEM('') );
#546 = CARTESIAN_POINT('',(0.641421356237,20.138578643763,19.4));
#547 = CARTESIAN_POINT('',(0.60631291969,20.103470207216,19.4));
#548 = CARTESIAN_POINT('',(0.571198395649,20.068355683175,19.4));
#549 = CARTESIAN_POINT('',(0.535881795779,20.033039083305,19.4));
#550 = CARTESIAN_POINT('',(0.5,19.997157287526,19.4));
#551 = ORIENTED_EDGE('',*,*,#449,.F.);
#552 = ORIENTED_EDGE('',*,*,#171,.F.);
#553 = ( BOUNDED_SURFACE() B_SPLINE_SURFACE(2,4,(
    (#554,#555,#556,#557,#558)
    ,(#559,#560,#561,#562,#563)
    ,(#564,#565,#566,#567,#568
)),.UNSPECIFIED.,.F.,.F.,.F.) B_SPLINE_SURFACE_WITH_KNOTS((3,3),(5,5),(
    0.,0.17076916132),(10.817143230169,10.987912391489),
.PIECEWISE_BEZIER_KNOTS.) GEOMETRIC_REPRESENTATION_ITEM() 
RATIONAL_B_SPLINE_SURFACE((
    (1.,1.,1.,1.,1.)
    ,(0.707106781187,0.707106781187,0.707106781187,0.707106781187
      ,0.707106781187)
,(1.,1.,1.,1.,1.))) REPRESENTATION_ITEM('') SURFACE() );
#554 = CARTESIAN_POINT('',(0.5,20.28,19.2));
#555 = CARTESIAN_POINT('',(0.471913250762,20.251913250763,19.2));
#556 = CARTESIAN_POINT('',(0.443820057582,20.223820057583,
    19.200657555969));
#557 = CARTESIAN_POINT('',(0.415572870383,20.195572870384,19.2019717786)
  );
#558 = CARTESIAN_POINT('',(0.386845975487,20.166845975487,
    19.204035932083));
#559 = CARTESIAN_POINT('',(0.5,20.28,19.4));
#560 = CARTESIAN_POINT('',(0.464891563453,20.244891563453,19.4));
#561 = CARTESIAN_POINT('',(0.429777039411,20.209777039412,19.4));
#562 = CARTESIAN_POINT('',(0.394460439541,20.174460439542,19.4));
#563 = CARTESIAN_POINT('',(0.358578643763,20.138578643763,19.4));
#564 = CARTESIAN_POINT('',(0.641421356237,20.138578643763,19.4));
#565 = CARTESIAN_POINT('',(0.60631291969,20.103470207216,19.4));
#566 = CARTESIAN_POINT('',(0.571198395649,20.068355683175,19.4));
#567 = CARTESIAN_POINT('',(0.535881795779,20.033039083305,19.4));
#568 = CARTESIAN_POINT('',(0.5,19.997157287526,19.4));
#569 = ADVANCED_FACE('',(#570),#581,.T.);
#570 = FACE_BOUND('',#571,.F.);
#571 = EDGE_LOOP('',(#572,#573,#579,#580));
#572 = ORIENTED_EDGE('',*,*,#509,.T.);
#573 = ORIENTED_EDGE('',*,*,#574,.T.);
#574 = EDGE_CURVE('',#500,#536,#575,.T.);
#575 = LINE('',#576,#577);
#576 = CARTESIAN_POINT('',(7.261421356237,26.758578643763,19.4));
#577 = VECTOR('',#578,1.);
#578 = DIRECTION('',(-0.707106781187,-0.707106781187,0.));
#579 = ORIENTED_EDGE('',*,*,#535,.F.);
#580 = ORIENTED_EDGE('',*,*,#181,.F.);
#581 = CYLINDRICAL_SURFACE('',#582,0.2);
#582 = AXIS2_PLACEMENT_3D('',#583,#584,#585);
#583 = CARTESIAN_POINT('',(7.261421356237,26.758578643763,19.2));
#584 = DIRECTION('',(-0.707106781187,-0.707106781187,0.));
#585 = DIRECTION('',(-0.707106781187,0.707106781187,0.));
#586 = ADVANCED_FACE('',(#587),#606,.T.);
#587 = FACE_BOUND('',#588,.F.);
#588 = EDGE_LOOP('',(#589,#597,#598,#599));
#589 = ORIENTED_EDGE('',*,*,#590,.F.);
#590 = EDGE_CURVE('',#402,#591,#593,.T.);
#591 = VERTEX_POINT('',#592);
#592 = CARTESIAN_POINT('',(11.85,26.9,19.4));
#593 = LINE('',#594,#595);
#594 = CARTESIAN_POINT('',(7.62,26.9,19.4));
#595 = VECTOR('',#596,1.);
#596 = DIRECTION('',(1.,0.,0.));
#597 = ORIENTED_EDGE('',*,*,#401,.F.);
#598 = ORIENTED_EDGE('',*,*,#275,.T.);
#599 = ORIENTED_EDGE('',*,*,#600,.F.);
#600 = EDGE_CURVE('',#591,#276,#601,.T.);
#601 = CIRCLE('',#602,0.5);
#602 = AXIS2_PLACEMENT_3D('',#603,#604,#605);
#603 = CARTESIAN_POINT('',(11.85,26.9,18.9));
#604 = DIRECTION('',(-1.,0.,0.));
#605 = DIRECTION('',(0.,0.,1.));
#606 = CYLINDRICAL_SURFACE('',#607,0.5);
#607 = AXIS2_PLACEMENT_3D('',#608,#609,#610);
#608 = CARTESIAN_POINT('',(7.62,26.9,18.9));
#609 = DIRECTION('',(1.,0.,0.));
#610 = DIRECTION('',(0.,0.,1.));
#611 = ADVANCED_FACE('',(#612),#639,.T.);
#612 = FACE_BOUND('',#613,.F.);
#613 = EDGE_LOOP('',(#614,#615,#624,#632));
#614 = ORIENTED_EDGE('',*,*,#283,.F.);
#615 = ORIENTED_EDGE('',*,*,#616,.T.);
#616 = EDGE_CURVE('',#284,#617,#619,.T.);
#617 = VERTEX_POINT('',#618);
#618 = CARTESIAN_POINT('',(12.6,26.65,0.));
#619 = CIRCLE('',#620,0.75);
#620 = AXIS2_PLACEMENT_3D('',#621,#622,#623);
#621 = CARTESIAN_POINT('',(11.85,26.65,0.));
#622 = DIRECTION('',(-0.,-0.,-1.));
#623 = DIRECTION('',(0.,-1.,0.));
#624 = ORIENTED_EDGE('',*,*,#625,.T.);
#625 = EDGE_CURVE('',#617,#626,#628,.T.);
#626 = VERTEX_POINT('',#627);
#627 = CARTESIAN_POINT('',(12.6,26.65,18.9));
#628 = LINE('',#629,#630);
#629 = CARTESIAN_POINT('',(12.6,26.65,0.));
#630 = VECTOR('',#631,1.);
#631 = DIRECTION('',(0.,0.,1.));
#632 = ORIENTED_EDGE('',*,*,#633,.F.);
#633 = EDGE_CURVE('',#276,#626,#634,.T.);
#634 = CIRCLE('',#635,0.75);
#635 = AXIS2_PLACEMENT_3D('',#636,#637,#638);
#636 = CARTESIAN_POINT('',(11.85,26.65,18.9));
#637 = DIRECTION('',(0.,0.,-1.));
#638 = DIRECTION('',(0.,1.,0.));
#639 = CYLINDRICAL_SURFACE('',#640,0.75);
#640 = AXIS2_PLACEMENT_3D('',#641,#642,#643);
#641 = CARTESIAN_POINT('',(11.85,26.65,0.));
#642 = DIRECTION('',(0.,0.,1.));
#643 = DIRECTION('',(0.,1.,0.));
#644 = ADVANCED_FACE('',(#645),#751,.F.);
#645 = FACE_BOUND('',#646,.F.);
#646 = EDGE_LOOP('',(#647,#648,#657,#665,#674,#682,#691,#699,#708,#716,
    #725,#733,#742,#748,#749,#750));
#647 = ORIENTED_EDGE('',*,*,#335,.F.);
#648 = ORIENTED_EDGE('',*,*,#649,.T.);
#649 = EDGE_CURVE('',#336,#650,#652,.T.);
#650 = VERTEX_POINT('',#651);
#651 = CARTESIAN_POINT('',(0.75,-1.110223024625E-16,0.));
#652 = CIRCLE('',#653,0.75);
#653 = AXIS2_PLACEMENT_3D('',#654,#655,#656);
#654 = CARTESIAN_POINT('',(0.75,0.75,0.));
#655 = DIRECTION('',(-0.,0.,1.));
#656 = DIRECTION('',(0.,-1.,0.));
#657 = ORIENTED_EDGE('',*,*,#658,.T.);
#658 = EDGE_CURVE('',#650,#659,#661,.T.);
#659 = VERTEX_POINT('',#660);
#660 = CARTESIAN_POINT('',(16.85,-1.110223024625E-16,0.));
#661 = LINE('',#662,#663);
#662 = CARTESIAN_POINT('',(0.,0.,0.));
#663 = VECTOR('',#664,1.);
#664 = DIRECTION('',(1.,0.,0.));
#665 = ORIENTED_EDGE('',*,*,#666,.F.);
#666 = EDGE_CURVE('',#667,#659,#669,.T.);
#667 = VERTEX_POINT('',#668);
#668 = CARTESIAN_POINT('',(17.6,0.75,0.));
#669 = CIRCLE('',#670,0.75);
#670 = AXIS2_PLACEMENT_3D('',#671,#672,#673);
#671 = CARTESIAN_POINT('',(16.85,0.75,0.));
#672 = DIRECTION('',(-0.,-0.,-1.));
#673 = DIRECTION('',(0.,-1.,0.));
#674 = ORIENTED_EDGE('',*,*,#675,.T.);
#675 = EDGE_CURVE('',#667,#676,#678,.T.);
#676 = VERTEX_POINT('',#677);
#677 = CARTESIAN_POINT('',(17.6,1.75,0.));
#678 = LINE('',#679,#680);
#679 = CARTESIAN_POINT('',(17.6,0.,0.));
#680 = VECTOR('',#681,1.);
#681 = DIRECTION('',(0.,1.,0.));
#682 = ORIENTED_EDGE('',*,*,#683,.F.);
#683 = EDGE_CURVE('',#684,#676,#686,.T.);
#684 = VERTEX_POINT('',#685);
#685 = CARTESIAN_POINT('',(18.35,2.5,0.));
#686 = CIRCLE('',#687,0.75);
#687 = AXIS2_PLACEMENT_3D('',#688,#689,#690);
#688 = CARTESIAN_POINT('',(18.35,1.75,0.));
#689 = DIRECTION('',(-0.,0.,1.));
#690 = DIRECTION('',(0.,-1.,0.));
#691 = ORIENTED_EDGE('',*,*,#692,.T.);
#692 = EDGE_CURVE('',#684,#693,#695,.T.);
#693 = VERTEX_POINT('',#694);
#694 = CARTESIAN_POINT('',(31.05,2.5,0.));
#695 = LINE('',#696,#697);
#696 = CARTESIAN_POINT('',(17.6,2.5,0.));
#697 = VECTOR('',#698,1.);
#698 = DIRECTION('',(1.,0.,0.));
#699 = ORIENTED_EDGE('',*,*,#700,.F.);
#700 = EDGE_CURVE('',#701,#693,#703,.T.);
#701 = VERTEX_POINT('',#702);
#702 = CARTESIAN_POINT('',(31.8,3.25,0.));
#703 = CIRCLE('',#704,0.75);
#704 = AXIS2_PLACEMENT_3D('',#705,#706,#707);
#705 = CARTESIAN_POINT('',(31.05,3.25,0.));
#706 = DIRECTION('',(-0.,-0.,-1.));
#707 = DIRECTION('',(0.,-1.,0.));
#708 = ORIENTED_EDGE('',*,*,#709,.T.);
#709 = EDGE_CURVE('',#701,#710,#712,.T.);
#710 = VERTEX_POINT('',#711);
#711 = CARTESIAN_POINT('',(31.8,21.35,0.));
#712 = LINE('',#713,#714);
#713 = CARTESIAN_POINT('',(31.8,2.5,0.));
#714 = VECTOR('',#715,1.);
#715 = DIRECTION('',(0.,1.,0.));
#716 = ORIENTED_EDGE('',*,*,#717,.F.);
#717 = EDGE_CURVE('',#718,#710,#720,.T.);
#718 = VERTEX_POINT('',#719);
#719 = CARTESIAN_POINT('',(31.05,22.1,0.));
#720 = CIRCLE('',#721,0.75);
#721 = AXIS2_PLACEMENT_3D('',#722,#723,#724);
#722 = CARTESIAN_POINT('',(31.05,21.35,0.));
#723 = DIRECTION('',(-0.,-0.,-1.));
#724 = DIRECTION('',(0.,-1.,0.));
#725 = ORIENTED_EDGE('',*,*,#726,.F.);
#726 = EDGE_CURVE('',#727,#718,#729,.T.);
#727 = VERTEX_POINT('',#728);
#728 = CARTESIAN_POINT('',(13.35,22.1,0.));
#729 = LINE('',#730,#731);
#730 = CARTESIAN_POINT('',(12.6,22.1,0.));
#731 = VECTOR('',#732,1.);
#732 = DIRECTION('',(1.,0.,0.));
#733 = ORIENTED_EDGE('',*,*,#734,.F.);
#734 = EDGE_CURVE('',#735,#727,#737,.T.);
#735 = VERTEX_POINT('',#736);
#736 = CARTESIAN_POINT('',(12.6,22.85,0.));
#737 = CIRCLE('',#738,0.75);
#738 = AXIS2_PLACEMENT_3D('',#739,#740,#741);
#739 = CARTESIAN_POINT('',(13.35,22.85,0.));
#740 = DIRECTION('',(-0.,0.,1.));
#741 = DIRECTION('',(0.,-1.,0.));
#742 = ORIENTED_EDGE('',*,*,#743,.F.);
#743 = EDGE_CURVE('',#617,#735,#744,.T.);
#744 = LINE('',#745,#746);
#745 = CARTESIAN_POINT('',(12.6,27.4,0.));
#746 = VECTOR('',#747,1.);
#747 = DIRECTION('',(0.,-1.,0.));
#748 = ORIENTED_EDGE('',*,*,#616,.F.);
#749 = ORIENTED_EDGE('',*,*,#291,.F.);
#750 = ORIENTED_EDGE('',*,*,#358,.F.);
#751 = PLANE('',#752);
#752 = AXIS2_PLACEMENT_3D('',#753,#754,#755);
#753 = CARTESIAN_POINT('',(14.740709459459,13.140371621622,0.));
#754 = DIRECTION('',(0.,0.,1.));
#755 = DIRECTION('',(1.,0.,0.));
#756 = ADVANCED_FACE('',(#757),#776,.T.);
#757 = FACE_BOUND('',#758,.F.);
#758 = EDGE_LOOP('',(#759,#767,#774,#775));
#759 = ORIENTED_EDGE('',*,*,#760,.F.);
#760 = EDGE_CURVE('',#761,#450,#763,.T.);
#761 = VERTEX_POINT('',#762);
#762 = CARTESIAN_POINT('',(0.5,0.75,19.4));
#763 = LINE('',#764,#765);
#764 = CARTESIAN_POINT('',(0.5,0.75,19.4));
#765 = VECTOR('',#766,1.);
#766 = DIRECTION('',(0.,1.,0.));
#767 = ORIENTED_EDGE('',*,*,#768,.T.);
#768 = EDGE_CURVE('',#761,#317,#769,.T.);
#769 = CIRCLE('',#770,0.5);
#770 = AXIS2_PLACEMENT_3D('',#771,#772,#773);
#771 = CARTESIAN_POINT('',(0.5,0.75,18.9));
#772 = DIRECTION('',(-1.608122649677E-16,-1.,-0.));
#773 = DIRECTION('',(-1.,1.608122649677E-16,0.));
#774 = ORIENTED_EDGE('',*,*,#316,.T.);
#775 = ORIENTED_EDGE('',*,*,#457,.F.);
#776 = CYLINDRICAL_SURFACE('',#777,0.5);
#777 = AXIS2_PLACEMENT_3D('',#778,#779,#780);
#778 = CARTESIAN_POINT('',(0.5,0.75,18.9));
#779 = DIRECTION('',(0.,1.,0.));
#780 = DIRECTION('',(0.,0.,1.));
#781 = ADVANCED_FACE('',(#782),#801,.T.);
#782 = FACE_BOUND('',#783,.T.);
#783 = EDGE_LOOP('',(#784,#785,#786,#794));
#784 = ORIENTED_EDGE('',*,*,#343,.F.);
#785 = ORIENTED_EDGE('',*,*,#649,.T.);
#786 = ORIENTED_EDGE('',*,*,#787,.T.);
#787 = EDGE_CURVE('',#650,#788,#790,.T.);
#788 = VERTEX_POINT('',#789);
#789 = CARTESIAN_POINT('',(0.75,-1.110223024625E-16,18.9));
#790 = LINE('',#791,#792);
#791 = CARTESIAN_POINT('',(0.75,-1.110223024625E-16,0.));
#792 = VECTOR('',#793,1.);
#793 = DIRECTION('',(0.,0.,1.));
#794 = ORIENTED_EDGE('',*,*,#795,.T.);
#795 = EDGE_CURVE('',#788,#317,#796,.T.);
#796 = CIRCLE('',#797,0.75);
#797 = AXIS2_PLACEMENT_3D('',#798,#799,#800);
#798 = CARTESIAN_POINT('',(0.75,0.75,18.9));
#799 = DIRECTION('',(-0.,0.,-1.));
#800 = DIRECTION('',(-4.440892098501E-16,-1.,0.));
#801 = CYLINDRICAL_SURFACE('',#802,0.75);
#802 = AXIS2_PLACEMENT_3D('',#803,#804,#805);
#803 = CARTESIAN_POINT('',(0.75,0.75,0.));
#804 = DIRECTION('',(0.,0.,1.));
#805 = DIRECTION('',(-1.,0.,0.));
#806 = ADVANCED_FACE('',(#807),#827,.T.);
#807 = FACE_BOUND('',#808,.T.);
#808 = EDGE_LOOP('',(#809,#818,#819,#820));
#809 = ORIENTED_EDGE('',*,*,#810,.F.);
#810 = EDGE_CURVE('',#376,#811,#813,.T.);
#811 = VERTEX_POINT('',#812);
#812 = CARTESIAN_POINT('',(3.035,24.5,19.4));
#813 = CIRCLE('',#814,0.1);
#814 = AXIS2_PLACEMENT_3D('',#815,#816,#817);
#815 = CARTESIAN_POINT('',(3.035,24.5,19.3));
#816 = DIRECTION('',(0.,-1.,0.));
#817 = DIRECTION('',(1.,0.,0.));
#818 = ORIENTED_EDGE('',*,*,#383,.T.);
#819 = ORIENTED_EDGE('',*,*,#810,.T.);
#820 = ORIENTED_EDGE('',*,*,#821,.F.);
#821 = EDGE_CURVE('',#811,#811,#822,.T.);
#822 = CIRCLE('',#823,0.535);
#823 = AXIS2_PLACEMENT_3D('',#824,#825,#826);
#824 = CARTESIAN_POINT('',(2.5,24.5,19.4));
#825 = DIRECTION('',(0.,0.,1.));
#826 = DIRECTION('',(1.,0.,0.));
#827 = TOROIDAL_SURFACE('',#828,0.535,0.1);
#828 = AXIS2_PLACEMENT_3D('',#829,#830,#831);
#829 = CARTESIAN_POINT('',(2.5,24.5,19.3));
#830 = DIRECTION('',(0.,0.,1.));
#831 = DIRECTION('',(1.,0.,0.));
#832 = ADVANCED_FACE('',(#833),#949,.T.);
#833 = FACE_BOUND('',#834,.T.);
#834 = EDGE_LOOP('',(#835,#836,#837,#838,#839,#840,#849,#857,#866,#874,
    #883,#891,#900,#908,#917,#925,#934,#942));
#835 = ORIENTED_EDGE('',*,*,#590,.F.);
#836 = ORIENTED_EDGE('',*,*,#499,.T.);
#837 = ORIENTED_EDGE('',*,*,#574,.T.);
#838 = ORIENTED_EDGE('',*,*,#544,.T.);
#839 = ORIENTED_EDGE('',*,*,#760,.F.);
#840 = ORIENTED_EDGE('',*,*,#841,.F.);
#841 = EDGE_CURVE('',#842,#761,#844,.T.);
#842 = VERTEX_POINT('',#843);
#843 = CARTESIAN_POINT('',(0.75,0.5,19.4));
#844 = CIRCLE('',#845,0.25);
#845 = AXIS2_PLACEMENT_3D('',#846,#847,#848);
#846 = CARTESIAN_POINT('',(0.75,0.75,19.4));
#847 = DIRECTION('',(-0.,0.,-1.));
#848 = DIRECTION('',(-4.440892098501E-16,-1.,0.));
#849 = ORIENTED_EDGE('',*,*,#850,.F.);
#850 = EDGE_CURVE('',#851,#842,#853,.T.);
#851 = VERTEX_POINT('',#852);
#852 = CARTESIAN_POINT('',(16.85,0.5,19.4));
#853 = LINE('',#854,#855);
#854 = CARTESIAN_POINT('',(16.85,0.5,19.4));
#855 = VECTOR('',#856,1.);
#856 = DIRECTION('',(-1.,-0.,-0.));
#857 = ORIENTED_EDGE('',*,*,#858,.F.);
#858 = EDGE_CURVE('',#859,#851,#861,.T.);
#859 = VERTEX_POINT('',#860);
#860 = CARTESIAN_POINT('',(17.1,0.75,19.4));
#861 = CIRCLE('',#862,0.25);
#862 = AXIS2_PLACEMENT_3D('',#863,#864,#865);
#863 = CARTESIAN_POINT('',(16.85,0.75,19.4));
#864 = DIRECTION('',(0.,-0.,-1.));
#865 = DIRECTION('',(1.,-1.480297366167E-16,0.));
#866 = ORIENTED_EDGE('',*,*,#867,.F.);
#867 = EDGE_CURVE('',#868,#859,#870,.T.);
#868 = VERTEX_POINT('',#869);
#869 = CARTESIAN_POINT('',(17.1,1.75,19.4));
#870 = LINE('',#871,#872);
#871 = CARTESIAN_POINT('',(17.1,1.75,19.4));
#872 = VECTOR('',#873,1.);
#873 = DIRECTION('',(-0.,-1.,-0.));
#874 = ORIENTED_EDGE('',*,*,#875,.F.);
#875 = EDGE_CURVE('',#876,#868,#878,.T.);
#876 = VERTEX_POINT('',#877);
#877 = CARTESIAN_POINT('',(18.35,3.,19.4));
#878 = CIRCLE('',#879,1.25);
#879 = AXIS2_PLACEMENT_3D('',#880,#881,#882);
#880 = CARTESIAN_POINT('',(18.35,1.75,19.4));
#881 = DIRECTION('',(0.,-0.,1.));
#882 = DIRECTION('',(0.,1.,0.));
#883 = ORIENTED_EDGE('',*,*,#884,.F.);
#884 = EDGE_CURVE('',#885,#876,#887,.T.);
#885 = VERTEX_POINT('',#886);
#886 = CARTESIAN_POINT('',(31.05,3.,19.4));
#887 = LINE('',#888,#889);
#888 = CARTESIAN_POINT('',(31.05,3.,19.4));
#889 = VECTOR('',#890,1.);
#890 = DIRECTION('',(-1.,-0.,-0.));
#891 = ORIENTED_EDGE('',*,*,#892,.F.);
#892 = EDGE_CURVE('',#893,#885,#895,.T.);
#893 = VERTEX_POINT('',#894);
#894 = CARTESIAN_POINT('',(31.3,3.25,19.4));
#895 = CIRCLE('',#896,0.25);
#896 = AXIS2_PLACEMENT_3D('',#897,#898,#899);
#897 = CARTESIAN_POINT('',(31.05,3.25,19.4));
#898 = DIRECTION('',(0.,0.,-1.));
#899 = DIRECTION('',(1.,0.,0.));
#900 = ORIENTED_EDGE('',*,*,#901,.F.);
#901 = EDGE_CURVE('',#902,#893,#904,.T.);
#902 = VERTEX_POINT('',#903);
#903 = CARTESIAN_POINT('',(31.3,21.35,19.4));
#904 = LINE('',#905,#906);
#905 = CARTESIAN_POINT('',(31.3,21.35,19.4));
#906 = VECTOR('',#907,1.);
#907 = DIRECTION('',(-0.,-1.,-0.));
#908 = ORIENTED_EDGE('',*,*,#909,.F.);
#909 = EDGE_CURVE('',#910,#902,#912,.T.);
#910 = VERTEX_POINT('',#911);
#911 = CARTESIAN_POINT('',(31.05,21.6,19.4));
#912 = CIRCLE('',#913,0.25);
#913 = AXIS2_PLACEMENT_3D('',#914,#915,#916);
#914 = CARTESIAN_POINT('',(31.05,21.35,19.4));
#915 = DIRECTION('',(0.,0.,-1.));
#916 = DIRECTION('',(0.,1.,0.));
#917 = ORIENTED_EDGE('',*,*,#918,.F.);
#918 = EDGE_CURVE('',#919,#910,#921,.T.);
#919 = VERTEX_POINT('',#920);
#920 = CARTESIAN_POINT('',(13.35,21.6,19.4));
#921 = LINE('',#922,#923);
#922 = CARTESIAN_POINT('',(13.35,21.6,19.4));
#923 = VECTOR('',#924,1.);
#924 = DIRECTION('',(1.,0.,0.));
#925 = ORIENTED_EDGE('',*,*,#926,.F.);
#926 = EDGE_CURVE('',#927,#919,#929,.T.);
#927 = VERTEX_POINT('',#928);
#928 = CARTESIAN_POINT('',(12.1,22.85,19.4));
#929 = CIRCLE('',#930,1.25);
#930 = AXIS2_PLACEMENT_3D('',#931,#932,#933);
#931 = CARTESIAN_POINT('',(13.35,22.85,19.4));
#932 = DIRECTION('',(0.,0.,1.));
#933 = DIRECTION('',(-1.,0.,0.));
#934 = ORIENTED_EDGE('',*,*,#935,.F.);
#935 = EDGE_CURVE('',#936,#927,#938,.T.);
#936 = VERTEX_POINT('',#937);
#937 = CARTESIAN_POINT('',(12.1,26.65,19.4));
#938 = LINE('',#939,#940);
#939 = CARTESIAN_POINT('',(12.1,26.65,19.4));
#940 = VECTOR('',#941,1.);
#941 = DIRECTION('',(0.,-1.,0.));
#942 = ORIENTED_EDGE('',*,*,#943,.F.);
#943 = EDGE_CURVE('',#591,#936,#944,.T.);
#944 = CIRCLE('',#945,0.25);
#945 = AXIS2_PLACEMENT_3D('',#946,#947,#948);
#946 = CARTESIAN_POINT('',(11.85,26.65,19.4));
#947 = DIRECTION('',(0.,0.,-1.));
#948 = DIRECTION('',(0.,1.,0.));
#949 = PLANE('',#950);
#950 = AXIS2_PLACEMENT_3D('',#951,#952,#953);
#951 = CARTESIAN_POINT('',(14.740709459459,13.140371621622,19.4));
#952 = DIRECTION('',(0.,0.,1.));
#953 = DIRECTION('',(1.,0.,0.));
#954 = ADVANCED_FACE('',(#955),#967,.T.);
#955 = FACE_BOUND('',#956,.T.);
#956 = EDGE_LOOP('',(#957,#958,#959,#966));
#957 = ORIENTED_EDGE('',*,*,#600,.F.);
#958 = ORIENTED_EDGE('',*,*,#943,.T.);
#959 = ORIENTED_EDGE('',*,*,#960,.T.);
#960 = EDGE_CURVE('',#936,#626,#961,.T.);
#961 = CIRCLE('',#962,0.5);
#962 = AXIS2_PLACEMENT_3D('',#963,#964,#965);
#963 = CARTESIAN_POINT('',(12.1,26.65,18.9));
#964 = DIRECTION('',(-6.123233995737E-17,1.,0.));
#965 = DIRECTION('',(1.,6.123233995737E-17,0.));
#966 = ORIENTED_EDGE('',*,*,#633,.F.);
#967 = SURFACE_OF_REVOLUTION('',#968,#976);
#968 = B_SPLINE_CURVE_WITH_KNOTS('',6,(#969,#970,#971,#972,#973,#974,
    #975),.UNSPECIFIED.,.F.,.F.,(7,7),(4.712388980385,6.28318530718),
  .PIECEWISE_BEZIER_KNOTS.);
#969 = CARTESIAN_POINT('',(11.85,26.9,19.4));
#970 = CARTESIAN_POINT('',(11.85,27.0308996939,19.4));
#971 = CARTESIAN_POINT('',(11.85,27.161788250353,19.35888615699));
#972 = CARTESIAN_POINT('',(11.85,27.27659507482,19.27659507482));
#973 = CARTESIAN_POINT('',(11.85,27.35888615699,19.161788250353));
#974 = CARTESIAN_POINT('',(11.85,27.4,19.0308996939));
#975 = CARTESIAN_POINT('',(11.85,27.4,18.9));
#976 = AXIS1_PLACEMENT('',#977,#978);
#977 = CARTESIAN_POINT('',(11.85,26.65,18.9));
#978 = DIRECTION('',(-0.,-0.,-1.));
#979 = ADVANCED_FACE('',(#980),#998,.T.);
#980 = FACE_BOUND('',#981,.T.);
#981 = EDGE_LOOP('',(#982,#983,#991,#997));
#982 = ORIENTED_EDGE('',*,*,#625,.T.);
#983 = ORIENTED_EDGE('',*,*,#984,.T.);
#984 = EDGE_CURVE('',#626,#985,#987,.T.);
#985 = VERTEX_POINT('',#986);
#986 = CARTESIAN_POINT('',(12.6,22.85,18.9));
#987 = LINE('',#988,#989);
#988 = CARTESIAN_POINT('',(12.6,26.65,18.9));
#989 = VECTOR('',#990,1.);
#990 = DIRECTION('',(0.,-1.,0.));
#991 = ORIENTED_EDGE('',*,*,#992,.F.);
#992 = EDGE_CURVE('',#735,#985,#993,.T.);
#993 = LINE('',#994,#995);
#994 = CARTESIAN_POINT('',(12.6,22.85,0.));
#995 = VECTOR('',#996,1.);
#996 = DIRECTION('',(0.,0.,1.));
#997 = ORIENTED_EDGE('',*,*,#743,.F.);
#998 = PLANE('',#999);
#999 = AXIS2_PLACEMENT_3D('',#1000,#1001,#1002);
#1000 = CARTESIAN_POINT('',(12.6,27.4,0.));
#1001 = DIRECTION('',(1.,0.,0.));
#1002 = DIRECTION('',(0.,-1.,0.));
#1003 = ADVANCED_FACE('',(#1004),#1022,.F.);
#1004 = FACE_BOUND('',#1005,.F.);
#1005 = EDGE_LOOP('',(#1006,#1007,#1015,#1021));
#1006 = ORIENTED_EDGE('',*,*,#787,.T.);
#1007 = ORIENTED_EDGE('',*,*,#1008,.F.);
#1008 = EDGE_CURVE('',#1009,#788,#1011,.T.);
#1009 = VERTEX_POINT('',#1010);
#1010 = CARTESIAN_POINT('',(16.85,0.,18.9));
#1011 = LINE('',#1012,#1013);
#1012 = CARTESIAN_POINT('',(16.85,-1.110223024625E-16,18.9));
#1013 = VECTOR('',#1014,1.);
#1014 = DIRECTION('',(-1.,-0.,-0.));
#1015 = ORIENTED_EDGE('',*,*,#1016,.F.);
#1016 = EDGE_CURVE('',#659,#1009,#1017,.T.);
#1017 = LINE('',#1018,#1019);
#1018 = CARTESIAN_POINT('',(16.85,-1.110223024625E-16,0.));
#1019 = VECTOR('',#1020,1.);
#1020 = DIRECTION('',(0.,0.,1.));
#1021 = ORIENTED_EDGE('',*,*,#658,.F.);
#1022 = PLANE('',#1023);
#1023 = AXIS2_PLACEMENT_3D('',#1024,#1025,#1026);
#1024 = CARTESIAN_POINT('',(0.,0.,0.));
#1025 = DIRECTION('',(0.,1.,0.));
#1026 = DIRECTION('',(1.,0.,0.));
#1027 = ADVANCED_FACE('',(#1028),#1047,.T.);
#1028 = FACE_BOUND('',#1029,.F.);
#1029 = EDGE_LOOP('',(#1030,#1038,#1039,#1040));
#1030 = ORIENTED_EDGE('',*,*,#1031,.F.);
#1031 = EDGE_CURVE('',#667,#1032,#1034,.T.);
#1032 = VERTEX_POINT('',#1033);
#1033 = CARTESIAN_POINT('',(17.6,0.75,18.9));
#1034 = LINE('',#1035,#1036);
#1035 = CARTESIAN_POINT('',(17.6,0.75,0.));
#1036 = VECTOR('',#1037,1.);
#1037 = DIRECTION('',(0.,0.,1.));
#1038 = ORIENTED_EDGE('',*,*,#666,.T.);
#1039 = ORIENTED_EDGE('',*,*,#1016,.T.);
#1040 = ORIENTED_EDGE('',*,*,#1041,.F.);
#1041 = EDGE_CURVE('',#1032,#1009,#1042,.T.);
#1042 = CIRCLE('',#1043,0.75);
#1043 = AXIS2_PLACEMENT_3D('',#1044,#1045,#1046);
#1044 = CARTESIAN_POINT('',(16.85,0.75,18.9));
#1045 = DIRECTION('',(0.,-0.,-1.));
#1046 = DIRECTION('',(1.,-1.480297366167E-16,0.));
#1047 = CYLINDRICAL_SURFACE('',#1048,0.75);
#1048 = AXIS2_PLACEMENT_3D('',#1049,#1050,#1051);
#1049 = CARTESIAN_POINT('',(16.85,0.75,0.));
#1050 = DIRECTION('',(0.,0.,1.));
#1051 = DIRECTION('',(1.,0.,0.));
#1052 = ADVANCED_FACE('',(#1053),#1071,.F.);
#1053 = FACE_BOUND('',#1054,.F.);
#1054 = EDGE_LOOP('',(#1055,#1056,#1064,#1070));
#1055 = ORIENTED_EDGE('',*,*,#1031,.T.);
#1056 = ORIENTED_EDGE('',*,*,#1057,.F.);
#1057 = EDGE_CURVE('',#1058,#1032,#1060,.T.);
#1058 = VERTEX_POINT('',#1059);
#1059 = CARTESIAN_POINT('',(17.6,1.75,18.9));
#1060 = LINE('',#1061,#1062);
#1061 = CARTESIAN_POINT('',(17.6,1.75,18.9));
#1062 = VECTOR('',#1063,1.);
#1063 = DIRECTION('',(-0.,-1.,-0.));
#1064 = ORIENTED_EDGE('',*,*,#1065,.F.);
#1065 = EDGE_CURVE('',#676,#1058,#1066,.T.);
#1066 = LINE('',#1067,#1068);
#1067 = CARTESIAN_POINT('',(17.6,1.75,0.));
#1068 = VECTOR('',#1069,1.);
#1069 = DIRECTION('',(0.,0.,1.));
#1070 = ORIENTED_EDGE('',*,*,#675,.F.);
#1071 = PLANE('',#1072);
#1072 = AXIS2_PLACEMENT_3D('',#1073,#1074,#1075);
#1073 = CARTESIAN_POINT('',(17.6,0.,0.));
#1074 = DIRECTION('',(-1.,0.,0.));
#1075 = DIRECTION('',(0.,1.,0.));
#1076 = ADVANCED_FACE('',(#1077),#1096,.F.);
#1077 = FACE_BOUND('',#1078,.F.);
#1078 = EDGE_LOOP('',(#1079,#1087,#1088,#1089));
#1079 = ORIENTED_EDGE('',*,*,#1080,.F.);
#1080 = EDGE_CURVE('',#684,#1081,#1083,.T.);
#1081 = VERTEX_POINT('',#1082);
#1082 = CARTESIAN_POINT('',(18.35,2.5,18.9));
#1083 = LINE('',#1084,#1085);
#1084 = CARTESIAN_POINT('',(18.35,2.5,0.));
#1085 = VECTOR('',#1086,1.);
#1086 = DIRECTION('',(0.,0.,1.));
#1087 = ORIENTED_EDGE('',*,*,#683,.T.);
#1088 = ORIENTED_EDGE('',*,*,#1065,.T.);
#1089 = ORIENTED_EDGE('',*,*,#1090,.F.);
#1090 = EDGE_CURVE('',#1081,#1058,#1091,.T.);
#1091 = CIRCLE('',#1092,0.75);
#1092 = AXIS2_PLACEMENT_3D('',#1093,#1094,#1095);
#1093 = CARTESIAN_POINT('',(18.35,1.75,18.9));
#1094 = DIRECTION('',(0.,-0.,1.));
#1095 = DIRECTION('',(0.,1.,0.));
#1096 = CYLINDRICAL_SURFACE('',#1097,0.75);
#1097 = AXIS2_PLACEMENT_3D('',#1098,#1099,#1100);
#1098 = CARTESIAN_POINT('',(18.35,1.75,0.));
#1099 = DIRECTION('',(0.,0.,1.));
#1100 = DIRECTION('',(0.,1.,0.));
#1101 = ADVANCED_FACE('',(#1102),#1121,.F.);
#1102 = FACE_BOUND('',#1103,.F.);
#1103 = EDGE_LOOP('',(#1104,#1105,#1106,#1114));
#1104 = ORIENTED_EDGE('',*,*,#992,.F.);
#1105 = ORIENTED_EDGE('',*,*,#734,.T.);
#1106 = ORIENTED_EDGE('',*,*,#1107,.T.);
#1107 = EDGE_CURVE('',#727,#1108,#1110,.T.);
#1108 = VERTEX_POINT('',#1109);
#1109 = CARTESIAN_POINT('',(13.35,22.1,18.9));
#1110 = LINE('',#1111,#1112);
#1111 = CARTESIAN_POINT('',(13.35,22.1,0.));
#1112 = VECTOR('',#1113,1.);
#1113 = DIRECTION('',(0.,0.,1.));
#1114 = ORIENTED_EDGE('',*,*,#1115,.F.);
#1115 = EDGE_CURVE('',#985,#1108,#1116,.T.);
#1116 = CIRCLE('',#1117,0.75);
#1117 = AXIS2_PLACEMENT_3D('',#1118,#1119,#1120);
#1118 = CARTESIAN_POINT('',(13.35,22.85,18.9));
#1119 = DIRECTION('',(0.,0.,1.));
#1120 = DIRECTION('',(-1.,0.,0.));
#1121 = CYLINDRICAL_SURFACE('',#1122,0.75);
#1122 = AXIS2_PLACEMENT_3D('',#1123,#1124,#1125);
#1123 = CARTESIAN_POINT('',(13.35,22.85,0.));
#1124 = DIRECTION('',(0.,0.,1.));
#1125 = DIRECTION('',(-1.,0.,0.));
#1126 = ADVANCED_FACE('',(#1127),#1145,.F.);
#1127 = FACE_BOUND('',#1128,.F.);
#1128 = EDGE_LOOP('',(#1129,#1130,#1138,#1144));
#1129 = ORIENTED_EDGE('',*,*,#1080,.T.);
#1130 = ORIENTED_EDGE('',*,*,#1131,.F.);
#1131 = EDGE_CURVE('',#1132,#1081,#1134,.T.);
#1132 = VERTEX_POINT('',#1133);
#1133 = CARTESIAN_POINT('',(31.05,2.5,18.9));
#1134 = LINE('',#1135,#1136);
#1135 = CARTESIAN_POINT('',(31.05,2.5,18.9));
#1136 = VECTOR('',#1137,1.);
#1137 = DIRECTION('',(-1.,-0.,-0.));
#1138 = ORIENTED_EDGE('',*,*,#1139,.F.);
#1139 = EDGE_CURVE('',#693,#1132,#1140,.T.);
#1140 = LINE('',#1141,#1142);
#1141 = CARTESIAN_POINT('',(31.05,2.5,0.));
#1142 = VECTOR('',#1143,1.);
#1143 = DIRECTION('',(0.,0.,1.));
#1144 = ORIENTED_EDGE('',*,*,#692,.F.);
#1145 = PLANE('',#1146);
#1146 = AXIS2_PLACEMENT_3D('',#1147,#1148,#1149);
#1147 = CARTESIAN_POINT('',(17.6,2.5,0.));
#1148 = DIRECTION('',(0.,1.,0.));
#1149 = DIRECTION('',(1.,0.,0.));
#1150 = ADVANCED_FACE('',(#1151),#1169,.T.);
#1151 = FACE_BOUND('',#1152,.T.);
#1152 = EDGE_LOOP('',(#1153,#1154,#1162,#1168));
#1153 = ORIENTED_EDGE('',*,*,#1107,.T.);
#1154 = ORIENTED_EDGE('',*,*,#1155,.T.);
#1155 = EDGE_CURVE('',#1108,#1156,#1158,.T.);
#1156 = VERTEX_POINT('',#1157);
#1157 = CARTESIAN_POINT('',(31.05,22.1,18.9));
#1158 = LINE('',#1159,#1160);
#1159 = CARTESIAN_POINT('',(13.35,22.1,18.9));
#1160 = VECTOR('',#1161,1.);
#1161 = DIRECTION('',(1.,0.,0.));
#1162 = ORIENTED_EDGE('',*,*,#1163,.F.);
#1163 = EDGE_CURVE('',#718,#1156,#1164,.T.);
#1164 = LINE('',#1165,#1166);
#1165 = CARTESIAN_POINT('',(31.05,22.1,0.));
#1166 = VECTOR('',#1167,1.);
#1167 = DIRECTION('',(0.,0.,1.));
#1168 = ORIENTED_EDGE('',*,*,#726,.F.);
#1169 = PLANE('',#1170);
#1170 = AXIS2_PLACEMENT_3D('',#1171,#1172,#1173);
#1171 = CARTESIAN_POINT('',(12.6,22.1,0.));
#1172 = DIRECTION('',(0.,1.,0.));
#1173 = DIRECTION('',(1.,0.,0.));
#1174 = ADVANCED_FACE('',(#1175),#1194,.T.);
#1175 = FACE_BOUND('',#1176,.F.);
#1176 = EDGE_LOOP('',(#1177,#1185,#1186,#1187));
#1177 = ORIENTED_EDGE('',*,*,#1178,.F.);
#1178 = EDGE_CURVE('',#701,#1179,#1181,.T.);
#1179 = VERTEX_POINT('',#1180);
#1180 = CARTESIAN_POINT('',(31.8,3.25,18.9));
#1181 = LINE('',#1182,#1183);
#1182 = CARTESIAN_POINT('',(31.8,3.25,0.));
#1183 = VECTOR('',#1184,1.);
#1184 = DIRECTION('',(0.,0.,1.));
#1185 = ORIENTED_EDGE('',*,*,#700,.T.);
#1186 = ORIENTED_EDGE('',*,*,#1139,.T.);
#1187 = ORIENTED_EDGE('',*,*,#1188,.F.);
#1188 = EDGE_CURVE('',#1179,#1132,#1189,.T.);
#1189 = CIRCLE('',#1190,0.75);
#1190 = AXIS2_PLACEMENT_3D('',#1191,#1192,#1193);
#1191 = CARTESIAN_POINT('',(31.05,3.25,18.9));
#1192 = DIRECTION('',(0.,0.,-1.));
#1193 = DIRECTION('',(1.,0.,0.));
#1194 = CYLINDRICAL_SURFACE('',#1195,0.75);
#1195 = AXIS2_PLACEMENT_3D('',#1196,#1197,#1198);
#1196 = CARTESIAN_POINT('',(31.05,3.25,0.));
#1197 = DIRECTION('',(0.,0.,1.));
#1198 = DIRECTION('',(1.,0.,0.));
#1199 = ADVANCED_FACE('',(#1200),#1219,.T.);
#1200 = FACE_BOUND('',#1201,.F.);
#1201 = EDGE_LOOP('',(#1202,#1203,#1204,#1212));
#1202 = ORIENTED_EDGE('',*,*,#1163,.F.);
#1203 = ORIENTED_EDGE('',*,*,#717,.T.);
#1204 = ORIENTED_EDGE('',*,*,#1205,.T.);
#1205 = EDGE_CURVE('',#710,#1206,#1208,.T.);
#1206 = VERTEX_POINT('',#1207);
#1207 = CARTESIAN_POINT('',(31.8,21.35,18.9));
#1208 = LINE('',#1209,#1210);
#1209 = CARTESIAN_POINT('',(31.8,21.35,0.));
#1210 = VECTOR('',#1211,1.);
#1211 = DIRECTION('',(0.,0.,1.));
#1212 = ORIENTED_EDGE('',*,*,#1213,.F.);
#1213 = EDGE_CURVE('',#1156,#1206,#1214,.T.);
#1214 = CIRCLE('',#1215,0.75);
#1215 = AXIS2_PLACEMENT_3D('',#1216,#1217,#1218);
#1216 = CARTESIAN_POINT('',(31.05,21.35,18.9));
#1217 = DIRECTION('',(0.,0.,-1.));
#1218 = DIRECTION('',(0.,1.,0.));
#1219 = CYLINDRICAL_SURFACE('',#1220,0.75);
#1220 = AXIS2_PLACEMENT_3D('',#1221,#1222,#1223);
#1221 = CARTESIAN_POINT('',(31.05,21.35,0.));
#1222 = DIRECTION('',(0.,0.,1.));
#1223 = DIRECTION('',(0.,1.,0.));
#1224 = ADVANCED_FACE('',(#1225),#1236,.F.);
#1225 = FACE_BOUND('',#1226,.F.);
#1226 = EDGE_LOOP('',(#1227,#1228,#1234,#1235));
#1227 = ORIENTED_EDGE('',*,*,#1178,.T.);
#1228 = ORIENTED_EDGE('',*,*,#1229,.F.);
#1229 = EDGE_CURVE('',#1206,#1179,#1230,.T.);
#1230 = LINE('',#1231,#1232);
#1231 = CARTESIAN_POINT('',(31.8,21.35,18.9));
#1232 = VECTOR('',#1233,1.);
#1233 = DIRECTION('',(-0.,-1.,-0.));
#1234 = ORIENTED_EDGE('',*,*,#1205,.F.);
#1235 = ORIENTED_EDGE('',*,*,#709,.F.);
#1236 = PLANE('',#1237);
#1237 = AXIS2_PLACEMENT_3D('',#1238,#1239,#1240);
#1238 = CARTESIAN_POINT('',(31.8,2.5,0.));
#1239 = DIRECTION('',(-1.,0.,0.));
#1240 = DIRECTION('',(0.,1.,0.));
#1241 = ADVANCED_FACE('',(#1242),#1254,.T.);
#1242 = FACE_BOUND('',#1243,.T.);
#1243 = EDGE_LOOP('',(#1244,#1251,#1252,#1253));
#1244 = ORIENTED_EDGE('',*,*,#1245,.F.);
#1245 = EDGE_CURVE('',#842,#788,#1246,.T.);
#1246 = CIRCLE('',#1247,0.5);
#1247 = AXIS2_PLACEMENT_3D('',#1248,#1249,#1250);
#1248 = CARTESIAN_POINT('',(0.75,0.5,18.9));
#1249 = DIRECTION('',(1.,0.,-0.));
#1250 = DIRECTION('',(0.,0.,1.));
#1251 = ORIENTED_EDGE('',*,*,#841,.T.);
#1252 = ORIENTED_EDGE('',*,*,#768,.T.);
#1253 = ORIENTED_EDGE('',*,*,#795,.F.);
#1254 = SURFACE_OF_REVOLUTION('',#1255,#1263);
#1255 = B_SPLINE_CURVE_WITH_KNOTS('',6,(#1256,#1257,#1258,#1259,#1260,
    #1261,#1262),.UNSPECIFIED.,.F.,.F.,(7,7),(4.712388980385,
    6.28318530718),.PIECEWISE_BEZIER_KNOTS.);
#1256 = CARTESIAN_POINT('',(0.75,0.5,19.4));
#1257 = CARTESIAN_POINT('',(0.75,0.3691003061,19.4));
#1258 = CARTESIAN_POINT('',(0.75,0.238211749647,19.35888615699));
#1259 = CARTESIAN_POINT('',(0.75,0.12340492518,19.27659507482));
#1260 = CARTESIAN_POINT('',(0.75,4.111384301014E-02,19.161788250353));
#1261 = CARTESIAN_POINT('',(0.75,6.76542155631E-17,19.0308996939));
#1262 = CARTESIAN_POINT('',(0.75,0.,18.9));
#1263 = AXIS1_PLACEMENT('',#1264,#1265);
#1264 = CARTESIAN_POINT('',(0.75,0.75,18.9));
#1265 = DIRECTION('',(-0.,-0.,-1.));
#1266 = ADVANCED_FACE('',(#1267),#1270,.T.);
#1267 = FACE_BOUND('',#1268,.T.);
#1268 = EDGE_LOOP('',(#1269));
#1269 = ORIENTED_EDGE('',*,*,#821,.T.);
#1270 = PLANE('',#1271);
#1271 = AXIS2_PLACEMENT_3D('',#1272,#1273,#1274);
#1272 = CARTESIAN_POINT('',(2.5,24.5,19.4));
#1273 = DIRECTION('',(0.,0.,1.));
#1274 = DIRECTION('',(1.,0.,0.));
#1275 = ADVANCED_FACE('',(#1276),#1288,.T.);
#1276 = FACE_BOUND('',#1277,.F.);
#1277 = EDGE_LOOP('',(#1278,#1279,#1280,#1287));
#1278 = ORIENTED_EDGE('',*,*,#960,.T.);
#1279 = ORIENTED_EDGE('',*,*,#984,.T.);
#1280 = ORIENTED_EDGE('',*,*,#1281,.F.);
#1281 = EDGE_CURVE('',#927,#985,#1282,.T.);
#1282 = CIRCLE('',#1283,0.5);
#1283 = AXIS2_PLACEMENT_3D('',#1284,#1285,#1286);
#1284 = CARTESIAN_POINT('',(12.1,22.85,18.9));
#1285 = DIRECTION('',(0.,1.,0.));
#1286 = DIRECTION('',(0.,0.,1.));
#1287 = ORIENTED_EDGE('',*,*,#935,.F.);
#1288 = CYLINDRICAL_SURFACE('',#1289,0.5);
#1289 = AXIS2_PLACEMENT_3D('',#1290,#1291,#1292);
#1290 = CARTESIAN_POINT('',(12.1,26.65,18.9));
#1291 = DIRECTION('',(0.,-1.,0.));
#1292 = DIRECTION('',(0.,0.,1.));
#1293 = ADVANCED_FACE('',(#1294),#1306,.T.);
#1294 = FACE_BOUND('',#1295,.T.);
#1295 = EDGE_LOOP('',(#1296,#1297,#1298,#1305));
#1296 = ORIENTED_EDGE('',*,*,#1281,.F.);
#1297 = ORIENTED_EDGE('',*,*,#926,.T.);
#1298 = ORIENTED_EDGE('',*,*,#1299,.T.);
#1299 = EDGE_CURVE('',#919,#1108,#1300,.T.);
#1300 = CIRCLE('',#1301,0.5);
#1301 = AXIS2_PLACEMENT_3D('',#1302,#1303,#1304);
#1302 = CARTESIAN_POINT('',(13.35,21.6,18.9));
#1303 = DIRECTION('',(-1.,6.123233995737E-17,0.));
#1304 = DIRECTION('',(-6.123233995737E-17,-1.,0.));
#1305 = ORIENTED_EDGE('',*,*,#1115,.F.);
#1306 = TOROIDAL_SURFACE('',#1307,1.25,0.5);
#1307 = AXIS2_PLACEMENT_3D('',#1308,#1309,#1310);
#1308 = CARTESIAN_POINT('',(13.35,22.85,18.9));
#1309 = DIRECTION('',(0.,0.,1.));
#1310 = DIRECTION('',(-1.,0.,0.));
#1311 = ADVANCED_FACE('',(#1312),#1324,.T.);
#1312 = FACE_BOUND('',#1313,.F.);
#1313 = EDGE_LOOP('',(#1314,#1315,#1316,#1323));
#1314 = ORIENTED_EDGE('',*,*,#1299,.T.);
#1315 = ORIENTED_EDGE('',*,*,#1155,.T.);
#1316 = ORIENTED_EDGE('',*,*,#1317,.F.);
#1317 = EDGE_CURVE('',#910,#1156,#1318,.T.);
#1318 = CIRCLE('',#1319,0.5);
#1319 = AXIS2_PLACEMENT_3D('',#1320,#1321,#1322);
#1320 = CARTESIAN_POINT('',(31.05,21.6,18.9));
#1321 = DIRECTION('',(-1.,0.,0.));
#1322 = DIRECTION('',(0.,0.,1.));
#1323 = ORIENTED_EDGE('',*,*,#918,.F.);
#1324 = CYLINDRICAL_SURFACE('',#1325,0.5);
#1325 = AXIS2_PLACEMENT_3D('',#1326,#1327,#1328);
#1326 = CARTESIAN_POINT('',(13.35,21.6,18.9));
#1327 = DIRECTION('',(1.,0.,0.));
#1328 = DIRECTION('',(0.,0.,1.));
#1329 = ADVANCED_FACE('',(#1330),#1342,.T.);
#1330 = FACE_BOUND('',#1331,.T.);
#1331 = EDGE_LOOP('',(#1332,#1333,#1334,#1341));
#1332 = ORIENTED_EDGE('',*,*,#1317,.F.);
#1333 = ORIENTED_EDGE('',*,*,#909,.T.);
#1334 = ORIENTED_EDGE('',*,*,#1335,.T.);
#1335 = EDGE_CURVE('',#902,#1206,#1336,.T.);
#1336 = CIRCLE('',#1337,0.5);
#1337 = AXIS2_PLACEMENT_3D('',#1338,#1339,#1340);
#1338 = CARTESIAN_POINT('',(31.3,21.35,18.9));
#1339 = DIRECTION('',(-6.123233995737E-17,1.,0.));
#1340 = DIRECTION('',(1.,6.123233995737E-17,0.));
#1341 = ORIENTED_EDGE('',*,*,#1213,.F.);
#1342 = SURFACE_OF_REVOLUTION('',#1343,#1351);
#1343 = B_SPLINE_CURVE_WITH_KNOTS('',6,(#1344,#1345,#1346,#1347,#1348,
    #1349,#1350),.UNSPECIFIED.,.F.,.F.,(7,7),(4.712388980385,
    6.28318530718),.PIECEWISE_BEZIER_KNOTS.);
#1344 = CARTESIAN_POINT('',(31.05,21.6,19.4));
#1345 = CARTESIAN_POINT('',(31.05,21.7308996939,19.4));
#1346 = CARTESIAN_POINT('',(31.05,21.861788250353,19.35888615699));
#1347 = CARTESIAN_POINT('',(31.05,21.97659507482,19.27659507482));
#1348 = CARTESIAN_POINT('',(31.05,22.05888615699,19.161788250353));
#1349 = CARTESIAN_POINT('',(31.05,22.1,19.0308996939));
#1350 = CARTESIAN_POINT('',(31.05,22.1,18.9));
#1351 = AXIS1_PLACEMENT('',#1352,#1353);
#1352 = CARTESIAN_POINT('',(31.05,21.35,18.9));
#1353 = DIRECTION('',(-0.,-0.,-1.));
#1354 = ADVANCED_FACE('',(#1355),#1367,.T.);
#1355 = FACE_BOUND('',#1356,.F.);
#1356 = EDGE_LOOP('',(#1357,#1364,#1365,#1366));
#1357 = ORIENTED_EDGE('',*,*,#1358,.T.);
#1358 = EDGE_CURVE('',#851,#1009,#1359,.T.);
#1359 = CIRCLE('',#1360,0.5);
#1360 = AXIS2_PLACEMENT_3D('',#1361,#1362,#1363);
#1361 = CARTESIAN_POINT('',(16.85,0.5,18.9));
#1362 = DIRECTION('',(1.,-8.679739665932E-17,0.));
#1363 = DIRECTION('',(-8.679739665932E-17,-1.,0.));
#1364 = ORIENTED_EDGE('',*,*,#1008,.T.);
#1365 = ORIENTED_EDGE('',*,*,#1245,.F.);
#1366 = ORIENTED_EDGE('',*,*,#850,.F.);
#1367 = CYLINDRICAL_SURFACE('',#1368,0.5);
#1368 = AXIS2_PLACEMENT_3D('',#1369,#1370,#1371);
#1369 = CARTESIAN_POINT('',(16.85,0.5,18.9));
#1370 = DIRECTION('',(-1.,-0.,-0.));
#1371 = DIRECTION('',(0.,0.,1.));
#1372 = ADVANCED_FACE('',(#1373),#1385,.T.);
#1373 = FACE_BOUND('',#1374,.F.);
#1374 = EDGE_LOOP('',(#1375,#1376,#1377,#1384));
#1375 = ORIENTED_EDGE('',*,*,#1335,.T.);
#1376 = ORIENTED_EDGE('',*,*,#1229,.T.);
#1377 = ORIENTED_EDGE('',*,*,#1378,.F.);
#1378 = EDGE_CURVE('',#893,#1179,#1379,.T.);
#1379 = CIRCLE('',#1380,0.5);
#1380 = AXIS2_PLACEMENT_3D('',#1381,#1382,#1383);
#1381 = CARTESIAN_POINT('',(31.3,3.25,18.9));
#1382 = DIRECTION('',(0.,1.,0.));
#1383 = DIRECTION('',(0.,0.,1.));
#1384 = ORIENTED_EDGE('',*,*,#901,.F.);
#1385 = CYLINDRICAL_SURFACE('',#1386,0.5);
#1386 = AXIS2_PLACEMENT_3D('',#1387,#1388,#1389);
#1387 = CARTESIAN_POINT('',(31.3,21.35,18.9));
#1388 = DIRECTION('',(-0.,-1.,-0.));
#1389 = DIRECTION('',(0.,0.,1.));
#1390 = ADVANCED_FACE('',(#1391),#1403,.T.);
#1391 = FACE_BOUND('',#1392,.T.);
#1392 = EDGE_LOOP('',(#1393,#1400,#1401,#1402));
#1393 = ORIENTED_EDGE('',*,*,#1394,.F.);
#1394 = EDGE_CURVE('',#859,#1032,#1395,.T.);
#1395 = CIRCLE('',#1396,0.5);
#1396 = AXIS2_PLACEMENT_3D('',#1397,#1398,#1399);
#1397 = CARTESIAN_POINT('',(17.1,0.75,18.9));
#1398 = DIRECTION('',(0.,1.,0.));
#1399 = DIRECTION('',(0.,0.,1.));
#1400 = ORIENTED_EDGE('',*,*,#858,.T.);
#1401 = ORIENTED_EDGE('',*,*,#1358,.T.);
#1402 = ORIENTED_EDGE('',*,*,#1041,.F.);
#1403 = SURFACE_OF_REVOLUTION('',#1404,#1412);
#1404 = B_SPLINE_CURVE_WITH_KNOTS('',6,(#1405,#1406,#1407,#1408,#1409,
    #1410,#1411),.UNSPECIFIED.,.F.,.F.,(7,7),(4.712388980385,
    6.28318530718),.PIECEWISE_BEZIER_KNOTS.);
#1405 = CARTESIAN_POINT('',(17.1,0.75,19.4));
#1406 = CARTESIAN_POINT('',(17.2308996939,0.75,19.4));
#1407 = CARTESIAN_POINT('',(17.361788250353,0.75,19.35888615699));
#1408 = CARTESIAN_POINT('',(17.47659507482,0.75,19.27659507482));
#1409 = CARTESIAN_POINT('',(17.55888615699,0.75,19.161788250353));
#1410 = CARTESIAN_POINT('',(17.6,0.75,19.0308996939));
#1411 = CARTESIAN_POINT('',(17.6,0.75,18.9));
#1412 = AXIS1_PLACEMENT('',#1413,#1414);
#1413 = CARTESIAN_POINT('',(16.85,0.75,18.9));
#1414 = DIRECTION('',(-0.,-0.,-1.));
#1415 = ADVANCED_FACE('',(#1416),#1428,.T.);
#1416 = FACE_BOUND('',#1417,.T.);
#1417 = EDGE_LOOP('',(#1418,#1419,#1420,#1427));
#1418 = ORIENTED_EDGE('',*,*,#1378,.F.);
#1419 = ORIENTED_EDGE('',*,*,#892,.T.);
#1420 = ORIENTED_EDGE('',*,*,#1421,.T.);
#1421 = EDGE_CURVE('',#885,#1132,#1422,.T.);
#1422 = CIRCLE('',#1423,0.5);
#1423 = AXIS2_PLACEMENT_3D('',#1424,#1425,#1426);
#1424 = CARTESIAN_POINT('',(31.05,3.,18.9));
#1425 = DIRECTION('',(1.,6.123233995737E-17,0.));
#1426 = DIRECTION('',(6.123233995737E-17,-1.,0.));
#1427 = ORIENTED_EDGE('',*,*,#1188,.F.);
#1428 = SURFACE_OF_REVOLUTION('',#1429,#1437);
#1429 = B_SPLINE_CURVE_WITH_KNOTS('',6,(#1430,#1431,#1432,#1433,#1434,
    #1435,#1436),.UNSPECIFIED.,.F.,.F.,(7,7),(4.712388980385,
    6.28318530718),.PIECEWISE_BEZIER_KNOTS.);
#1430 = CARTESIAN_POINT('',(31.3,3.25,19.4));
#1431 = CARTESIAN_POINT('',(31.4308996939,3.25,19.4));
#1432 = CARTESIAN_POINT('',(31.561788250353,3.25,19.35888615699));
#1433 = CARTESIAN_POINT('',(31.67659507482,3.25,19.27659507482));
#1434 = CARTESIAN_POINT('',(31.75888615699,3.25,19.161788250353));
#1435 = CARTESIAN_POINT('',(31.8,3.25,19.0308996939));
#1436 = CARTESIAN_POINT('',(31.8,3.25,18.9));
#1437 = AXIS1_PLACEMENT('',#1438,#1439);
#1438 = CARTESIAN_POINT('',(31.05,3.25,18.9));
#1439 = DIRECTION('',(-0.,-0.,-1.));
#1440 = ADVANCED_FACE('',(#1441),#1453,.T.);
#1441 = FACE_BOUND('',#1442,.F.);
#1442 = EDGE_LOOP('',(#1443,#1450,#1451,#1452));
#1443 = ORIENTED_EDGE('',*,*,#1444,.T.);
#1444 = EDGE_CURVE('',#868,#1058,#1445,.T.);
#1445 = CIRCLE('',#1446,0.5);
#1446 = AXIS2_PLACEMENT_3D('',#1447,#1448,#1449);
#1447 = CARTESIAN_POINT('',(17.1,1.75,18.9));
#1448 = DIRECTION('',(6.123233995737E-17,1.,-0.));
#1449 = DIRECTION('',(-1.,6.123233995737E-17,0.));
#1450 = ORIENTED_EDGE('',*,*,#1057,.T.);
#1451 = ORIENTED_EDGE('',*,*,#1394,.F.);
#1452 = ORIENTED_EDGE('',*,*,#867,.F.);
#1453 = CYLINDRICAL_SURFACE('',#1454,0.5);
#1454 = AXIS2_PLACEMENT_3D('',#1455,#1456,#1457);
#1455 = CARTESIAN_POINT('',(17.1,1.75,18.9));
#1456 = DIRECTION('',(-0.,-1.,-0.));
#1457 = DIRECTION('',(0.,0.,1.));
#1458 = ADVANCED_FACE('',(#1459),#1471,.T.);
#1459 = FACE_BOUND('',#1460,.F.);
#1460 = EDGE_LOOP('',(#1461,#1462,#1463,#1470));
#1461 = ORIENTED_EDGE('',*,*,#1421,.T.);
#1462 = ORIENTED_EDGE('',*,*,#1131,.T.);
#1463 = ORIENTED_EDGE('',*,*,#1464,.F.);
#1464 = EDGE_CURVE('',#876,#1081,#1465,.T.);
#1465 = CIRCLE('',#1466,0.5);
#1466 = AXIS2_PLACEMENT_3D('',#1467,#1468,#1469);
#1467 = CARTESIAN_POINT('',(18.35,3.,18.9));
#1468 = DIRECTION('',(1.,0.,-0.));
#1469 = DIRECTION('',(0.,0.,1.));
#1470 = ORIENTED_EDGE('',*,*,#884,.F.);
#1471 = CYLINDRICAL_SURFACE('',#1472,0.5);
#1472 = AXIS2_PLACEMENT_3D('',#1473,#1474,#1475);
#1473 = CARTESIAN_POINT('',(31.05,3.,18.9));
#1474 = DIRECTION('',(-1.,-0.,-0.));
#1475 = DIRECTION('',(0.,0.,1.));
#1476 = ADVANCED_FACE('',(#1477),#1483,.T.);
#1477 = FACE_BOUND('',#1478,.T.);
#1478 = EDGE_LOOP('',(#1479,#1480,#1481,#1482));
#1479 = ORIENTED_EDGE('',*,*,#1464,.F.);
#1480 = ORIENTED_EDGE('',*,*,#875,.T.);
#1481 = ORIENTED_EDGE('',*,*,#1444,.T.);
#1482 = ORIENTED_EDGE('',*,*,#1090,.F.);
#1483 = TOROIDAL_SURFACE('',#1484,1.25,0.5);
#1484 = AXIS2_PLACEMENT_3D('',#1485,#1486,#1487);
#1485 = CARTESIAN_POINT('',(18.35,1.75,18.9));
#1486 = DIRECTION('',(0.,0.,1.));
#1487 = DIRECTION('',(0.,1.,0.));
#1488 = ( GEOMETRIC_REPRESENTATION_CONTEXT(3) 
GLOBAL_UNCERTAINTY_ASSIGNED_CONTEXT((#1492)) 
GLOBAL_UNIT_ASSIGNED_CONTEXT((#1489,#1490,#1491)) REPRESENTATION_CONTEXT
('Context #1','3D Context with UNIT and UNCERTAINTY') );
#1489 = ( LENGTH_UNIT() NAMED_UNIT(*) SI_UNIT(.MILLI.,.METRE.) );
#1490 = ( NAMED_UNIT(*) PLANE_ANGLE_UNIT() SI_UNIT($,.RADIAN.) );
#1491 = ( NAMED_UNIT(*) SI_UNIT($,.STERADIAN.) SOLID_ANGLE_UNIT() );
#1492 = UNCERTAINTY_MEASURE_WITH_UNIT(LENGTH_MEASURE(5.E-06),#1489,
  'distance_accuracy_value','confusion accuracy');
#1493 = CONTEXT_DEPENDENT_SHAPE_REPRESENTATION(#1494,#1496);
#1494 = ( REPRESENTATION_RELATIONSHIP('','',#56,#10) 
REPRESENTATION_RELATIONSHIP_WITH_TRANSFORMATION(#1495) 
SHAPE_REPRESENTATION_RELATIONSHIP() );
#1495 = ITEM_DEFINED_TRANSFORMATION('','',#11,#15);
#1496 = PRODUCT_DEFINITION_SHAPE('Placement','Placement of an item',
  #1497);
#1497 = NEXT_ASSEMBLY_USAGE_OCCURRENCE('14','Body','',#5,#51,$);
#1498 = PRODUCT_RELATED_PRODUCT_CATEGORY('part',$,(#53));
#1499 = SHAPE_DEFINITION_REPRESENTATION(#1500,#1506);
#1500 = PRODUCT_DEFINITION_SHAPE('','',#1501);
#1501 = PRODUCT_DEFINITION('design','',#1502,#1505);
#1502 = PRODUCT_DEFINITION_FORMATION('','',#1503);
#1503 = PRODUCT('PIN1','PIN1','',(#1504));
#1504 = PRODUCT_CONTEXT('',#2,'mechanical');
#1505 = PRODUCT_DEFINITION_CONTEXT('part definition',#2,'design');
#1506 = ADVANCED_BREP_SHAPE_REPRESENTATION('',(#11,#1507),#1723);
#1507 = MANIFOLD_SOLID_BREP('',#1508);
#1508 = CLOSED_SHELL('',(#1509,#1565,#1596,#1620,#1644,#1668,#1692,#1709
    ));
#1509 = ADVANCED_FACE('',(#1510),#1560,.F.);
#1510 = FACE_BOUND('',#1511,.F.);
#1511 = EDGE_LOOP('',(#1512,#1522,#1530,#1538,#1546,#1554));
#1512 = ORIENTED_EDGE('',*,*,#1513,.T.);
#1513 = EDGE_CURVE('',#1514,#1516,#1518,.T.);
#1514 = VERTEX_POINT('',#1515);
#1515 = CARTESIAN_POINT('',(-0.8,0.4,0.));
#1516 = VERTEX_POINT('',#1517);
#1517 = CARTESIAN_POINT('',(-0.8,0.4,-2.8));
#1518 = LINE('',#1519,#1520);
#1519 = CARTESIAN_POINT('',(-0.8,0.4,0.));
#1520 = VECTOR('',#1521,1.);
#1521 = DIRECTION('',(-0.,-0.,-1.));
#1522 = ORIENTED_EDGE('',*,*,#1523,.T.);
#1523 = EDGE_CURVE('',#1516,#1524,#1526,.T.);
#1524 = VERTEX_POINT('',#1525);
#1525 = CARTESIAN_POINT('',(-0.264101615138,0.4,-4.8));
#1526 = LINE('',#1527,#1528);
#1527 = CARTESIAN_POINT('',(-1.016025403784,0.4,-1.993782217351));
#1528 = VECTOR('',#1529,1.);
#1529 = DIRECTION('',(0.258819045103,0.,-0.965925826289));
#1530 = ORIENTED_EDGE('',*,*,#1531,.T.);
#1531 = EDGE_CURVE('',#1524,#1532,#1534,.T.);
#1532 = VERTEX_POINT('',#1533);
#1533 = CARTESIAN_POINT('',(0.264101615138,0.4,-4.8));
#1534 = LINE('',#1535,#1536);
#1535 = CARTESIAN_POINT('',(-0.8,0.4,-4.8));
#1536 = VECTOR('',#1537,1.);
#1537 = DIRECTION('',(1.,0.,0.));
#1538 = ORIENTED_EDGE('',*,*,#1539,.F.);
#1539 = EDGE_CURVE('',#1540,#1532,#1542,.T.);
#1540 = VERTEX_POINT('',#1541);
#1541 = CARTESIAN_POINT('',(0.8,0.4,-2.8));
#1542 = LINE('',#1543,#1544);
#1543 = CARTESIAN_POINT('',(0.962435565298,0.4,-2.193782217351));
#1544 = VECTOR('',#1545,1.);
#1545 = DIRECTION('',(-0.258819045103,-0.,-0.965925826289));
#1546 = ORIENTED_EDGE('',*,*,#1547,.F.);
#1547 = EDGE_CURVE('',#1548,#1540,#1550,.T.);
#1548 = VERTEX_POINT('',#1549);
#1549 = CARTESIAN_POINT('',(0.8,0.4,0.));
#1550 = LINE('',#1551,#1552);
#1551 = CARTESIAN_POINT('',(0.8,0.4,0.));
#1552 = VECTOR('',#1553,1.);
#1553 = DIRECTION('',(-0.,-0.,-1.));
#1554 = ORIENTED_EDGE('',*,*,#1555,.F.);
#1555 = EDGE_CURVE('',#1514,#1548,#1556,.T.);
#1556 = LINE('',#1557,#1558);
#1557 = CARTESIAN_POINT('',(-0.8,0.4,0.));
#1558 = VECTOR('',#1559,1.);
#1559 = DIRECTION('',(1.,0.,0.));
#1560 = PLANE('',#1561);
#1561 = AXIS2_PLACEMENT_3D('',#1562,#1563,#1564);
#1562 = CARTESIAN_POINT('',(-0.8,0.4,0.));
#1563 = DIRECTION('',(0.,-1.,0.));
#1564 = DIRECTION('',(1.,0.,0.));
#1565 = ADVANCED_FACE('',(#1566),#1591,.F.);
#1566 = FACE_BOUND('',#1567,.F.);
#1567 = EDGE_LOOP('',(#1568,#1578,#1584,#1585));
#1568 = ORIENTED_EDGE('',*,*,#1569,.T.);
#1569 = EDGE_CURVE('',#1570,#1572,#1574,.T.);
#1570 = VERTEX_POINT('',#1571);
#1571 = CARTESIAN_POINT('',(-0.8,-0.4,0.));
#1572 = VERTEX_POINT('',#1573);
#1573 = CARTESIAN_POINT('',(-0.8,-0.4,-2.8));
#1574 = LINE('',#1575,#1576);
#1575 = CARTESIAN_POINT('',(-0.8,-0.4,0.));
#1576 = VECTOR('',#1577,1.);
#1577 = DIRECTION('',(-0.,-0.,-1.));
#1578 = ORIENTED_EDGE('',*,*,#1579,.T.);
#1579 = EDGE_CURVE('',#1572,#1516,#1580,.T.);
#1580 = LINE('',#1581,#1582);
#1581 = CARTESIAN_POINT('',(-0.8,-0.4,-2.8));
#1582 = VECTOR('',#1583,1.);
#1583 = DIRECTION('',(0.,1.,0.));
#1584 = ORIENTED_EDGE('',*,*,#1513,.F.);
#1585 = ORIENTED_EDGE('',*,*,#1586,.F.);
#1586 = EDGE_CURVE('',#1570,#1514,#1587,.T.);
#1587 = LINE('',#1588,#1589);
#1588 = CARTESIAN_POINT('',(-0.8,-0.4,0.));
#1589 = VECTOR('',#1590,1.);
#1590 = DIRECTION('',(0.,1.,0.));
#1591 = PLANE('',#1592);
#1592 = AXIS2_PLACEMENT_3D('',#1593,#1594,#1595);
#1593 = CARTESIAN_POINT('',(-0.8,-0.4,0.));
#1594 = DIRECTION('',(1.,0.,0.));
#1595 = DIRECTION('',(0.,1.,0.));
#1596 = ADVANCED_FACE('',(#1597),#1615,.T.);
#1597 = FACE_BOUND('',#1598,.T.);
#1598 = EDGE_LOOP('',(#1599,#1607,#1608,#1609));
#1599 = ORIENTED_EDGE('',*,*,#1600,.F.);
#1600 = EDGE_CURVE('',#1572,#1601,#1603,.T.);
#1601 = VERTEX_POINT('',#1602);
#1602 = CARTESIAN_POINT('',(-0.264101615138,-0.4,-4.8));
#1603 = LINE('',#1604,#1605);
#1604 = CARTESIAN_POINT('',(-0.962435565298,-0.4,-2.193782217351));
#1605 = VECTOR('',#1606,1.);
#1606 = DIRECTION('',(0.258819045103,0.,-0.965925826289));
#1607 = ORIENTED_EDGE('',*,*,#1579,.T.);
#1608 = ORIENTED_EDGE('',*,*,#1523,.T.);
#1609 = ORIENTED_EDGE('',*,*,#1610,.F.);
#1610 = EDGE_CURVE('',#1601,#1524,#1611,.T.);
#1611 = LINE('',#1612,#1613);
#1612 = CARTESIAN_POINT('',(-0.264101615138,-0.4,-4.8));
#1613 = VECTOR('',#1614,1.);
#1614 = DIRECTION('',(0.,1.,0.));
#1615 = PLANE('',#1616);
#1616 = AXIS2_PLACEMENT_3D('',#1617,#1618,#1619);
#1617 = CARTESIAN_POINT('',(-0.532050807569,-0.4,-3.8));
#1618 = DIRECTION('',(-0.965925826289,-7.086074661108E-18,
    -0.258819045103));
#1619 = DIRECTION('',(-6.844622522176E-18,1.,-1.834011077313E-18));
#1620 = ADVANCED_FACE('',(#1621),#1639,.T.);
#1621 = FACE_BOUND('',#1622,.F.);
#1622 = EDGE_LOOP('',(#1623,#1624,#1632,#1638));
#1623 = ORIENTED_EDGE('',*,*,#1555,.T.);
#1624 = ORIENTED_EDGE('',*,*,#1625,.T.);
#1625 = EDGE_CURVE('',#1548,#1626,#1628,.T.);
#1626 = VERTEX_POINT('',#1627);
#1627 = CARTESIAN_POINT('',(0.8,-0.4,0.));
#1628 = LINE('',#1629,#1630);
#1629 = CARTESIAN_POINT('',(0.8,0.4,0.));
#1630 = VECTOR('',#1631,1.);
#1631 = DIRECTION('',(0.,-1.,0.));
#1632 = ORIENTED_EDGE('',*,*,#1633,.T.);
#1633 = EDGE_CURVE('',#1626,#1570,#1634,.T.);
#1634 = LINE('',#1635,#1636);
#1635 = CARTESIAN_POINT('',(0.8,-0.4,0.));
#1636 = VECTOR('',#1637,1.);
#1637 = DIRECTION('',(-1.,0.,0.));
#1638 = ORIENTED_EDGE('',*,*,#1586,.T.);
#1639 = PLANE('',#1640);
#1640 = AXIS2_PLACEMENT_3D('',#1641,#1642,#1643);
#1641 = CARTESIAN_POINT('',(0.,0.,0.));
#1642 = DIRECTION('',(0.,0.,1.));
#1643 = DIRECTION('',(1.,0.,0.));
#1644 = ADVANCED_FACE('',(#1645),#1663,.F.);
#1645 = FACE_BOUND('',#1646,.F.);
#1646 = EDGE_LOOP('',(#1647,#1648,#1649,#1657));
#1647 = ORIENTED_EDGE('',*,*,#1531,.F.);
#1648 = ORIENTED_EDGE('',*,*,#1610,.F.);
#1649 = ORIENTED_EDGE('',*,*,#1650,.F.);
#1650 = EDGE_CURVE('',#1651,#1601,#1653,.T.);
#1651 = VERTEX_POINT('',#1652);
#1652 = CARTESIAN_POINT('',(0.264101615138,-0.4,-4.8));
#1653 = LINE('',#1654,#1655);
#1654 = CARTESIAN_POINT('',(0.8,-0.4,-4.8));
#1655 = VECTOR('',#1656,1.);
#1656 = DIRECTION('',(-1.,0.,0.));
#1657 = ORIENTED_EDGE('',*,*,#1658,.F.);
#1658 = EDGE_CURVE('',#1532,#1651,#1659,.T.);
#1659 = LINE('',#1660,#1661);
#1660 = CARTESIAN_POINT('',(0.264101615138,0.4,-4.8));
#1661 = VECTOR('',#1662,1.);
#1662 = DIRECTION('',(0.,-1.,0.));
#1663 = PLANE('',#1664);
#1664 = AXIS2_PLACEMENT_3D('',#1665,#1666,#1667);
#1665 = CARTESIAN_POINT('',(0.,0.,-4.8));
#1666 = DIRECTION('',(0.,0.,1.));
#1667 = DIRECTION('',(1.,0.,0.));
#1668 = ADVANCED_FACE('',(#1669),#1687,.F.);
#1669 = FACE_BOUND('',#1670,.F.);
#1670 = EDGE_LOOP('',(#1671,#1672,#1680,#1686));
#1671 = ORIENTED_EDGE('',*,*,#1547,.T.);
#1672 = ORIENTED_EDGE('',*,*,#1673,.T.);
#1673 = EDGE_CURVE('',#1540,#1674,#1676,.T.);
#1674 = VERTEX_POINT('',#1675);
#1675 = CARTESIAN_POINT('',(0.8,-0.4,-2.8));
#1676 = LINE('',#1677,#1678);
#1677 = CARTESIAN_POINT('',(0.8,0.4,-2.8));
#1678 = VECTOR('',#1679,1.);
#1679 = DIRECTION('',(0.,-1.,0.));
#1680 = ORIENTED_EDGE('',*,*,#1681,.F.);
#1681 = EDGE_CURVE('',#1626,#1674,#1682,.T.);
#1682 = LINE('',#1683,#1684);
#1683 = CARTESIAN_POINT('',(0.8,-0.4,0.));
#1684 = VECTOR('',#1685,1.);
#1685 = DIRECTION('',(-0.,-0.,-1.));
#1686 = ORIENTED_EDGE('',*,*,#1625,.F.);
#1687 = PLANE('',#1688);
#1688 = AXIS2_PLACEMENT_3D('',#1689,#1690,#1691);
#1689 = CARTESIAN_POINT('',(0.8,0.4,0.));
#1690 = DIRECTION('',(-1.,0.,0.));
#1691 = DIRECTION('',(0.,-1.,0.));
#1692 = ADVANCED_FACE('',(#1693),#1704,.T.);
#1693 = FACE_BOUND('',#1694,.T.);
#1694 = EDGE_LOOP('',(#1695,#1696,#1697,#1703));
#1695 = ORIENTED_EDGE('',*,*,#1539,.F.);
#1696 = ORIENTED_EDGE('',*,*,#1673,.T.);
#1697 = ORIENTED_EDGE('',*,*,#1698,.T.);
#1698 = EDGE_CURVE('',#1674,#1651,#1699,.T.);
#1699 = LINE('',#1700,#1701);
#1700 = CARTESIAN_POINT('',(1.016025403784,-0.4,-1.993782217351));
#1701 = VECTOR('',#1702,1.);
#1702 = DIRECTION('',(-0.258819045103,0.,-0.965925826289));
#1703 = ORIENTED_EDGE('',*,*,#1658,.F.);
#1704 = PLANE('',#1705);
#1705 = AXIS2_PLACEMENT_3D('',#1706,#1707,#1708);
#1706 = CARTESIAN_POINT('',(0.532050807569,0.4,-3.8));
#1707 = DIRECTION('',(0.965925826289,7.086074661108E-18,-0.258819045103)
  );
#1708 = DIRECTION('',(6.844622522176E-18,-1.,-1.834011077313E-18));
#1709 = ADVANCED_FACE('',(#1710),#1718,.F.);
#1710 = FACE_BOUND('',#1711,.F.);
#1711 = EDGE_LOOP('',(#1712,#1713,#1714,#1715,#1716,#1717));
#1712 = ORIENTED_EDGE('',*,*,#1681,.T.);
#1713 = ORIENTED_EDGE('',*,*,#1698,.T.);
#1714 = ORIENTED_EDGE('',*,*,#1650,.T.);
#1715 = ORIENTED_EDGE('',*,*,#1600,.F.);
#1716 = ORIENTED_EDGE('',*,*,#1569,.F.);
#1717 = ORIENTED_EDGE('',*,*,#1633,.F.);
#1718 = PLANE('',#1719);
#1719 = AXIS2_PLACEMENT_3D('',#1720,#1721,#1722);
#1720 = CARTESIAN_POINT('',(0.8,-0.4,0.));
#1721 = DIRECTION('',(0.,1.,0.));
#1722 = DIRECTION('',(-1.,0.,0.));
#1723 = ( GEOMETRIC_REPRESENTATION_CONTEXT(3) 
GLOBAL_UNCERTAINTY_ASSIGNED_CONTEXT((#1727)) 
GLOBAL_UNIT_ASSIGNED_CONTEXT((#1724,#1725,#1726)) REPRESENTATION_CONTEXT
('Context #1','3D Context with UNIT and UNCERTAINTY') );
#1724 = ( LENGTH_UNIT() NAMED_UNIT(*) SI_UNIT(.MILLI.,.METRE.) );
#1725 = ( NAMED_UNIT(*) PLANE_ANGLE_UNIT() SI_UNIT($,.RADIAN.) );
#1726 = ( NAMED_UNIT(*) SI_UNIT($,.STERADIAN.) SOLID_ANGLE_UNIT() );
#1727 = UNCERTAINTY_MEASURE_WITH_UNIT(LENGTH_MEASURE(1.E-07),#1724,
  'distance_accuracy_value','confusion accuracy');
#1728 = CONTEXT_DEPENDENT_SHAPE_REPRESENTATION(#1729,#1731);
#1729 = ( REPRESENTATION_RELATIONSHIP('','',#1506,#10) 
REPRESENTATION_RELATIONSHIP_WITH_TRANSFORMATION(#1730) 
SHAPE_REPRESENTATION_RELATIONSHIP() );
#1730 = ITEM_DEFINED_TRANSFORMATION('','',#11,#19);
#1731 = PRODUCT_DEFINITION_SHAPE('Placement','Placement of an item',
  #1732);
#1732 = NEXT_ASSEMBLY_USAGE_OCCURRENCE('15','PIN1','',#5,#1501,$);
#1733 = PRODUCT_RELATED_PRODUCT_CATEGORY('part',$,(#1503));
#1734 = SHAPE_DEFINITION_REPRESENTATION(#1735,#1741);
#1735 = PRODUCT_DEFINITION_SHAPE('','',#1736);
#1736 = PRODUCT_DEFINITION('design','',#1737,#1740);
#1737 = PRODUCT_DEFINITION_FORMATION('','',#1738);
#1738 = PRODUCT('PIN002','PIN002','',(#1739));
#1739 = PRODUCT_CONTEXT('',#2,'mechanical');
#1740 = PRODUCT_DEFINITION_CONTEXT('part definition',#2,'design');
#1741 = ADVANCED_BREP_SHAPE_REPRESENTATION('',(#11,#1742),#1958);
#1742 = MANIFOLD_SOLID_BREP('',#1743);
#1743 = CLOSED_SHELL('',(#1744,#1800,#1831,#1855,#1879,#1903,#1927,#1944
    ));
#1744 = ADVANCED_FACE('',(#1745),#1795,.F.);
#1745 = FACE_BOUND('',#1746,.F.);
#1746 = EDGE_LOOP('',(#1747,#1757,#1765,#1773,#1781,#1789));
#1747 = ORIENTED_EDGE('',*,*,#1748,.T.);
#1748 = EDGE_CURVE('',#1749,#1751,#1753,.T.);
#1749 = VERTEX_POINT('',#1750);
#1750 = CARTESIAN_POINT('',(-0.8,0.4,0.));
#1751 = VERTEX_POINT('',#1752);
#1752 = CARTESIAN_POINT('',(-0.8,0.4,-2.8));
#1753 = LINE('',#1754,#1755);
#1754 = CARTESIAN_POINT('',(-0.8,0.4,0.));
#1755 = VECTOR('',#1756,1.);
#1756 = DIRECTION('',(-0.,-0.,-1.));
#1757 = ORIENTED_EDGE('',*,*,#1758,.T.);
#1758 = EDGE_CURVE('',#1751,#1759,#1761,.T.);
#1759 = VERTEX_POINT('',#1760);
#1760 = CARTESIAN_POINT('',(-0.264101615138,0.4,-4.8));
#1761 = LINE('',#1762,#1763);
#1762 = CARTESIAN_POINT('',(-1.016025403784,0.4,-1.993782217351));
#1763 = VECTOR('',#1764,1.);
#1764 = DIRECTION('',(0.258819045103,0.,-0.965925826289));
#1765 = ORIENTED_EDGE('',*,*,#1766,.T.);
#1766 = EDGE_CURVE('',#1759,#1767,#1769,.T.);
#1767 = VERTEX_POINT('',#1768);
#1768 = CARTESIAN_POINT('',(0.264101615138,0.4,-4.8));
#1769 = LINE('',#1770,#1771);
#1770 = CARTESIAN_POINT('',(-0.8,0.4,-4.8));
#1771 = VECTOR('',#1772,1.);
#1772 = DIRECTION('',(1.,0.,0.));
#1773 = ORIENTED_EDGE('',*,*,#1774,.F.);
#1774 = EDGE_CURVE('',#1775,#1767,#1777,.T.);
#1775 = VERTEX_POINT('',#1776);
#1776 = CARTESIAN_POINT('',(0.8,0.4,-2.8));
#1777 = LINE('',#1778,#1779);
#1778 = CARTESIAN_POINT('',(0.962435565298,0.4,-2.193782217351));
#1779 = VECTOR('',#1780,1.);
#1780 = DIRECTION('',(-0.258819045103,-0.,-0.965925826289));
#1781 = ORIENTED_EDGE('',*,*,#1782,.F.);
#1782 = EDGE_CURVE('',#1783,#1775,#1785,.T.);
#1783 = VERTEX_POINT('',#1784);
#1784 = CARTESIAN_POINT('',(0.8,0.4,0.));
#1785 = LINE('',#1786,#1787);
#1786 = CARTESIAN_POINT('',(0.8,0.4,0.));
#1787 = VECTOR('',#1788,1.);
#1788 = DIRECTION('',(-0.,-0.,-1.));
#1789 = ORIENTED_EDGE('',*,*,#1790,.F.);
#1790 = EDGE_CURVE('',#1749,#1783,#1791,.T.);
#1791 = LINE('',#1792,#1793);
#1792 = CARTESIAN_POINT('',(-0.8,0.4,0.));
#1793 = VECTOR('',#1794,1.);
#1794 = DIRECTION('',(1.,0.,0.));
#1795 = PLANE('',#1796);
#1796 = AXIS2_PLACEMENT_3D('',#1797,#1798,#1799);
#1797 = CARTESIAN_POINT('',(-0.8,0.4,0.));
#1798 = DIRECTION('',(0.,-1.,0.));
#1799 = DIRECTION('',(1.,0.,0.));
#1800 = ADVANCED_FACE('',(#1801),#1826,.F.);
#1801 = FACE_BOUND('',#1802,.F.);
#1802 = EDGE_LOOP('',(#1803,#1813,#1819,#1820));
#1803 = ORIENTED_EDGE('',*,*,#1804,.T.);
#1804 = EDGE_CURVE('',#1805,#1807,#1809,.T.);
#1805 = VERTEX_POINT('',#1806);
#1806 = CARTESIAN_POINT('',(-0.8,-0.4,0.));
#1807 = VERTEX_POINT('',#1808);
#1808 = CARTESIAN_POINT('',(-0.8,-0.4,-2.8));
#1809 = LINE('',#1810,#1811);
#1810 = CARTESIAN_POINT('',(-0.8,-0.4,0.));
#1811 = VECTOR('',#1812,1.);
#1812 = DIRECTION('',(-0.,-0.,-1.));
#1813 = ORIENTED_EDGE('',*,*,#1814,.T.);
#1814 = EDGE_CURVE('',#1807,#1751,#1815,.T.);
#1815 = LINE('',#1816,#1817);
#1816 = CARTESIAN_POINT('',(-0.8,-0.4,-2.8));
#1817 = VECTOR('',#1818,1.);
#1818 = DIRECTION('',(0.,1.,0.));
#1819 = ORIENTED_EDGE('',*,*,#1748,.F.);
#1820 = ORIENTED_EDGE('',*,*,#1821,.F.);
#1821 = EDGE_CURVE('',#1805,#1749,#1822,.T.);
#1822 = LINE('',#1823,#1824);
#1823 = CARTESIAN_POINT('',(-0.8,-0.4,0.));
#1824 = VECTOR('',#1825,1.);
#1825 = DIRECTION('',(0.,1.,0.));
#1826 = PLANE('',#1827);
#1827 = AXIS2_PLACEMENT_3D('',#1828,#1829,#1830);
#1828 = CARTESIAN_POINT('',(-0.8,-0.4,0.));
#1829 = DIRECTION('',(1.,0.,0.));
#1830 = DIRECTION('',(0.,1.,0.));
#1831 = ADVANCED_FACE('',(#1832),#1850,.T.);
#1832 = FACE_BOUND('',#1833,.T.);
#1833 = EDGE_LOOP('',(#1834,#1842,#1843,#1844));
#1834 = ORIENTED_EDGE('',*,*,#1835,.F.);
#1835 = EDGE_CURVE('',#1807,#1836,#1838,.T.);
#1836 = VERTEX_POINT('',#1837);
#1837 = CARTESIAN_POINT('',(-0.264101615138,-0.4,-4.8));
#1838 = LINE('',#1839,#1840);
#1839 = CARTESIAN_POINT('',(-0.962435565298,-0.4,-2.193782217351));
#1840 = VECTOR('',#1841,1.);
#1841 = DIRECTION('',(0.258819045103,0.,-0.965925826289));
#1842 = ORIENTED_EDGE('',*,*,#1814,.T.);
#1843 = ORIENTED_EDGE('',*,*,#1758,.T.);
#1844 = ORIENTED_EDGE('',*,*,#1845,.F.);
#1845 = EDGE_CURVE('',#1836,#1759,#1846,.T.);
#1846 = LINE('',#1847,#1848);
#1847 = CARTESIAN_POINT('',(-0.264101615138,-0.4,-4.8));
#1848 = VECTOR('',#1849,1.);
#1849 = DIRECTION('',(0.,1.,0.));
#1850 = PLANE('',#1851);
#1851 = AXIS2_PLACEMENT_3D('',#1852,#1853,#1854);
#1852 = CARTESIAN_POINT('',(-0.532050807569,-0.4,-3.8));
#1853 = DIRECTION('',(-0.965925826289,-7.086074661108E-18,
    -0.258819045103));
#1854 = DIRECTION('',(-6.844622522176E-18,1.,-1.834011077313E-18));
#1855 = ADVANCED_FACE('',(#1856),#1874,.T.);
#1856 = FACE_BOUND('',#1857,.F.);
#1857 = EDGE_LOOP('',(#1858,#1859,#1867,#1873));
#1858 = ORIENTED_EDGE('',*,*,#1790,.T.);
#1859 = ORIENTED_EDGE('',*,*,#1860,.T.);
#1860 = EDGE_CURVE('',#1783,#1861,#1863,.T.);
#1861 = VERTEX_POINT('',#1862);
#1862 = CARTESIAN_POINT('',(0.8,-0.4,0.));
#1863 = LINE('',#1864,#1865);
#1864 = CARTESIAN_POINT('',(0.8,0.4,0.));
#1865 = VECTOR('',#1866,1.);
#1866 = DIRECTION('',(0.,-1.,0.));
#1867 = ORIENTED_EDGE('',*,*,#1868,.T.);
#1868 = EDGE_CURVE('',#1861,#1805,#1869,.T.);
#1869 = LINE('',#1870,#1871);
#1870 = CARTESIAN_POINT('',(0.8,-0.4,0.));
#1871 = VECTOR('',#1872,1.);
#1872 = DIRECTION('',(-1.,0.,0.));
#1873 = ORIENTED_EDGE('',*,*,#1821,.T.);
#1874 = PLANE('',#1875);
#1875 = AXIS2_PLACEMENT_3D('',#1876,#1877,#1878);
#1876 = CARTESIAN_POINT('',(0.,0.,0.));
#1877 = DIRECTION('',(0.,0.,1.));
#1878 = DIRECTION('',(1.,0.,0.));
#1879 = ADVANCED_FACE('',(#1880),#1898,.F.);
#1880 = FACE_BOUND('',#1881,.F.);
#1881 = EDGE_LOOP('',(#1882,#1883,#1884,#1892));
#1882 = ORIENTED_EDGE('',*,*,#1766,.F.);
#1883 = ORIENTED_EDGE('',*,*,#1845,.F.);
#1884 = ORIENTED_EDGE('',*,*,#1885,.F.);
#1885 = EDGE_CURVE('',#1886,#1836,#1888,.T.);
#1886 = VERTEX_POINT('',#1887);
#1887 = CARTESIAN_POINT('',(0.264101615138,-0.4,-4.8));
#1888 = LINE('',#1889,#1890);
#1889 = CARTESIAN_POINT('',(0.8,-0.4,-4.8));
#1890 = VECTOR('',#1891,1.);
#1891 = DIRECTION('',(-1.,0.,0.));
#1892 = ORIENTED_EDGE('',*,*,#1893,.F.);
#1893 = EDGE_CURVE('',#1767,#1886,#1894,.T.);
#1894 = LINE('',#1895,#1896);
#1895 = CARTESIAN_POINT('',(0.264101615138,0.4,-4.8));
#1896 = VECTOR('',#1897,1.);
#1897 = DIRECTION('',(0.,-1.,0.));
#1898 = PLANE('',#1899);
#1899 = AXIS2_PLACEMENT_3D('',#1900,#1901,#1902);
#1900 = CARTESIAN_POINT('',(0.,0.,-4.8));
#1901 = DIRECTION('',(0.,0.,1.));
#1902 = DIRECTION('',(1.,0.,0.));
#1903 = ADVANCED_FACE('',(#1904),#1922,.F.);
#1904 = FACE_BOUND('',#1905,.F.);
#1905 = EDGE_LOOP('',(#1906,#1907,#1915,#1921));
#1906 = ORIENTED_EDGE('',*,*,#1782,.T.);
#1907 = ORIENTED_EDGE('',*,*,#1908,.T.);
#1908 = EDGE_CURVE('',#1775,#1909,#1911,.T.);
#1909 = VERTEX_POINT('',#1910);
#1910 = CARTESIAN_POINT('',(0.8,-0.4,-2.8));
#1911 = LINE('',#1912,#1913);
#1912 = CARTESIAN_POINT('',(0.8,0.4,-2.8));
#1913 = VECTOR('',#1914,1.);
#1914 = DIRECTION('',(0.,-1.,0.));
#1915 = ORIENTED_EDGE('',*,*,#1916,.F.);
#1916 = EDGE_CURVE('',#1861,#1909,#1917,.T.);
#1917 = LINE('',#1918,#1919);
#1918 = CARTESIAN_POINT('',(0.8,-0.4,0.));
#1919 = VECTOR('',#1920,1.);
#1920 = DIRECTION('',(-0.,-0.,-1.));
#1921 = ORIENTED_EDGE('',*,*,#1860,.F.);
#1922 = PLANE('',#1923);
#1923 = AXIS2_PLACEMENT_3D('',#1924,#1925,#1926);
#1924 = CARTESIAN_POINT('',(0.8,0.4,0.));
#1925 = DIRECTION('',(-1.,0.,0.));
#1926 = DIRECTION('',(0.,-1.,0.));
#1927 = ADVANCED_FACE('',(#1928),#1939,.T.);
#1928 = FACE_BOUND('',#1929,.T.);
#1929 = EDGE_LOOP('',(#1930,#1931,#1932,#1938));
#1930 = ORIENTED_EDGE('',*,*,#1774,.F.);
#1931 = ORIENTED_EDGE('',*,*,#1908,.T.);
#1932 = ORIENTED_EDGE('',*,*,#1933,.T.);
#1933 = EDGE_CURVE('',#1909,#1886,#1934,.T.);
#1934 = LINE('',#1935,#1936);
#1935 = CARTESIAN_POINT('',(1.016025403784,-0.4,-1.993782217351));
#1936 = VECTOR('',#1937,1.);
#1937 = DIRECTION('',(-0.258819045103,0.,-0.965925826289));
#1938 = ORIENTED_EDGE('',*,*,#1893,.F.);
#1939 = PLANE('',#1940);
#1940 = AXIS2_PLACEMENT_3D('',#1941,#1942,#1943);
#1941 = CARTESIAN_POINT('',(0.532050807569,0.4,-3.8));
#1942 = DIRECTION('',(0.965925826289,7.086074661108E-18,-0.258819045103)
  );
#1943 = DIRECTION('',(6.844622522176E-18,-1.,-1.834011077313E-18));
#1944 = ADVANCED_FACE('',(#1945),#1953,.F.);
#1945 = FACE_BOUND('',#1946,.F.);
#1946 = EDGE_LOOP('',(#1947,#1948,#1949,#1950,#1951,#1952));
#1947 = ORIENTED_EDGE('',*,*,#1916,.T.);
#1948 = ORIENTED_EDGE('',*,*,#1933,.T.);
#1949 = ORIENTED_EDGE('',*,*,#1885,.T.);
#1950 = ORIENTED_EDGE('',*,*,#1835,.F.);
#1951 = ORIENTED_EDGE('',*,*,#1804,.F.);
#1952 = ORIENTED_EDGE('',*,*,#1868,.F.);
#1953 = PLANE('',#1954);
#1954 = AXIS2_PLACEMENT_3D('',#1955,#1956,#1957);
#1955 = CARTESIAN_POINT('',(0.8,-0.4,0.));
#1956 = DIRECTION('',(0.,1.,0.));
#1957 = DIRECTION('',(-1.,0.,0.));
#1958 = ( GEOMETRIC_REPRESENTATION_CONTEXT(3) 
GLOBAL_UNCERTAINTY_ASSIGNED_CONTEXT((#1962)) 
GLOBAL_UNIT_ASSIGNED_CONTEXT((#1959,#1960,#1961)) REPRESENTATION_CONTEXT
('Context #1','3D Context with UNIT and UNCERTAINTY') );
#1959 = ( LENGTH_UNIT() NAMED_UNIT(*) SI_UNIT(.MILLI.,.METRE.) );
#1960 = ( NAMED_UNIT(*) PLANE_ANGLE_UNIT() SI_UNIT($,.RADIAN.) );
#1961 = ( NAMED_UNIT(*) SI_UNIT($,.STERADIAN.) SOLID_ANGLE_UNIT() );
#1962 = UNCERTAINTY_MEASURE_WITH_UNIT(LENGTH_MEASURE(1.E-07),#1959,
  'distance_accuracy_value','confusion accuracy');
#1963 = CONTEXT_DEPENDENT_SHAPE_REPRESENTATION(#1964,#1966);
#1964 = ( REPRESENTATION_RELATIONSHIP('','',#1741,#10) 
REPRESENTATION_RELATIONSHIP_WITH_TRANSFORMATION(#1965) 
SHAPE_REPRESENTATION_RELATIONSHIP() );
#1965 = ITEM_DEFINED_TRANSFORMATION('','',#11,#23);
#1966 = PRODUCT_DEFINITION_SHAPE('Placement','Placement of an item',
  #1967);
#1967 = NEXT_ASSEMBLY_USAGE_OCCURRENCE('16','PIN002','',#5,#1736,$);
#1968 = PRODUCT_RELATED_PRODUCT_CATEGORY('part',$,(#1738));
#1969 = SHAPE_DEFINITION_REPRESENTATION(#1970,#1976);
#1970 = PRODUCT_DEFINITION_SHAPE('','',#1971);
#1971 = PRODUCT_DEFINITION('design','',#1972,#1975);
#1972 = PRODUCT_DEFINITION_FORMATION('','',#1973);
#1973 = PRODUCT('PIN003','PIN003','',(#1974));
#1974 = PRODUCT_CONTEXT('',#2,'mechanical');
#1975 = PRODUCT_DEFINITION_CONTEXT('part definition',#2,'design');
#1976 = ADVANCED_BREP_SHAPE_REPRESENTATION('',(#11,#1977),#2471);
#1977 = MANIFOLD_SOLID_BREP('',#1978);
#1978 = CLOSED_SHELL('',(#1979,#2037,#2104,#2129,#2154,#2180,#2206,#2223
    ,#2247,#2271,#2296,#2321,#2356,#2381,#2406,#2423,#2441,#2459));
#1979 = ADVANCED_FACE('',(#1980),#2032,.F.);
#1980 = FACE_BOUND('',#1981,.F.);
#1981 = EDGE_LOOP('',(#1982,#1992,#2000,#2009,#2017,#2026));
#1982 = ORIENTED_EDGE('',*,*,#1983,.F.);
#1983 = EDGE_CURVE('',#1984,#1986,#1988,.T.);
#1984 = VERTEX_POINT('',#1985);
#1985 = CARTESIAN_POINT('',(-0.6,0.6,0.));
#1986 = VERTEX_POINT('',#1987);
#1987 = CARTESIAN_POINT('',(0.6,0.6,0.));
#1988 = LINE('',#1989,#1990);
#1989 = CARTESIAN_POINT('',(-0.8,0.6,0.));
#1990 = VECTOR('',#1991,1.);
#1991 = DIRECTION('',(1.,0.,0.));
#1992 = ORIENTED_EDGE('',*,*,#1993,.F.);
#1993 = EDGE_CURVE('',#1994,#1984,#1996,.T.);
#1994 = VERTEX_POINT('',#1995);
#1995 = CARTESIAN_POINT('',(-0.6,0.6,-4.01));
#1996 = LINE('',#1997,#1998);
#1997 = CARTESIAN_POINT('',(-0.6,0.6,-4.01));
#1998 = VECTOR('',#1999,1.);
#1999 = DIRECTION('',(0.,0.,1.));
#2000 = ORIENTED_EDGE('',*,*,#2001,.F.);
#2001 = EDGE_CURVE('',#2002,#1994,#2004,.T.);
#2002 = VERTEX_POINT('',#2003);
#2003 = CARTESIAN_POINT('',(-1.E-02,0.6,-4.6));
#2004 = CIRCLE('',#2005,0.59);
#2005 = AXIS2_PLACEMENT_3D('',#2006,#2007,#2008);
#2006 = CARTESIAN_POINT('',(-1.E-02,0.6,-4.01));
#2007 = DIRECTION('',(0.,1.,-0.));
#2008 = DIRECTION('',(-1.229677400692E-16,-0.,-1.));
#2009 = ORIENTED_EDGE('',*,*,#2010,.F.);
#2010 = EDGE_CURVE('',#2011,#2002,#2013,.T.);
#2011 = VERTEX_POINT('',#2012);
#2012 = CARTESIAN_POINT('',(1.E-02,0.6,-4.6));
#2013 = LINE('',#2014,#2015);
#2014 = CARTESIAN_POINT('',(1.E-02,0.6,-4.6));
#2015 = VECTOR('',#2016,1.);
#2016 = DIRECTION('',(-1.,-0.,-0.));
#2017 = ORIENTED_EDGE('',*,*,#2018,.F.);
#2018 = EDGE_CURVE('',#2019,#2011,#2021,.T.);
#2019 = VERTEX_POINT('',#2020);
#2020 = CARTESIAN_POINT('',(0.6,0.6,-4.01));
#2021 = CIRCLE('',#2022,0.59);
#2022 = AXIS2_PLACEMENT_3D('',#2023,#2024,#2025);
#2023 = CARTESIAN_POINT('',(1.E-02,0.6,-4.01));
#2024 = DIRECTION('',(-0.,1.,0.));
#2025 = DIRECTION('',(1.,0.,0.));
#2026 = ORIENTED_EDGE('',*,*,#2027,.F.);
#2027 = EDGE_CURVE('',#1986,#2019,#2028,.T.);
#2028 = LINE('',#2029,#2030);
#2029 = CARTESIAN_POINT('',(0.6,0.6,0.));
#2030 = VECTOR('',#2031,1.);
#2031 = DIRECTION('',(-0.,-0.,-1.));
#2032 = PLANE('',#2033);
#2033 = AXIS2_PLACEMENT_3D('',#2034,#2035,#2036);
#2034 = CARTESIAN_POINT('',(-0.8,0.6,0.));
#2035 = DIRECTION('',(0.,-1.,0.));
#2036 = DIRECTION('',(1.,0.,0.));
#2037 = ADVANCED_FACE('',(#2038),#2099,.T.);
#2038 = FACE_BOUND('',#2039,.T.);
#2039 = EDGE_LOOP('',(#2040,#2041,#2050,#2058,#2067,#2075,#2084,#2092));
#2040 = ORIENTED_EDGE('',*,*,#1983,.F.);
#2041 = ORIENTED_EDGE('',*,*,#2042,.T.);
#2042 = EDGE_CURVE('',#1984,#2043,#2045,.T.);
#2043 = VERTEX_POINT('',#2044);
#2044 = CARTESIAN_POINT('',(-0.8,0.4,0.));
#2045 = CIRCLE('',#2046,0.2);
#2046 = AXIS2_PLACEMENT_3D('',#2047,#2048,#2049);
#2047 = CARTESIAN_POINT('',(-0.6,0.4,0.));
#2048 = DIRECTION('',(-0.,0.,1.));
#2049 = DIRECTION('',(0.,-1.,0.));
#2050 = ORIENTED_EDGE('',*,*,#2051,.F.);
#2051 = EDGE_CURVE('',#2052,#2043,#2054,.T.);
#2052 = VERTEX_POINT('',#2053);
#2053 = CARTESIAN_POINT('',(-0.8,-0.4,0.));
#2054 = LINE('',#2055,#2056);
#2055 = CARTESIAN_POINT('',(-0.8,-0.6,0.));
#2056 = VECTOR('',#2057,1.);
#2057 = DIRECTION('',(0.,1.,0.));
#2058 = ORIENTED_EDGE('',*,*,#2059,.T.);
#2059 = EDGE_CURVE('',#2052,#2060,#2062,.T.);
#2060 = VERTEX_POINT('',#2061);
#2061 = CARTESIAN_POINT('',(-0.6,-0.6,0.));
#2062 = CIRCLE('',#2063,0.2);
#2063 = AXIS2_PLACEMENT_3D('',#2064,#2065,#2066);
#2064 = CARTESIAN_POINT('',(-0.6,-0.4,0.));
#2065 = DIRECTION('',(-0.,0.,1.));
#2066 = DIRECTION('',(0.,-1.,0.));
#2067 = ORIENTED_EDGE('',*,*,#2068,.F.);
#2068 = EDGE_CURVE('',#2069,#2060,#2071,.T.);
#2069 = VERTEX_POINT('',#2070);
#2070 = CARTESIAN_POINT('',(0.6,-0.6,0.));
#2071 = LINE('',#2072,#2073);
#2072 = CARTESIAN_POINT('',(0.8,-0.6,0.));
#2073 = VECTOR('',#2074,1.);
#2074 = DIRECTION('',(-1.,0.,0.));
#2075 = ORIENTED_EDGE('',*,*,#2076,.F.);
#2076 = EDGE_CURVE('',#2077,#2069,#2079,.T.);
#2077 = VERTEX_POINT('',#2078);
#2078 = CARTESIAN_POINT('',(0.8,-0.4,0.));
#2079 = CIRCLE('',#2080,0.2);
#2080 = AXIS2_PLACEMENT_3D('',#2081,#2082,#2083);
#2081 = CARTESIAN_POINT('',(0.6,-0.4,0.));
#2082 = DIRECTION('',(0.,0.,-1.));
#2083 = DIRECTION('',(0.,1.,0.));
#2084 = ORIENTED_EDGE('',*,*,#2085,.F.);
#2085 = EDGE_CURVE('',#2086,#2077,#2088,.T.);
#2086 = VERTEX_POINT('',#2087);
#2087 = CARTESIAN_POINT('',(0.8,0.4,0.));
#2088 = LINE('',#2089,#2090);
#2089 = CARTESIAN_POINT('',(0.8,0.6,0.));
#2090 = VECTOR('',#2091,1.);
#2091 = DIRECTION('',(0.,-1.,0.));
#2092 = ORIENTED_EDGE('',*,*,#2093,.F.);
#2093 = EDGE_CURVE('',#1986,#2086,#2094,.T.);
#2094 = CIRCLE('',#2095,0.2);
#2095 = AXIS2_PLACEMENT_3D('',#2096,#2097,#2098);
#2096 = CARTESIAN_POINT('',(0.6,0.4,0.));
#2097 = DIRECTION('',(0.,0.,-1.));
#2098 = DIRECTION('',(0.,1.,0.));
#2099 = PLANE('',#2100);
#2100 = AXIS2_PLACEMENT_3D('',#2101,#2102,#2103);
#2101 = CARTESIAN_POINT('',(0.,-1.982541115402E-17,0.));
#2102 = DIRECTION('',(0.,0.,1.));
#2103 = DIRECTION('',(1.,0.,0.));
#2104 = ADVANCED_FACE('',(#2105),#2124,.T.);
#2105 = FACE_BOUND('',#2106,.T.);
#2106 = EDGE_LOOP('',(#2107,#2116,#2122,#2123));
#2107 = ORIENTED_EDGE('',*,*,#2108,.T.);
#2108 = EDGE_CURVE('',#1994,#2109,#2111,.T.);
#2109 = VERTEX_POINT('',#2110);
#2110 = CARTESIAN_POINT('',(-0.8,0.4,-4.01));
#2111 = CIRCLE('',#2112,0.2);
#2112 = AXIS2_PLACEMENT_3D('',#2113,#2114,#2115);
#2113 = CARTESIAN_POINT('',(-0.6,0.4,-4.01));
#2114 = DIRECTION('',(6.173540011187E-17,0.,1.));
#2115 = DIRECTION('',(-1.,0.,6.173540011187E-17));
#2116 = ORIENTED_EDGE('',*,*,#2117,.T.);
#2117 = EDGE_CURVE('',#2109,#2043,#2118,.T.);
#2118 = LINE('',#2119,#2120);
#2119 = CARTESIAN_POINT('',(-0.8,0.4,-4.01));
#2120 = VECTOR('',#2121,1.);
#2121 = DIRECTION('',(0.,0.,1.));
#2122 = ORIENTED_EDGE('',*,*,#2042,.F.);
#2123 = ORIENTED_EDGE('',*,*,#1993,.F.);
#2124 = CYLINDRICAL_SURFACE('',#2125,0.2);
#2125 = AXIS2_PLACEMENT_3D('',#2126,#2127,#2128);
#2126 = CARTESIAN_POINT('',(-0.6,0.4,-4.01));
#2127 = DIRECTION('',(0.,0.,1.));
#2128 = DIRECTION('',(0.,1.,0.));
#2129 = ADVANCED_FACE('',(#2130),#2149,.T.);
#2130 = FACE_BOUND('',#2131,.T.);
#2131 = EDGE_LOOP('',(#2132,#2133,#2141,#2148));
#2132 = ORIENTED_EDGE('',*,*,#2093,.T.);
#2133 = ORIENTED_EDGE('',*,*,#2134,.T.);
#2134 = EDGE_CURVE('',#2086,#2135,#2137,.T.);
#2135 = VERTEX_POINT('',#2136);
#2136 = CARTESIAN_POINT('',(0.8,0.4,-4.01));
#2137 = LINE('',#2138,#2139);
#2138 = CARTESIAN_POINT('',(0.8,0.4,0.));
#2139 = VECTOR('',#2140,1.);
#2140 = DIRECTION('',(-0.,-0.,-1.));
#2141 = ORIENTED_EDGE('',*,*,#2142,.F.);
#2142 = EDGE_CURVE('',#2019,#2135,#2143,.T.);
#2143 = CIRCLE('',#2144,0.2);
#2144 = AXIS2_PLACEMENT_3D('',#2145,#2146,#2147);
#2145 = CARTESIAN_POINT('',(0.6,0.4,-4.01));
#2146 = DIRECTION('',(0.,0.,-1.));
#2147 = DIRECTION('',(0.,1.,0.));
#2148 = ORIENTED_EDGE('',*,*,#2027,.F.);
#2149 = CYLINDRICAL_SURFACE('',#2150,0.2);
#2150 = AXIS2_PLACEMENT_3D('',#2151,#2152,#2153);
#2151 = CARTESIAN_POINT('',(0.6,0.4,0.));
#2152 = DIRECTION('',(-0.,-0.,-1.));
#2153 = DIRECTION('',(0.,1.,0.));
#2154 = ADVANCED_FACE('',(#2155),#2175,.T.);
#2155 = FACE_BOUND('',#2156,.F.);
#2156 = EDGE_LOOP('',(#2157,#2166,#2167,#2168));
#2157 = ORIENTED_EDGE('',*,*,#2158,.F.);
#2158 = EDGE_CURVE('',#2002,#2159,#2161,.T.);
#2159 = VERTEX_POINT('',#2160);
#2160 = CARTESIAN_POINT('',(-1.E-02,0.4,-4.8));
#2161 = CIRCLE('',#2162,0.2);
#2162 = AXIS2_PLACEMENT_3D('',#2163,#2164,#2165);
#2163 = CARTESIAN_POINT('',(-1.E-02,0.4,-4.6));
#2164 = DIRECTION('',(-1.,0.,0.));
#2165 = DIRECTION('',(0.,1.,0.));
#2166 = ORIENTED_EDGE('',*,*,#2001,.T.);
#2167 = ORIENTED_EDGE('',*,*,#2108,.T.);
#2168 = ORIENTED_EDGE('',*,*,#2169,.F.);
#2169 = EDGE_CURVE('',#2159,#2109,#2170,.T.);
#2170 = CIRCLE('',#2171,0.79);
#2171 = AXIS2_PLACEMENT_3D('',#2172,#2173,#2174);
#2172 = CARTESIAN_POINT('',(-1.E-02,0.4,-4.01));
#2173 = DIRECTION('',(0.,1.,-0.));
#2174 = DIRECTION('',(-1.229677400692E-16,-0.,-1.));
#2175 = TOROIDAL_SURFACE('',#2176,0.59,0.2);
#2176 = AXIS2_PLACEMENT_3D('',#2177,#2178,#2179);
#2177 = CARTESIAN_POINT('',(-1.E-02,0.4,-4.01));
#2178 = DIRECTION('',(0.,-1.,0.));
#2179 = DIRECTION('',(-1.229677400692E-16,-0.,-1.));
#2180 = ADVANCED_FACE('',(#2181),#2201,.T.);
#2181 = FACE_BOUND('',#2182,.F.);
#2182 = EDGE_LOOP('',(#2183,#2184,#2185,#2194));
#2183 = ORIENTED_EDGE('',*,*,#2142,.F.);
#2184 = ORIENTED_EDGE('',*,*,#2018,.T.);
#2185 = ORIENTED_EDGE('',*,*,#2186,.T.);
#2186 = EDGE_CURVE('',#2011,#2187,#2189,.T.);
#2187 = VERTEX_POINT('',#2188);
#2188 = CARTESIAN_POINT('',(1.E-02,0.4,-4.8));
#2189 = CIRCLE('',#2190,0.2);
#2190 = AXIS2_PLACEMENT_3D('',#2191,#2192,#2193);
#2191 = CARTESIAN_POINT('',(1.E-02,0.4,-4.6));
#2192 = DIRECTION('',(-1.,-0.,-6.123233995737E-17));
#2193 = DIRECTION('',(6.123233995737E-17,0.,-1.));
#2194 = ORIENTED_EDGE('',*,*,#2195,.F.);
#2195 = EDGE_CURVE('',#2135,#2187,#2196,.T.);
#2196 = CIRCLE('',#2197,0.79);
#2197 = AXIS2_PLACEMENT_3D('',#2198,#2199,#2200);
#2198 = CARTESIAN_POINT('',(1.E-02,0.4,-4.01));
#2199 = DIRECTION('',(-0.,1.,0.));
#2200 = DIRECTION('',(1.,0.,0.));
#2201 = TOROIDAL_SURFACE('',#2202,0.59,0.2);
#2202 = AXIS2_PLACEMENT_3D('',#2203,#2204,#2205);
#2203 = CARTESIAN_POINT('',(1.E-02,0.4,-4.01));
#2204 = DIRECTION('',(0.,-1.,0.));
#2205 = DIRECTION('',(1.,0.,0.));
#2206 = ADVANCED_FACE('',(#2207),#2218,.T.);
#2207 = FACE_BOUND('',#2208,.T.);
#2208 = EDGE_LOOP('',(#2209,#2210,#2216,#2217));
#2209 = ORIENTED_EDGE('',*,*,#2186,.T.);
#2210 = ORIENTED_EDGE('',*,*,#2211,.T.);
#2211 = EDGE_CURVE('',#2187,#2159,#2212,.T.);
#2212 = LINE('',#2213,#2214);
#2213 = CARTESIAN_POINT('',(1.E-02,0.4,-4.8));
#2214 = VECTOR('',#2215,1.);
#2215 = DIRECTION('',(-1.,-0.,-0.));
#2216 = ORIENTED_EDGE('',*,*,#2158,.F.);
#2217 = ORIENTED_EDGE('',*,*,#2010,.F.);
#2218 = CYLINDRICAL_SURFACE('',#2219,0.2);
#2219 = AXIS2_PLACEMENT_3D('',#2220,#2221,#2222);
#2220 = CARTESIAN_POINT('',(1.E-02,0.4,-4.6));
#2221 = DIRECTION('',(-1.,-0.,-0.));
#2222 = DIRECTION('',(0.,1.,0.));
#2223 = ADVANCED_FACE('',(#2224),#2242,.F.);
#2224 = FACE_BOUND('',#2225,.F.);
#2225 = EDGE_LOOP('',(#2226,#2234,#2235,#2236));
#2226 = ORIENTED_EDGE('',*,*,#2227,.T.);
#2227 = EDGE_CURVE('',#2228,#2109,#2230,.T.);
#2228 = VERTEX_POINT('',#2229);
#2229 = CARTESIAN_POINT('',(-0.8,-0.4,-4.01));
#2230 = LINE('',#2231,#2232);
#2231 = CARTESIAN_POINT('',(-0.8,-0.6,-4.01));
#2232 = VECTOR('',#2233,1.);
#2233 = DIRECTION('',(0.,1.,0.));
#2234 = ORIENTED_EDGE('',*,*,#2117,.T.);
#2235 = ORIENTED_EDGE('',*,*,#2051,.F.);
#2236 = ORIENTED_EDGE('',*,*,#2237,.F.);
#2237 = EDGE_CURVE('',#2228,#2052,#2238,.T.);
#2238 = LINE('',#2239,#2240);
#2239 = CARTESIAN_POINT('',(-0.8,-0.4,-4.01));
#2240 = VECTOR('',#2241,1.);
#2241 = DIRECTION('',(0.,0.,1.));
#2242 = PLANE('',#2243);
#2243 = AXIS2_PLACEMENT_3D('',#2244,#2245,#2246);
#2244 = CARTESIAN_POINT('',(-0.8,-0.6,0.));
#2245 = DIRECTION('',(1.,0.,0.));
#2246 = DIRECTION('',(0.,1.,0.));
#2247 = ADVANCED_FACE('',(#2248),#2266,.F.);
#2248 = FACE_BOUND('',#2249,.F.);
#2249 = EDGE_LOOP('',(#2250,#2258,#2264,#2265));
#2250 = ORIENTED_EDGE('',*,*,#2251,.T.);
#2251 = EDGE_CURVE('',#2135,#2252,#2254,.T.);
#2252 = VERTEX_POINT('',#2253);
#2253 = CARTESIAN_POINT('',(0.8,-0.4,-4.01));
#2254 = LINE('',#2255,#2256);
#2255 = CARTESIAN_POINT('',(0.8,0.6,-4.01));
#2256 = VECTOR('',#2257,1.);
#2257 = DIRECTION('',(0.,-1.,0.));
#2258 = ORIENTED_EDGE('',*,*,#2259,.F.);
#2259 = EDGE_CURVE('',#2077,#2252,#2260,.T.);
#2260 = LINE('',#2261,#2262);
#2261 = CARTESIAN_POINT('',(0.8,-0.4,0.));
#2262 = VECTOR('',#2263,1.);
#2263 = DIRECTION('',(-0.,-0.,-1.));
#2264 = ORIENTED_EDGE('',*,*,#2085,.F.);
#2265 = ORIENTED_EDGE('',*,*,#2134,.T.);
#2266 = PLANE('',#2267);
#2267 = AXIS2_PLACEMENT_3D('',#2268,#2269,#2270);
#2268 = CARTESIAN_POINT('',(0.8,0.6,0.));
#2269 = DIRECTION('',(-1.,0.,0.));
#2270 = DIRECTION('',(0.,-1.,0.));
#2271 = ADVANCED_FACE('',(#2272),#2291,.T.);
#2272 = FACE_BOUND('',#2273,.T.);
#2273 = EDGE_LOOP('',(#2274,#2283,#2289,#2290));
#2274 = ORIENTED_EDGE('',*,*,#2275,.T.);
#2275 = EDGE_CURVE('',#2228,#2276,#2278,.T.);
#2276 = VERTEX_POINT('',#2277);
#2277 = CARTESIAN_POINT('',(-0.6,-0.6,-4.01));
#2278 = CIRCLE('',#2279,0.2);
#2279 = AXIS2_PLACEMENT_3D('',#2280,#2281,#2282);
#2280 = CARTESIAN_POINT('',(-0.6,-0.4,-4.01));
#2281 = DIRECTION('',(6.173540011187E-17,0.,1.));
#2282 = DIRECTION('',(-1.,0.,6.173540011187E-17));
#2283 = ORIENTED_EDGE('',*,*,#2284,.T.);
#2284 = EDGE_CURVE('',#2276,#2060,#2285,.T.);
#2285 = LINE('',#2286,#2287);
#2286 = CARTESIAN_POINT('',(-0.6,-0.6,-4.01));
#2287 = VECTOR('',#2288,1.);
#2288 = DIRECTION('',(0.,0.,1.));
#2289 = ORIENTED_EDGE('',*,*,#2059,.F.);
#2290 = ORIENTED_EDGE('',*,*,#2237,.F.);
#2291 = CYLINDRICAL_SURFACE('',#2292,0.2);
#2292 = AXIS2_PLACEMENT_3D('',#2293,#2294,#2295);
#2293 = CARTESIAN_POINT('',(-0.6,-0.4,-4.01));
#2294 = DIRECTION('',(0.,0.,1.));
#2295 = DIRECTION('',(-1.,0.,0.));
#2296 = ADVANCED_FACE('',(#2297),#2316,.T.);
#2297 = FACE_BOUND('',#2298,.T.);
#2298 = EDGE_LOOP('',(#2299,#2300,#2308,#2315));
#2299 = ORIENTED_EDGE('',*,*,#2076,.T.);
#2300 = ORIENTED_EDGE('',*,*,#2301,.T.);
#2301 = EDGE_CURVE('',#2069,#2302,#2304,.T.);
#2302 = VERTEX_POINT('',#2303);
#2303 = CARTESIAN_POINT('',(0.6,-0.6,-4.01));
#2304 = LINE('',#2305,#2306);
#2305 = CARTESIAN_POINT('',(0.6,-0.6,0.));
#2306 = VECTOR('',#2307,1.);
#2307 = DIRECTION('',(-0.,-0.,-1.));
#2308 = ORIENTED_EDGE('',*,*,#2309,.F.);
#2309 = EDGE_CURVE('',#2252,#2302,#2310,.T.);
#2310 = CIRCLE('',#2311,0.2);
#2311 = AXIS2_PLACEMENT_3D('',#2312,#2313,#2314);
#2312 = CARTESIAN_POINT('',(0.6,-0.4,-4.01));
#2313 = DIRECTION('',(0.,0.,-1.));
#2314 = DIRECTION('',(1.,0.,0.));
#2315 = ORIENTED_EDGE('',*,*,#2259,.F.);
#2316 = CYLINDRICAL_SURFACE('',#2317,0.2);
#2317 = AXIS2_PLACEMENT_3D('',#2318,#2319,#2320);
#2318 = CARTESIAN_POINT('',(0.6,-0.4,0.));
#2319 = DIRECTION('',(-0.,-0.,-1.));
#2320 = DIRECTION('',(1.,0.,0.));
#2321 = ADVANCED_FACE('',(#2322),#2351,.F.);
#2322 = FACE_BOUND('',#2323,.F.);
#2323 = EDGE_LOOP('',(#2324,#2325,#2326,#2335,#2343,#2350));
#2324 = ORIENTED_EDGE('',*,*,#2068,.F.);
#2325 = ORIENTED_EDGE('',*,*,#2301,.T.);
#2326 = ORIENTED_EDGE('',*,*,#2327,.T.);
#2327 = EDGE_CURVE('',#2302,#2328,#2330,.T.);
#2328 = VERTEX_POINT('',#2329);
#2329 = CARTESIAN_POINT('',(1.E-02,-0.6,-4.6));
#2330 = CIRCLE('',#2331,0.59);
#2331 = AXIS2_PLACEMENT_3D('',#2332,#2333,#2334);
#2332 = CARTESIAN_POINT('',(1.E-02,-0.6,-4.01));
#2333 = DIRECTION('',(-0.,1.,0.));
#2334 = DIRECTION('',(1.,0.,0.));
#2335 = ORIENTED_EDGE('',*,*,#2336,.T.);
#2336 = EDGE_CURVE('',#2328,#2337,#2339,.T.);
#2337 = VERTEX_POINT('',#2338);
#2338 = CARTESIAN_POINT('',(-1.E-02,-0.6,-4.6));
#2339 = LINE('',#2340,#2341);
#2340 = CARTESIAN_POINT('',(1.E-02,-0.6,-4.6));
#2341 = VECTOR('',#2342,1.);
#2342 = DIRECTION('',(-1.,0.,0.));
#2343 = ORIENTED_EDGE('',*,*,#2344,.T.);
#2344 = EDGE_CURVE('',#2337,#2276,#2345,.T.);
#2345 = CIRCLE('',#2346,0.59);
#2346 = AXIS2_PLACEMENT_3D('',#2347,#2348,#2349);
#2347 = CARTESIAN_POINT('',(-1.E-02,-0.6,-4.01));
#2348 = DIRECTION('',(0.,1.,0.));
#2349 = DIRECTION('',(-1.229677400692E-16,0.,-1.));
#2350 = ORIENTED_EDGE('',*,*,#2284,.T.);
#2351 = PLANE('',#2352);
#2352 = AXIS2_PLACEMENT_3D('',#2353,#2354,#2355);
#2353 = CARTESIAN_POINT('',(0.8,-0.6,0.));
#2354 = DIRECTION('',(0.,1.,0.));
#2355 = DIRECTION('',(-1.,0.,0.));
#2356 = ADVANCED_FACE('',(#2357),#2376,.T.);
#2357 = FACE_BOUND('',#2358,.F.);
#2358 = EDGE_LOOP('',(#2359,#2360,#2369,#2375));
#2359 = ORIENTED_EDGE('',*,*,#2227,.F.);
#2360 = ORIENTED_EDGE('',*,*,#2361,.F.);
#2361 = EDGE_CURVE('',#2362,#2228,#2364,.T.);
#2362 = VERTEX_POINT('',#2363);
#2363 = CARTESIAN_POINT('',(-1.E-02,-0.4,-4.8));
#2364 = CIRCLE('',#2365,0.79);
#2365 = AXIS2_PLACEMENT_3D('',#2366,#2367,#2368);
#2366 = CARTESIAN_POINT('',(-1.E-02,-0.4,-4.01));
#2367 = DIRECTION('',(0.,1.,0.));
#2368 = DIRECTION('',(-1.229677400692E-16,0.,-1.));
#2369 = ORIENTED_EDGE('',*,*,#2370,.T.);
#2370 = EDGE_CURVE('',#2362,#2159,#2371,.T.);
#2371 = LINE('',#2372,#2373);
#2372 = CARTESIAN_POINT('',(-1.E-02,-0.6,-4.8));
#2373 = VECTOR('',#2374,1.);
#2374 = DIRECTION('',(0.,1.,0.));
#2375 = ORIENTED_EDGE('',*,*,#2169,.T.);
#2376 = CYLINDRICAL_SURFACE('',#2377,0.79);
#2377 = AXIS2_PLACEMENT_3D('',#2378,#2379,#2380);
#2378 = CARTESIAN_POINT('',(-1.E-02,-0.6,-4.01));
#2379 = DIRECTION('',(0.,1.,0.));
#2380 = DIRECTION('',(-1.,0.,0.));
#2381 = ADVANCED_FACE('',(#2382),#2401,.T.);
#2382 = FACE_BOUND('',#2383,.F.);
#2383 = EDGE_LOOP('',(#2384,#2385,#2386,#2394));
#2384 = ORIENTED_EDGE('',*,*,#2251,.F.);
#2385 = ORIENTED_EDGE('',*,*,#2195,.T.);
#2386 = ORIENTED_EDGE('',*,*,#2387,.T.);
#2387 = EDGE_CURVE('',#2187,#2388,#2390,.T.);
#2388 = VERTEX_POINT('',#2389);
#2389 = CARTESIAN_POINT('',(1.E-02,-0.4,-4.8));
#2390 = LINE('',#2391,#2392);
#2391 = CARTESIAN_POINT('',(1.E-02,0.6,-4.8));
#2392 = VECTOR('',#2393,1.);
#2393 = DIRECTION('',(0.,-1.,0.));
#2394 = ORIENTED_EDGE('',*,*,#2395,.F.);
#2395 = EDGE_CURVE('',#2252,#2388,#2396,.T.);
#2396 = CIRCLE('',#2397,0.79);
#2397 = AXIS2_PLACEMENT_3D('',#2398,#2399,#2400);
#2398 = CARTESIAN_POINT('',(1.E-02,-0.4,-4.01));
#2399 = DIRECTION('',(-0.,1.,0.));
#2400 = DIRECTION('',(1.,0.,0.));
#2401 = CYLINDRICAL_SURFACE('',#2402,0.79);
#2402 = AXIS2_PLACEMENT_3D('',#2403,#2404,#2405);
#2403 = CARTESIAN_POINT('',(1.E-02,0.6,-4.01));
#2404 = DIRECTION('',(0.,-1.,0.));
#2405 = DIRECTION('',(1.,0.,0.));
#2406 = ADVANCED_FACE('',(#2407),#2418,.F.);
#2407 = FACE_BOUND('',#2408,.F.);
#2408 = EDGE_LOOP('',(#2409,#2410,#2416,#2417));
#2409 = ORIENTED_EDGE('',*,*,#2370,.F.);
#2410 = ORIENTED_EDGE('',*,*,#2411,.F.);
#2411 = EDGE_CURVE('',#2388,#2362,#2412,.T.);
#2412 = LINE('',#2413,#2414);
#2413 = CARTESIAN_POINT('',(1.E-02,-0.4,-4.8));
#2414 = VECTOR('',#2415,1.);
#2415 = DIRECTION('',(-1.,0.,0.));
#2416 = ORIENTED_EDGE('',*,*,#2387,.F.);
#2417 = ORIENTED_EDGE('',*,*,#2211,.T.);
#2418 = PLANE('',#2419);
#2419 = AXIS2_PLACEMENT_3D('',#2420,#2421,#2422);
#2420 = CARTESIAN_POINT('',(0.,-1.982541115402E-17,-4.8));
#2421 = DIRECTION('',(0.,0.,1.));
#2422 = DIRECTION('',(1.,0.,0.));
#2423 = ADVANCED_FACE('',(#2424),#2436,.T.);
#2424 = FACE_BOUND('',#2425,.F.);
#2425 = EDGE_LOOP('',(#2426,#2433,#2434,#2435));
#2426 = ORIENTED_EDGE('',*,*,#2427,.F.);
#2427 = EDGE_CURVE('',#2362,#2337,#2428,.T.);
#2428 = CIRCLE('',#2429,0.2);
#2429 = AXIS2_PLACEMENT_3D('',#2430,#2431,#2432);
#2430 = CARTESIAN_POINT('',(-1.E-02,-0.4,-4.6));
#2431 = DIRECTION('',(-1.,0.,0.));
#2432 = DIRECTION('',(0.,0.,-1.));
#2433 = ORIENTED_EDGE('',*,*,#2361,.T.);
#2434 = ORIENTED_EDGE('',*,*,#2275,.T.);
#2435 = ORIENTED_EDGE('',*,*,#2344,.F.);
#2436 = TOROIDAL_SURFACE('',#2437,0.59,0.2);
#2437 = AXIS2_PLACEMENT_3D('',#2438,#2439,#2440);
#2438 = CARTESIAN_POINT('',(-1.E-02,-0.4,-4.01));
#2439 = DIRECTION('',(0.,-1.,0.));
#2440 = DIRECTION('',(-1.229677400692E-16,0.,-1.));
#2441 = ADVANCED_FACE('',(#2442),#2454,.T.);
#2442 = FACE_BOUND('',#2443,.F.);
#2443 = EDGE_LOOP('',(#2444,#2445,#2446,#2453));
#2444 = ORIENTED_EDGE('',*,*,#2309,.F.);
#2445 = ORIENTED_EDGE('',*,*,#2395,.T.);
#2446 = ORIENTED_EDGE('',*,*,#2447,.T.);
#2447 = EDGE_CURVE('',#2388,#2328,#2448,.T.);
#2448 = CIRCLE('',#2449,0.2);
#2449 = AXIS2_PLACEMENT_3D('',#2450,#2451,#2452);
#2450 = CARTESIAN_POINT('',(1.E-02,-0.4,-4.6));
#2451 = DIRECTION('',(-1.,-0.,-6.123233995737E-17));
#2452 = DIRECTION('',(6.123233995737E-17,0.,-1.));
#2453 = ORIENTED_EDGE('',*,*,#2327,.F.);
#2454 = TOROIDAL_SURFACE('',#2455,0.59,0.2);
#2455 = AXIS2_PLACEMENT_3D('',#2456,#2457,#2458);
#2456 = CARTESIAN_POINT('',(1.E-02,-0.4,-4.01));
#2457 = DIRECTION('',(0.,-1.,0.));
#2458 = DIRECTION('',(1.,0.,0.));
#2459 = ADVANCED_FACE('',(#2460),#2466,.T.);
#2460 = FACE_BOUND('',#2461,.T.);
#2461 = EDGE_LOOP('',(#2462,#2463,#2464,#2465));
#2462 = ORIENTED_EDGE('',*,*,#2447,.T.);
#2463 = ORIENTED_EDGE('',*,*,#2336,.T.);
#2464 = ORIENTED_EDGE('',*,*,#2427,.F.);
#2465 = ORIENTED_EDGE('',*,*,#2411,.F.);
#2466 = CYLINDRICAL_SURFACE('',#2467,0.2);
#2467 = AXIS2_PLACEMENT_3D('',#2468,#2469,#2470);
#2468 = CARTESIAN_POINT('',(1.E-02,-0.4,-4.6));
#2469 = DIRECTION('',(-1.,0.,0.));
#2470 = DIRECTION('',(0.,0.,-1.));
#2471 = ( GEOMETRIC_REPRESENTATION_CONTEXT(3) 
GLOBAL_UNCERTAINTY_ASSIGNED_CONTEXT((#2475)) 
GLOBAL_UNIT_ASSIGNED_CONTEXT((#2472,#2473,#2474)) REPRESENTATION_CONTEXT
('Context #1','3D Context with UNIT and UNCERTAINTY') );
#2472 = ( LENGTH_UNIT() NAMED_UNIT(*) SI_UNIT(.MILLI.,.METRE.) );
#2473 = ( NAMED_UNIT(*) PLANE_ANGLE_UNIT() SI_UNIT($,.RADIAN.) );
#2474 = ( NAMED_UNIT(*) SI_UNIT($,.STERADIAN.) SOLID_ANGLE_UNIT() );
#2475 = UNCERTAINTY_MEASURE_WITH_UNIT(LENGTH_MEASURE(1.E-07),#2472,
  'distance_accuracy_value','confusion accuracy');
#2476 = CONTEXT_DEPENDENT_SHAPE_REPRESENTATION(#2477,#2479);
#2477 = ( REPRESENTATION_RELATIONSHIP('','',#1976,#10) 
REPRESENTATION_RELATIONSHIP_WITH_TRANSFORMATION(#2478) 
SHAPE_REPRESENTATION_RELATIONSHIP() );
#2478 = ITEM_DEFINED_TRANSFORMATION('','',#11,#27);
#2479 = PRODUCT_DEFINITION_SHAPE('Placement','Placement of an item',
  #2480);
#2480 = NEXT_ASSEMBLY_USAGE_OCCURRENCE('17','PIN003','',#5,#1971,$);
#2481 = PRODUCT_RELATED_PRODUCT_CATEGORY('part',$,(#1973));
#2482 = SHAPE_DEFINITION_REPRESENTATION(#2483,#2489);
#2483 = PRODUCT_DEFINITION_SHAPE('','',#2484);
#2484 = PRODUCT_DEFINITION('design','',#2485,#2488);
#2485 = PRODUCT_DEFINITION_FORMATION('','',#2486);
#2486 = PRODUCT('PIN004','PIN004','',(#2487));
#2487 = PRODUCT_CONTEXT('',#2,'mechanical');
#2488 = PRODUCT_DEFINITION_CONTEXT('part definition',#2,'design');
#2489 = ADVANCED_BREP_SHAPE_REPRESENTATION('',(#11,#2490),#2984);
#2490 = MANIFOLD_SOLID_BREP('',#2491);
#2491 = CLOSED_SHELL('',(#2492,#2550,#2617,#2642,#2667,#2693,#2719,#2736
    ,#2760,#2784,#2809,#2834,#2869,#2894,#2919,#2936,#2954,#2972));
#2492 = ADVANCED_FACE('',(#2493),#2545,.F.);
#2493 = FACE_BOUND('',#2494,.F.);
#2494 = EDGE_LOOP('',(#2495,#2505,#2513,#2522,#2530,#2539));
#2495 = ORIENTED_EDGE('',*,*,#2496,.F.);
#2496 = EDGE_CURVE('',#2497,#2499,#2501,.T.);
#2497 = VERTEX_POINT('',#2498);
#2498 = CARTESIAN_POINT('',(-0.6,0.8,0.));
#2499 = VERTEX_POINT('',#2500);
#2500 = CARTESIAN_POINT('',(0.6,0.8,0.));
#2501 = LINE('',#2502,#2503);
#2502 = CARTESIAN_POINT('',(-0.8,0.8,0.));
#2503 = VECTOR('',#2504,1.);
#2504 = DIRECTION('',(1.,0.,0.));
#2505 = ORIENTED_EDGE('',*,*,#2506,.F.);
#2506 = EDGE_CURVE('',#2507,#2497,#2509,.T.);
#2507 = VERTEX_POINT('',#2508);
#2508 = CARTESIAN_POINT('',(-0.6,0.8,-4.01));
#2509 = LINE('',#2510,#2511);
#2510 = CARTESIAN_POINT('',(-0.6,0.8,-4.01));
#2511 = VECTOR('',#2512,1.);
#2512 = DIRECTION('',(0.,0.,1.));
#2513 = ORIENTED_EDGE('',*,*,#2514,.F.);
#2514 = EDGE_CURVE('',#2515,#2507,#2517,.T.);
#2515 = VERTEX_POINT('',#2516);
#2516 = CARTESIAN_POINT('',(-1.E-02,0.8,-4.6));
#2517 = CIRCLE('',#2518,0.59);
#2518 = AXIS2_PLACEMENT_3D('',#2519,#2520,#2521);
#2519 = CARTESIAN_POINT('',(-1.E-02,0.8,-4.01));
#2520 = DIRECTION('',(0.,1.,-0.));
#2521 = DIRECTION('',(-1.229677400692E-16,-0.,-1.));
#2522 = ORIENTED_EDGE('',*,*,#2523,.F.);
#2523 = EDGE_CURVE('',#2524,#2515,#2526,.T.);
#2524 = VERTEX_POINT('',#2525);
#2525 = CARTESIAN_POINT('',(1.E-02,0.8,-4.6));
#2526 = LINE('',#2527,#2528);
#2527 = CARTESIAN_POINT('',(1.E-02,0.8,-4.6));
#2528 = VECTOR('',#2529,1.);
#2529 = DIRECTION('',(-1.,-0.,-0.));
#2530 = ORIENTED_EDGE('',*,*,#2531,.F.);
#2531 = EDGE_CURVE('',#2532,#2524,#2534,.T.);
#2532 = VERTEX_POINT('',#2533);
#2533 = CARTESIAN_POINT('',(0.6,0.8,-4.01));
#2534 = CIRCLE('',#2535,0.59);
#2535 = AXIS2_PLACEMENT_3D('',#2536,#2537,#2538);
#2536 = CARTESIAN_POINT('',(1.E-02,0.8,-4.01));
#2537 = DIRECTION('',(-0.,1.,0.));
#2538 = DIRECTION('',(1.,0.,0.));
#2539 = ORIENTED_EDGE('',*,*,#2540,.F.);
#2540 = EDGE_CURVE('',#2499,#2532,#2541,.T.);
#2541 = LINE('',#2542,#2543);
#2542 = CARTESIAN_POINT('',(0.6,0.8,0.));
#2543 = VECTOR('',#2544,1.);
#2544 = DIRECTION('',(-0.,-0.,-1.));
#2545 = PLANE('',#2546);
#2546 = AXIS2_PLACEMENT_3D('',#2547,#2548,#2549);
#2547 = CARTESIAN_POINT('',(-0.8,0.8,0.));
#2548 = DIRECTION('',(0.,-1.,0.));
#2549 = DIRECTION('',(1.,0.,0.));
#2550 = ADVANCED_FACE('',(#2551),#2612,.T.);
#2551 = FACE_BOUND('',#2552,.T.);
#2552 = EDGE_LOOP('',(#2553,#2554,#2563,#2571,#2580,#2588,#2597,#2605));
#2553 = ORIENTED_EDGE('',*,*,#2496,.F.);
#2554 = ORIENTED_EDGE('',*,*,#2555,.T.);
#2555 = EDGE_CURVE('',#2497,#2556,#2558,.T.);
#2556 = VERTEX_POINT('',#2557);
#2557 = CARTESIAN_POINT('',(-0.8,0.6,0.));
#2558 = CIRCLE('',#2559,0.2);
#2559 = AXIS2_PLACEMENT_3D('',#2560,#2561,#2562);
#2560 = CARTESIAN_POINT('',(-0.6,0.6,0.));
#2561 = DIRECTION('',(-0.,0.,1.));
#2562 = DIRECTION('',(0.,-1.,0.));
#2563 = ORIENTED_EDGE('',*,*,#2564,.F.);
#2564 = EDGE_CURVE('',#2565,#2556,#2567,.T.);
#2565 = VERTEX_POINT('',#2566);
#2566 = CARTESIAN_POINT('',(-0.8,-0.6,0.));
#2567 = LINE('',#2568,#2569);
#2568 = CARTESIAN_POINT('',(-0.8,-0.8,0.));
#2569 = VECTOR('',#2570,1.);
#2570 = DIRECTION('',(0.,1.,0.));
#2571 = ORIENTED_EDGE('',*,*,#2572,.T.);
#2572 = EDGE_CURVE('',#2565,#2573,#2575,.T.);
#2573 = VERTEX_POINT('',#2574);
#2574 = CARTESIAN_POINT('',(-0.6,-0.8,0.));
#2575 = CIRCLE('',#2576,0.2);
#2576 = AXIS2_PLACEMENT_3D('',#2577,#2578,#2579);
#2577 = CARTESIAN_POINT('',(-0.6,-0.6,0.));
#2578 = DIRECTION('',(-0.,0.,1.));
#2579 = DIRECTION('',(0.,-1.,0.));
#2580 = ORIENTED_EDGE('',*,*,#2581,.F.);
#2581 = EDGE_CURVE('',#2582,#2573,#2584,.T.);
#2582 = VERTEX_POINT('',#2583);
#2583 = CARTESIAN_POINT('',(0.6,-0.8,0.));
#2584 = LINE('',#2585,#2586);
#2585 = CARTESIAN_POINT('',(0.8,-0.8,0.));
#2586 = VECTOR('',#2587,1.);
#2587 = DIRECTION('',(-1.,0.,0.));
#2588 = ORIENTED_EDGE('',*,*,#2589,.F.);
#2589 = EDGE_CURVE('',#2590,#2582,#2592,.T.);
#2590 = VERTEX_POINT('',#2591);
#2591 = CARTESIAN_POINT('',(0.8,-0.6,0.));
#2592 = CIRCLE('',#2593,0.2);
#2593 = AXIS2_PLACEMENT_3D('',#2594,#2595,#2596);
#2594 = CARTESIAN_POINT('',(0.6,-0.6,0.));
#2595 = DIRECTION('',(0.,0.,-1.));
#2596 = DIRECTION('',(0.,1.,0.));
#2597 = ORIENTED_EDGE('',*,*,#2598,.F.);
#2598 = EDGE_CURVE('',#2599,#2590,#2601,.T.);
#2599 = VERTEX_POINT('',#2600);
#2600 = CARTESIAN_POINT('',(0.8,0.6,0.));
#2601 = LINE('',#2602,#2603);
#2602 = CARTESIAN_POINT('',(0.8,0.8,0.));
#2603 = VECTOR('',#2604,1.);
#2604 = DIRECTION('',(0.,-1.,0.));
#2605 = ORIENTED_EDGE('',*,*,#2606,.F.);
#2606 = EDGE_CURVE('',#2499,#2599,#2607,.T.);
#2607 = CIRCLE('',#2608,0.2);
#2608 = AXIS2_PLACEMENT_3D('',#2609,#2610,#2611);
#2609 = CARTESIAN_POINT('',(0.6,0.6,0.));
#2610 = DIRECTION('',(0.,0.,-1.));
#2611 = DIRECTION('',(0.,1.,0.));
#2612 = PLANE('',#2613);
#2613 = AXIS2_PLACEMENT_3D('',#2614,#2615,#2616);
#2614 = CARTESIAN_POINT('',(0.,5.20417042793E-17,0.));
#2615 = DIRECTION('',(0.,0.,1.));
#2616 = DIRECTION('',(1.,0.,0.));
#2617 = ADVANCED_FACE('',(#2618),#2637,.T.);
#2618 = FACE_BOUND('',#2619,.T.);
#2619 = EDGE_LOOP('',(#2620,#2629,#2635,#2636));
#2620 = ORIENTED_EDGE('',*,*,#2621,.T.);
#2621 = EDGE_CURVE('',#2507,#2622,#2624,.T.);
#2622 = VERTEX_POINT('',#2623);
#2623 = CARTESIAN_POINT('',(-0.8,0.6,-4.01));
#2624 = CIRCLE('',#2625,0.2);
#2625 = AXIS2_PLACEMENT_3D('',#2626,#2627,#2628);
#2626 = CARTESIAN_POINT('',(-0.6,0.6,-4.01));
#2627 = DIRECTION('',(6.173540011187E-17,0.,1.));
#2628 = DIRECTION('',(-1.,0.,6.173540011187E-17));
#2629 = ORIENTED_EDGE('',*,*,#2630,.T.);
#2630 = EDGE_CURVE('',#2622,#2556,#2631,.T.);
#2631 = LINE('',#2632,#2633);
#2632 = CARTESIAN_POINT('',(-0.8,0.6,-4.01));
#2633 = VECTOR('',#2634,1.);
#2634 = DIRECTION('',(0.,0.,1.));
#2635 = ORIENTED_EDGE('',*,*,#2555,.F.);
#2636 = ORIENTED_EDGE('',*,*,#2506,.F.);
#2637 = CYLINDRICAL_SURFACE('',#2638,0.2);
#2638 = AXIS2_PLACEMENT_3D('',#2639,#2640,#2641);
#2639 = CARTESIAN_POINT('',(-0.6,0.6,-4.01));
#2640 = DIRECTION('',(0.,0.,1.));
#2641 = DIRECTION('',(0.,1.,0.));
#2642 = ADVANCED_FACE('',(#2643),#2662,.T.);
#2643 = FACE_BOUND('',#2644,.T.);
#2644 = EDGE_LOOP('',(#2645,#2646,#2654,#2661));
#2645 = ORIENTED_EDGE('',*,*,#2606,.T.);
#2646 = ORIENTED_EDGE('',*,*,#2647,.T.);
#2647 = EDGE_CURVE('',#2599,#2648,#2650,.T.);
#2648 = VERTEX_POINT('',#2649);
#2649 = CARTESIAN_POINT('',(0.8,0.6,-4.01));
#2650 = LINE('',#2651,#2652);
#2651 = CARTESIAN_POINT('',(0.8,0.6,0.));
#2652 = VECTOR('',#2653,1.);
#2653 = DIRECTION('',(-0.,-0.,-1.));
#2654 = ORIENTED_EDGE('',*,*,#2655,.F.);
#2655 = EDGE_CURVE('',#2532,#2648,#2656,.T.);
#2656 = CIRCLE('',#2657,0.2);
#2657 = AXIS2_PLACEMENT_3D('',#2658,#2659,#2660);
#2658 = CARTESIAN_POINT('',(0.6,0.6,-4.01));
#2659 = DIRECTION('',(0.,0.,-1.));
#2660 = DIRECTION('',(0.,1.,0.));
#2661 = ORIENTED_EDGE('',*,*,#2540,.F.);
#2662 = CYLINDRICAL_SURFACE('',#2663,0.2);
#2663 = AXIS2_PLACEMENT_3D('',#2664,#2665,#2666);
#2664 = CARTESIAN_POINT('',(0.6,0.6,0.));
#2665 = DIRECTION('',(-0.,-0.,-1.));
#2666 = DIRECTION('',(0.,1.,0.));
#2667 = ADVANCED_FACE('',(#2668),#2688,.T.);
#2668 = FACE_BOUND('',#2669,.F.);
#2669 = EDGE_LOOP('',(#2670,#2679,#2680,#2681));
#2670 = ORIENTED_EDGE('',*,*,#2671,.F.);
#2671 = EDGE_CURVE('',#2515,#2672,#2674,.T.);
#2672 = VERTEX_POINT('',#2673);
#2673 = CARTESIAN_POINT('',(-1.E-02,0.6,-4.8));
#2674 = CIRCLE('',#2675,0.2);
#2675 = AXIS2_PLACEMENT_3D('',#2676,#2677,#2678);
#2676 = CARTESIAN_POINT('',(-1.E-02,0.6,-4.6));
#2677 = DIRECTION('',(-1.,0.,0.));
#2678 = DIRECTION('',(0.,1.,0.));
#2679 = ORIENTED_EDGE('',*,*,#2514,.T.);
#2680 = ORIENTED_EDGE('',*,*,#2621,.T.);
#2681 = ORIENTED_EDGE('',*,*,#2682,.F.);
#2682 = EDGE_CURVE('',#2672,#2622,#2683,.T.);
#2683 = CIRCLE('',#2684,0.79);
#2684 = AXIS2_PLACEMENT_3D('',#2685,#2686,#2687);
#2685 = CARTESIAN_POINT('',(-1.E-02,0.6,-4.01));
#2686 = DIRECTION('',(0.,1.,-0.));
#2687 = DIRECTION('',(-1.229677400692E-16,-0.,-1.));
#2688 = TOROIDAL_SURFACE('',#2689,0.59,0.2);
#2689 = AXIS2_PLACEMENT_3D('',#2690,#2691,#2692);
#2690 = CARTESIAN_POINT('',(-1.E-02,0.6,-4.01));
#2691 = DIRECTION('',(0.,-1.,0.));
#2692 = DIRECTION('',(-1.229677400692E-16,-0.,-1.));
#2693 = ADVANCED_FACE('',(#2694),#2714,.T.);
#2694 = FACE_BOUND('',#2695,.F.);
#2695 = EDGE_LOOP('',(#2696,#2697,#2698,#2707));
#2696 = ORIENTED_EDGE('',*,*,#2655,.F.);
#2697 = ORIENTED_EDGE('',*,*,#2531,.T.);
#2698 = ORIENTED_EDGE('',*,*,#2699,.T.);
#2699 = EDGE_CURVE('',#2524,#2700,#2702,.T.);
#2700 = VERTEX_POINT('',#2701);
#2701 = CARTESIAN_POINT('',(1.E-02,0.6,-4.8));
#2702 = CIRCLE('',#2703,0.2);
#2703 = AXIS2_PLACEMENT_3D('',#2704,#2705,#2706);
#2704 = CARTESIAN_POINT('',(1.E-02,0.6,-4.6));
#2705 = DIRECTION('',(-1.,-0.,-6.123233995737E-17));
#2706 = DIRECTION('',(6.123233995737E-17,0.,-1.));
#2707 = ORIENTED_EDGE('',*,*,#2708,.F.);
#2708 = EDGE_CURVE('',#2648,#2700,#2709,.T.);
#2709 = CIRCLE('',#2710,0.79);
#2710 = AXIS2_PLACEMENT_3D('',#2711,#2712,#2713);
#2711 = CARTESIAN_POINT('',(1.E-02,0.6,-4.01));
#2712 = DIRECTION('',(-0.,1.,0.));
#2713 = DIRECTION('',(1.,0.,0.));
#2714 = TOROIDAL_SURFACE('',#2715,0.59,0.2);
#2715 = AXIS2_PLACEMENT_3D('',#2716,#2717,#2718);
#2716 = CARTESIAN_POINT('',(1.E-02,0.6,-4.01));
#2717 = DIRECTION('',(0.,-1.,0.));
#2718 = DIRECTION('',(1.,0.,0.));
#2719 = ADVANCED_FACE('',(#2720),#2731,.T.);
#2720 = FACE_BOUND('',#2721,.T.);
#2721 = EDGE_LOOP('',(#2722,#2723,#2729,#2730));
#2722 = ORIENTED_EDGE('',*,*,#2699,.T.);
#2723 = ORIENTED_EDGE('',*,*,#2724,.T.);
#2724 = EDGE_CURVE('',#2700,#2672,#2725,.T.);
#2725 = LINE('',#2726,#2727);
#2726 = CARTESIAN_POINT('',(1.E-02,0.6,-4.8));
#2727 = VECTOR('',#2728,1.);
#2728 = DIRECTION('',(-1.,-0.,-0.));
#2729 = ORIENTED_EDGE('',*,*,#2671,.F.);
#2730 = ORIENTED_EDGE('',*,*,#2523,.F.);
#2731 = CYLINDRICAL_SURFACE('',#2732,0.2);
#2732 = AXIS2_PLACEMENT_3D('',#2733,#2734,#2735);
#2733 = CARTESIAN_POINT('',(1.E-02,0.6,-4.6));
#2734 = DIRECTION('',(-1.,-0.,-0.));
#2735 = DIRECTION('',(0.,1.,0.));
#2736 = ADVANCED_FACE('',(#2737),#2755,.F.);
#2737 = FACE_BOUND('',#2738,.F.);
#2738 = EDGE_LOOP('',(#2739,#2747,#2748,#2749));
#2739 = ORIENTED_EDGE('',*,*,#2740,.T.);
#2740 = EDGE_CURVE('',#2741,#2622,#2743,.T.);
#2741 = VERTEX_POINT('',#2742);
#2742 = CARTESIAN_POINT('',(-0.8,-0.6,-4.01));
#2743 = LINE('',#2744,#2745);
#2744 = CARTESIAN_POINT('',(-0.8,-0.8,-4.01));
#2745 = VECTOR('',#2746,1.);
#2746 = DIRECTION('',(0.,1.,0.));
#2747 = ORIENTED_EDGE('',*,*,#2630,.T.);
#2748 = ORIENTED_EDGE('',*,*,#2564,.F.);
#2749 = ORIENTED_EDGE('',*,*,#2750,.F.);
#2750 = EDGE_CURVE('',#2741,#2565,#2751,.T.);
#2751 = LINE('',#2752,#2753);
#2752 = CARTESIAN_POINT('',(-0.8,-0.6,-4.01));
#2753 = VECTOR('',#2754,1.);
#2754 = DIRECTION('',(0.,0.,1.));
#2755 = PLANE('',#2756);
#2756 = AXIS2_PLACEMENT_3D('',#2757,#2758,#2759);
#2757 = CARTESIAN_POINT('',(-0.8,-0.8,0.));
#2758 = DIRECTION('',(1.,0.,0.));
#2759 = DIRECTION('',(0.,1.,0.));
#2760 = ADVANCED_FACE('',(#2761),#2779,.F.);
#2761 = FACE_BOUND('',#2762,.F.);
#2762 = EDGE_LOOP('',(#2763,#2771,#2777,#2778));
#2763 = ORIENTED_EDGE('',*,*,#2764,.T.);
#2764 = EDGE_CURVE('',#2648,#2765,#2767,.T.);
#2765 = VERTEX_POINT('',#2766);
#2766 = CARTESIAN_POINT('',(0.8,-0.6,-4.01));
#2767 = LINE('',#2768,#2769);
#2768 = CARTESIAN_POINT('',(0.8,0.8,-4.01));
#2769 = VECTOR('',#2770,1.);
#2770 = DIRECTION('',(0.,-1.,0.));
#2771 = ORIENTED_EDGE('',*,*,#2772,.F.);
#2772 = EDGE_CURVE('',#2590,#2765,#2773,.T.);
#2773 = LINE('',#2774,#2775);
#2774 = CARTESIAN_POINT('',(0.8,-0.6,0.));
#2775 = VECTOR('',#2776,1.);
#2776 = DIRECTION('',(-0.,-0.,-1.));
#2777 = ORIENTED_EDGE('',*,*,#2598,.F.);
#2778 = ORIENTED_EDGE('',*,*,#2647,.T.);
#2779 = PLANE('',#2780);
#2780 = AXIS2_PLACEMENT_3D('',#2781,#2782,#2783);
#2781 = CARTESIAN_POINT('',(0.8,0.8,0.));
#2782 = DIRECTION('',(-1.,0.,0.));
#2783 = DIRECTION('',(0.,-1.,0.));
#2784 = ADVANCED_FACE('',(#2785),#2804,.T.);
#2785 = FACE_BOUND('',#2786,.T.);
#2786 = EDGE_LOOP('',(#2787,#2796,#2802,#2803));
#2787 = ORIENTED_EDGE('',*,*,#2788,.T.);
#2788 = EDGE_CURVE('',#2741,#2789,#2791,.T.);
#2789 = VERTEX_POINT('',#2790);
#2790 = CARTESIAN_POINT('',(-0.6,-0.8,-4.01));
#2791 = CIRCLE('',#2792,0.2);
#2792 = AXIS2_PLACEMENT_3D('',#2793,#2794,#2795);
#2793 = CARTESIAN_POINT('',(-0.6,-0.6,-4.01));
#2794 = DIRECTION('',(6.173540011187E-17,0.,1.));
#2795 = DIRECTION('',(-1.,0.,6.173540011187E-17));
#2796 = ORIENTED_EDGE('',*,*,#2797,.T.);
#2797 = EDGE_CURVE('',#2789,#2573,#2798,.T.);
#2798 = LINE('',#2799,#2800);
#2799 = CARTESIAN_POINT('',(-0.6,-0.8,-4.01));
#2800 = VECTOR('',#2801,1.);
#2801 = DIRECTION('',(0.,0.,1.));
#2802 = ORIENTED_EDGE('',*,*,#2572,.F.);
#2803 = ORIENTED_EDGE('',*,*,#2750,.F.);
#2804 = CYLINDRICAL_SURFACE('',#2805,0.2);
#2805 = AXIS2_PLACEMENT_3D('',#2806,#2807,#2808);
#2806 = CARTESIAN_POINT('',(-0.6,-0.6,-4.01));
#2807 = DIRECTION('',(0.,0.,1.));
#2808 = DIRECTION('',(-1.,0.,0.));
#2809 = ADVANCED_FACE('',(#2810),#2829,.T.);
#2810 = FACE_BOUND('',#2811,.T.);
#2811 = EDGE_LOOP('',(#2812,#2813,#2821,#2828));
#2812 = ORIENTED_EDGE('',*,*,#2589,.T.);
#2813 = ORIENTED_EDGE('',*,*,#2814,.T.);
#2814 = EDGE_CURVE('',#2582,#2815,#2817,.T.);
#2815 = VERTEX_POINT('',#2816);
#2816 = CARTESIAN_POINT('',(0.6,-0.8,-4.01));
#2817 = LINE('',#2818,#2819);
#2818 = CARTESIAN_POINT('',(0.6,-0.8,0.));
#2819 = VECTOR('',#2820,1.);
#2820 = DIRECTION('',(-0.,-0.,-1.));
#2821 = ORIENTED_EDGE('',*,*,#2822,.F.);
#2822 = EDGE_CURVE('',#2765,#2815,#2823,.T.);
#2823 = CIRCLE('',#2824,0.2);
#2824 = AXIS2_PLACEMENT_3D('',#2825,#2826,#2827);
#2825 = CARTESIAN_POINT('',(0.6,-0.6,-4.01));
#2826 = DIRECTION('',(0.,0.,-1.));
#2827 = DIRECTION('',(1.,0.,0.));
#2828 = ORIENTED_EDGE('',*,*,#2772,.F.);
#2829 = CYLINDRICAL_SURFACE('',#2830,0.2);
#2830 = AXIS2_PLACEMENT_3D('',#2831,#2832,#2833);
#2831 = CARTESIAN_POINT('',(0.6,-0.6,0.));
#2832 = DIRECTION('',(-0.,-0.,-1.));
#2833 = DIRECTION('',(1.,0.,0.));
#2834 = ADVANCED_FACE('',(#2835),#2864,.F.);
#2835 = FACE_BOUND('',#2836,.F.);
#2836 = EDGE_LOOP('',(#2837,#2838,#2839,#2848,#2856,#2863));
#2837 = ORIENTED_EDGE('',*,*,#2581,.F.);
#2838 = ORIENTED_EDGE('',*,*,#2814,.T.);
#2839 = ORIENTED_EDGE('',*,*,#2840,.T.);
#2840 = EDGE_CURVE('',#2815,#2841,#2843,.T.);
#2841 = VERTEX_POINT('',#2842);
#2842 = CARTESIAN_POINT('',(1.E-02,-0.8,-4.6));
#2843 = CIRCLE('',#2844,0.59);
#2844 = AXIS2_PLACEMENT_3D('',#2845,#2846,#2847);
#2845 = CARTESIAN_POINT('',(1.E-02,-0.8,-4.01));
#2846 = DIRECTION('',(-0.,1.,0.));
#2847 = DIRECTION('',(1.,0.,0.));
#2848 = ORIENTED_EDGE('',*,*,#2849,.T.);
#2849 = EDGE_CURVE('',#2841,#2850,#2852,.T.);
#2850 = VERTEX_POINT('',#2851);
#2851 = CARTESIAN_POINT('',(-1.E-02,-0.8,-4.6));
#2852 = LINE('',#2853,#2854);
#2853 = CARTESIAN_POINT('',(1.E-02,-0.8,-4.6));
#2854 = VECTOR('',#2855,1.);
#2855 = DIRECTION('',(-1.,0.,0.));
#2856 = ORIENTED_EDGE('',*,*,#2857,.T.);
#2857 = EDGE_CURVE('',#2850,#2789,#2858,.T.);
#2858 = CIRCLE('',#2859,0.59);
#2859 = AXIS2_PLACEMENT_3D('',#2860,#2861,#2862);
#2860 = CARTESIAN_POINT('',(-1.E-02,-0.8,-4.01));
#2861 = DIRECTION('',(0.,1.,0.));
#2862 = DIRECTION('',(-1.229677400692E-16,0.,-1.));
#2863 = ORIENTED_EDGE('',*,*,#2797,.T.);
#2864 = PLANE('',#2865);
#2865 = AXIS2_PLACEMENT_3D('',#2866,#2867,#2868);
#2866 = CARTESIAN_POINT('',(0.8,-0.8,0.));
#2867 = DIRECTION('',(0.,1.,0.));
#2868 = DIRECTION('',(-1.,0.,0.));
#2869 = ADVANCED_FACE('',(#2870),#2889,.T.);
#2870 = FACE_BOUND('',#2871,.F.);
#2871 = EDGE_LOOP('',(#2872,#2873,#2882,#2888));
#2872 = ORIENTED_EDGE('',*,*,#2740,.F.);
#2873 = ORIENTED_EDGE('',*,*,#2874,.F.);
#2874 = EDGE_CURVE('',#2875,#2741,#2877,.T.);
#2875 = VERTEX_POINT('',#2876);
#2876 = CARTESIAN_POINT('',(-1.E-02,-0.6,-4.8));
#2877 = CIRCLE('',#2878,0.79);
#2878 = AXIS2_PLACEMENT_3D('',#2879,#2880,#2881);
#2879 = CARTESIAN_POINT('',(-1.E-02,-0.6,-4.01));
#2880 = DIRECTION('',(0.,1.,0.));
#2881 = DIRECTION('',(-1.229677400692E-16,0.,-1.));
#2882 = ORIENTED_EDGE('',*,*,#2883,.T.);
#2883 = EDGE_CURVE('',#2875,#2672,#2884,.T.);
#2884 = LINE('',#2885,#2886);
#2885 = CARTESIAN_POINT('',(-1.E-02,-0.8,-4.8));
#2886 = VECTOR('',#2887,1.);
#2887 = DIRECTION('',(0.,1.,0.));
#2888 = ORIENTED_EDGE('',*,*,#2682,.T.);
#2889 = CYLINDRICAL_SURFACE('',#2890,0.79);
#2890 = AXIS2_PLACEMENT_3D('',#2891,#2892,#2893);
#2891 = CARTESIAN_POINT('',(-1.E-02,-0.8,-4.01));
#2892 = DIRECTION('',(0.,1.,0.));
#2893 = DIRECTION('',(-1.,0.,0.));
#2894 = ADVANCED_FACE('',(#2895),#2914,.T.);
#2895 = FACE_BOUND('',#2896,.F.);
#2896 = EDGE_LOOP('',(#2897,#2898,#2899,#2907));
#2897 = ORIENTED_EDGE('',*,*,#2764,.F.);
#2898 = ORIENTED_EDGE('',*,*,#2708,.T.);
#2899 = ORIENTED_EDGE('',*,*,#2900,.T.);
#2900 = EDGE_CURVE('',#2700,#2901,#2903,.T.);
#2901 = VERTEX_POINT('',#2902);
#2902 = CARTESIAN_POINT('',(1.E-02,-0.6,-4.8));
#2903 = LINE('',#2904,#2905);
#2904 = CARTESIAN_POINT('',(1.E-02,0.8,-4.8));
#2905 = VECTOR('',#2906,1.);
#2906 = DIRECTION('',(0.,-1.,0.));
#2907 = ORIENTED_EDGE('',*,*,#2908,.F.);
#2908 = EDGE_CURVE('',#2765,#2901,#2909,.T.);
#2909 = CIRCLE('',#2910,0.79);
#2910 = AXIS2_PLACEMENT_3D('',#2911,#2912,#2913);
#2911 = CARTESIAN_POINT('',(1.E-02,-0.6,-4.01));
#2912 = DIRECTION('',(-0.,1.,0.));
#2913 = DIRECTION('',(1.,0.,0.));
#2914 = CYLINDRICAL_SURFACE('',#2915,0.79);
#2915 = AXIS2_PLACEMENT_3D('',#2916,#2917,#2918);
#2916 = CARTESIAN_POINT('',(1.E-02,0.8,-4.01));
#2917 = DIRECTION('',(0.,-1.,0.));
#2918 = DIRECTION('',(1.,0.,0.));
#2919 = ADVANCED_FACE('',(#2920),#2931,.F.);
#2920 = FACE_BOUND('',#2921,.F.);
#2921 = EDGE_LOOP('',(#2922,#2923,#2929,#2930));
#2922 = ORIENTED_EDGE('',*,*,#2883,.F.);
#2923 = ORIENTED_EDGE('',*,*,#2924,.F.);
#2924 = EDGE_CURVE('',#2901,#2875,#2925,.T.);
#2925 = LINE('',#2926,#2927);
#2926 = CARTESIAN_POINT('',(1.E-02,-0.6,-4.8));
#2927 = VECTOR('',#2928,1.);
#2928 = DIRECTION('',(-1.,0.,0.));
#2929 = ORIENTED_EDGE('',*,*,#2900,.F.);
#2930 = ORIENTED_EDGE('',*,*,#2724,.T.);
#2931 = PLANE('',#2932);
#2932 = AXIS2_PLACEMENT_3D('',#2933,#2934,#2935);
#2933 = CARTESIAN_POINT('',(0.,5.20417042793E-17,-4.8));
#2934 = DIRECTION('',(0.,0.,1.));
#2935 = DIRECTION('',(1.,0.,0.));
#2936 = ADVANCED_FACE('',(#2937),#2949,.T.);
#2937 = FACE_BOUND('',#2938,.F.);
#2938 = EDGE_LOOP('',(#2939,#2946,#2947,#2948));
#2939 = ORIENTED_EDGE('',*,*,#2940,.F.);
#2940 = EDGE_CURVE('',#2875,#2850,#2941,.T.);
#2941 = CIRCLE('',#2942,0.2);
#2942 = AXIS2_PLACEMENT_3D('',#2943,#2944,#2945);
#2943 = CARTESIAN_POINT('',(-1.E-02,-0.6,-4.6));
#2944 = DIRECTION('',(-1.,0.,0.));
#2945 = DIRECTION('',(0.,0.,-1.));
#2946 = ORIENTED_EDGE('',*,*,#2874,.T.);
#2947 = ORIENTED_EDGE('',*,*,#2788,.T.);
#2948 = ORIENTED_EDGE('',*,*,#2857,.F.);
#2949 = TOROIDAL_SURFACE('',#2950,0.59,0.2);
#2950 = AXIS2_PLACEMENT_3D('',#2951,#2952,#2953);
#2951 = CARTESIAN_POINT('',(-1.E-02,-0.6,-4.01));
#2952 = DIRECTION('',(0.,-1.,0.));
#2953 = DIRECTION('',(-1.229677400692E-16,0.,-1.));
#2954 = ADVANCED_FACE('',(#2955),#2967,.T.);
#2955 = FACE_BOUND('',#2956,.F.);
#2956 = EDGE_LOOP('',(#2957,#2958,#2959,#2966));
#2957 = ORIENTED_EDGE('',*,*,#2822,.F.);
#2958 = ORIENTED_EDGE('',*,*,#2908,.T.);
#2959 = ORIENTED_EDGE('',*,*,#2960,.T.);
#2960 = EDGE_CURVE('',#2901,#2841,#2961,.T.);
#2961 = CIRCLE('',#2962,0.2);
#2962 = AXIS2_PLACEMENT_3D('',#2963,#2964,#2965);
#2963 = CARTESIAN_POINT('',(1.E-02,-0.6,-4.6));
#2964 = DIRECTION('',(-1.,-0.,-6.123233995737E-17));
#2965 = DIRECTION('',(6.123233995737E-17,0.,-1.));
#2966 = ORIENTED_EDGE('',*,*,#2840,.F.);
#2967 = TOROIDAL_SURFACE('',#2968,0.59,0.2);
#2968 = AXIS2_PLACEMENT_3D('',#2969,#2970,#2971);
#2969 = CARTESIAN_POINT('',(1.E-02,-0.6,-4.01));
#2970 = DIRECTION('',(0.,-1.,0.));
#2971 = DIRECTION('',(1.,0.,0.));
#2972 = ADVANCED_FACE('',(#2973),#2979,.T.);
#2973 = FACE_BOUND('',#2974,.T.);
#2974 = EDGE_LOOP('',(#2975,#2976,#2977,#2978));
#2975 = ORIENTED_EDGE('',*,*,#2960,.T.);
#2976 = ORIENTED_EDGE('',*,*,#2849,.T.);
#2977 = ORIENTED_EDGE('',*,*,#2940,.F.);
#2978 = ORIENTED_EDGE('',*,*,#2924,.F.);
#2979 = CYLINDRICAL_SURFACE('',#2980,0.2);
#2980 = AXIS2_PLACEMENT_3D('',#2981,#2982,#2983);
#2981 = CARTESIAN_POINT('',(1.E-02,-0.6,-4.6));
#2982 = DIRECTION('',(-1.,0.,0.));
#2983 = DIRECTION('',(0.,0.,-1.));
#2984 = ( GEOMETRIC_REPRESENTATION_CONTEXT(3) 
GLOBAL_UNCERTAINTY_ASSIGNED_CONTEXT((#2988)) 
GLOBAL_UNIT_ASSIGNED_CONTEXT((#2985,#2986,#2987)) REPRESENTATION_CONTEXT
('Context #1','3D Context with UNIT and UNCERTAINTY') );
#2985 = ( LENGTH_UNIT() NAMED_UNIT(*) SI_UNIT(.MILLI.,.METRE.) );
#2986 = ( NAMED_UNIT(*) PLANE_ANGLE_UNIT() SI_UNIT($,.RADIAN.) );
#2987 = ( NAMED_UNIT(*) SI_UNIT($,.STERADIAN.) SOLID_ANGLE_UNIT() );
#2988 = UNCERTAINTY_MEASURE_WITH_UNIT(LENGTH_MEASURE(1.E-07),#2985,
  'distance_accuracy_value','confusion accuracy');
#2989 = CONTEXT_DEPENDENT_SHAPE_REPRESENTATION(#2990,#2992);
#2990 = ( REPRESENTATION_RELATIONSHIP('','',#2489,#10) 
REPRESENTATION_RELATIONSHIP_WITH_TRANSFORMATION(#2991) 
SHAPE_REPRESENTATION_RELATIONSHIP() );
#2991 = ITEM_DEFINED_TRANSFORMATION('','',#11,#31);
#2992 = PRODUCT_DEFINITION_SHAPE('Placement','Placement of an item',
  #2993);
#2993 = NEXT_ASSEMBLY_USAGE_OCCURRENCE('18','PIN004','',#5,#2484,$);
#2994 = PRODUCT_RELATED_PRODUCT_CATEGORY('part',$,(#2486));
#2995 = SHAPE_DEFINITION_REPRESENTATION(#2996,#3002);
#2996 = PRODUCT_DEFINITION_SHAPE('','',#2997);
#2997 = PRODUCT_DEFINITION('design','',#2998,#3001);
#2998 = PRODUCT_DEFINITION_FORMATION('','',#2999);
#2999 = PRODUCT('PIN006','PIN006','',(#3000));
#3000 = PRODUCT_CONTEXT('',#2,'mechanical');
#3001 = PRODUCT_DEFINITION_CONTEXT('part definition',#2,'design');
#3002 = ADVANCED_BREP_SHAPE_REPRESENTATION('',(#11,#3003),#3056);
#3003 = MANIFOLD_SOLID_BREP('',#3004);
#3004 = CLOSED_SHELL('',(#3005,#3038,#3047));
#3005 = ADVANCED_FACE('',(#3006),#3033,.T.);
#3006 = FACE_BOUND('',#3007,.T.);
#3007 = EDGE_LOOP('',(#3008,#3018,#3025,#3026));
#3008 = ORIENTED_EDGE('',*,*,#3009,.T.);
#3009 = EDGE_CURVE('',#3010,#3012,#3014,.T.);
#3010 = VERTEX_POINT('',#3011);
#3011 = CARTESIAN_POINT('',(0.55,0.,0.));
#3012 = VERTEX_POINT('',#3013);
#3013 = CARTESIAN_POINT('',(0.55,0.,-4.8));
#3014 = LINE('',#3015,#3016);
#3015 = CARTESIAN_POINT('',(0.55,0.,0.));
#3016 = VECTOR('',#3017,1.);
#3017 = DIRECTION('',(-0.,-0.,-1.));
#3018 = ORIENTED_EDGE('',*,*,#3019,.T.);
#3019 = EDGE_CURVE('',#3012,#3012,#3020,.T.);
#3020 = CIRCLE('',#3021,0.55);
#3021 = AXIS2_PLACEMENT_3D('',#3022,#3023,#3024);
#3022 = CARTESIAN_POINT('',(0.,0.,-4.8));
#3023 = DIRECTION('',(0.,0.,1.));
#3024 = DIRECTION('',(1.,0.,0.));
#3025 = ORIENTED_EDGE('',*,*,#3009,.F.);
#3026 = ORIENTED_EDGE('',*,*,#3027,.F.);
#3027 = EDGE_CURVE('',#3010,#3010,#3028,.T.);
#3028 = CIRCLE('',#3029,0.55);
#3029 = AXIS2_PLACEMENT_3D('',#3030,#3031,#3032);
#3030 = CARTESIAN_POINT('',(0.,0.,0.));
#3031 = DIRECTION('',(0.,0.,1.));
#3032 = DIRECTION('',(1.,0.,0.));
#3033 = CYLINDRICAL_SURFACE('',#3034,0.55);
#3034 = AXIS2_PLACEMENT_3D('',#3035,#3036,#3037);
#3035 = CARTESIAN_POINT('',(0.,0.,0.));
#3036 = DIRECTION('',(0.,0.,1.));
#3037 = DIRECTION('',(1.,0.,0.));
#3038 = ADVANCED_FACE('',(#3039),#3042,.T.);
#3039 = FACE_BOUND('',#3040,.T.);
#3040 = EDGE_LOOP('',(#3041));
#3041 = ORIENTED_EDGE('',*,*,#3027,.T.);
#3042 = PLANE('',#3043);
#3043 = AXIS2_PLACEMENT_3D('',#3044,#3045,#3046);
#3044 = CARTESIAN_POINT('',(-1.942386551903E-17,1.639587305368E-17,0.));
#3045 = DIRECTION('',(0.,0.,1.));
#3046 = DIRECTION('',(1.,0.,0.));
#3047 = ADVANCED_FACE('',(#3048),#3051,.F.);
#3048 = FACE_BOUND('',#3049,.F.);
#3049 = EDGE_LOOP('',(#3050));
#3050 = ORIENTED_EDGE('',*,*,#3019,.T.);
#3051 = PLANE('',#3052);
#3052 = AXIS2_PLACEMENT_3D('',#3053,#3054,#3055);
#3053 = CARTESIAN_POINT('',(-1.942386551903E-17,1.639587305368E-17,-4.8)
  );
#3054 = DIRECTION('',(0.,0.,1.));
#3055 = DIRECTION('',(1.,0.,0.));
#3056 = ( GEOMETRIC_REPRESENTATION_CONTEXT(3) 
GLOBAL_UNCERTAINTY_ASSIGNED_CONTEXT((#3060)) 
GLOBAL_UNIT_ASSIGNED_CONTEXT((#3057,#3058,#3059)) REPRESENTATION_CONTEXT
('Context #1','3D Context with UNIT and UNCERTAINTY') );
#3057 = ( LENGTH_UNIT() NAMED_UNIT(*) SI_UNIT(.MILLI.,.METRE.) );
#3058 = ( NAMED_UNIT(*) PLANE_ANGLE_UNIT() SI_UNIT($,.RADIAN.) );
#3059 = ( NAMED_UNIT(*) SI_UNIT($,.STERADIAN.) SOLID_ANGLE_UNIT() );
#3060 = UNCERTAINTY_MEASURE_WITH_UNIT(LENGTH_MEASURE(1.E-07),#3057,
  'distance_accuracy_value','confusion accuracy');
#3061 = CONTEXT_DEPENDENT_SHAPE_REPRESENTATION(#3062,#3064);
#3062 = ( REPRESENTATION_RELATIONSHIP('','',#3002,#10) 
REPRESENTATION_RELATIONSHIP_WITH_TRANSFORMATION(#3063) 
SHAPE_REPRESENTATION_RELATIONSHIP() );
#3063 = ITEM_DEFINED_TRANSFORMATION('','',#11,#35);
#3064 = PRODUCT_DEFINITION_SHAPE('Placement','Placement of an item',
  #3065);
#3065 = NEXT_ASSEMBLY_USAGE_OCCURRENCE('19','PIN006','',#5,#2997,$);
#3066 = PRODUCT_RELATED_PRODUCT_CATEGORY('part',$,(#2999));
#3067 = SHAPE_DEFINITION_REPRESENTATION(#3068,#3074);
#3068 = PRODUCT_DEFINITION_SHAPE('','',#3069);
#3069 = PRODUCT_DEFINITION('design','',#3070,#3073);
#3070 = PRODUCT_DEFINITION_FORMATION('','',#3071);
#3071 = PRODUCT('PIN007','PIN007','',(#3072));
#3072 = PRODUCT_CONTEXT('',#2,'mechanical');
#3073 = PRODUCT_DEFINITION_CONTEXT('part definition',#2,'design');
#3074 = ADVANCED_BREP_SHAPE_REPRESENTATION('',(#11,#3075),#3128);
#3075 = MANIFOLD_SOLID_BREP('',#3076);
#3076 = CLOSED_SHELL('',(#3077,#3110,#3119));
#3077 = ADVANCED_FACE('',(#3078),#3105,.T.);
#3078 = FACE_BOUND('',#3079,.T.);
#3079 = EDGE_LOOP('',(#3080,#3090,#3097,#3098));
#3080 = ORIENTED_EDGE('',*,*,#3081,.T.);
#3081 = EDGE_CURVE('',#3082,#3084,#3086,.T.);
#3082 = VERTEX_POINT('',#3083);
#3083 = CARTESIAN_POINT('',(0.55,0.,0.));
#3084 = VERTEX_POINT('',#3085);
#3085 = CARTESIAN_POINT('',(0.55,0.,-4.8));
#3086 = LINE('',#3087,#3088);
#3087 = CARTESIAN_POINT('',(0.55,0.,0.));
#3088 = VECTOR('',#3089,1.);
#3089 = DIRECTION('',(-0.,-0.,-1.));
#3090 = ORIENTED_EDGE('',*,*,#3091,.T.);
#3091 = EDGE_CURVE('',#3084,#3084,#3092,.T.);
#3092 = CIRCLE('',#3093,0.55);
#3093 = AXIS2_PLACEMENT_3D('',#3094,#3095,#3096);
#3094 = CARTESIAN_POINT('',(0.,0.,-4.8));
#3095 = DIRECTION('',(0.,0.,1.));
#3096 = DIRECTION('',(1.,0.,0.));
#3097 = ORIENTED_EDGE('',*,*,#3081,.F.);
#3098 = ORIENTED_EDGE('',*,*,#3099,.F.);
#3099 = EDGE_CURVE('',#3082,#3082,#3100,.T.);
#3100 = CIRCLE('',#3101,0.55);
#3101 = AXIS2_PLACEMENT_3D('',#3102,#3103,#3104);
#3102 = CARTESIAN_POINT('',(0.,0.,0.));
#3103 = DIRECTION('',(0.,0.,1.));
#3104 = DIRECTION('',(1.,0.,0.));
#3105 = CYLINDRICAL_SURFACE('',#3106,0.55);
#3106 = AXIS2_PLACEMENT_3D('',#3107,#3108,#3109);
#3107 = CARTESIAN_POINT('',(0.,0.,0.));
#3108 = DIRECTION('',(0.,0.,1.));
#3109 = DIRECTION('',(1.,0.,-0.));
#3110 = ADVANCED_FACE('',(#3111),#3114,.T.);
#3111 = FACE_BOUND('',#3112,.T.);
#3112 = EDGE_LOOP('',(#3113));
#3113 = ORIENTED_EDGE('',*,*,#3099,.T.);
#3114 = PLANE('',#3115);
#3115 = AXIS2_PLACEMENT_3D('',#3116,#3117,#3118);
#3116 = CARTESIAN_POINT('',(-2.E-17,2.E-17,0.));
#3117 = DIRECTION('',(0.,0.,1.));
#3118 = DIRECTION('',(1.,0.,0.));
#3119 = ADVANCED_FACE('',(#3120),#3123,.F.);
#3120 = FACE_BOUND('',#3121,.F.);
#3121 = EDGE_LOOP('',(#3122));
#3122 = ORIENTED_EDGE('',*,*,#3091,.T.);
#3123 = PLANE('',#3124);
#3124 = AXIS2_PLACEMENT_3D('',#3125,#3126,#3127);
#3125 = CARTESIAN_POINT('',(-2.E-17,2.E-17,-4.8));
#3126 = DIRECTION('',(0.,0.,1.));
#3127 = DIRECTION('',(1.,0.,0.));
#3128 = ( GEOMETRIC_REPRESENTATION_CONTEXT(3) 
GLOBAL_UNCERTAINTY_ASSIGNED_CONTEXT((#3132)) 
GLOBAL_UNIT_ASSIGNED_CONTEXT((#3129,#3130,#3131)) REPRESENTATION_CONTEXT
('Context #1','3D Context with UNIT and UNCERTAINTY') );
#3129 = ( LENGTH_UNIT() NAMED_UNIT(*) SI_UNIT(.MILLI.,.METRE.) );
#3130 = ( NAMED_UNIT(*) PLANE_ANGLE_UNIT() SI_UNIT($,.RADIAN.) );
#3131 = ( NAMED_UNIT(*) SI_UNIT($,.STERADIAN.) SOLID_ANGLE_UNIT() );
#3132 = UNCERTAINTY_MEASURE_WITH_UNIT(LENGTH_MEASURE(1.E-07),#3129,
  'distance_accuracy_value','confusion accuracy');
#3133 = CONTEXT_DEPENDENT_SHAPE_REPRESENTATION(#3134,#3136);
#3134 = ( REPRESENTATION_RELATIONSHIP('','',#3074,#10) 
REPRESENTATION_RELATIONSHIP_WITH_TRANSFORMATION(#3135) 
SHAPE_REPRESENTATION_RELATIONSHIP() );
#3135 = ITEM_DEFINED_TRANSFORMATION('','',#11,#39);
#3136 = PRODUCT_DEFINITION_SHAPE('Placement','Placement of an item',
  #3137);
#3137 = NEXT_ASSEMBLY_USAGE_OCCURRENCE('20','PIN007','',#5,#3069,$);
#3138 = PRODUCT_RELATED_PRODUCT_CATEGORY('part',$,(#3071));
#3139 = MECHANICAL_DESIGN_GEOMETRIC_PRESENTATION_REPRESENTATION('',(
    #3140),#1958);
#3140 = STYLED_ITEM('color',(#3141),#1742);
#3141 = PRESENTATION_STYLE_ASSIGNMENT((#3142,#3148));
#3142 = SURFACE_STYLE_USAGE(.BOTH.,#3143);
#3143 = SURFACE_SIDE_STYLE('',(#3144));
#3144 = SURFACE_STYLE_FILL_AREA(#3145);
#3145 = FILL_AREA_STYLE('',(#3146));
#3146 = FILL_AREA_STYLE_COLOUR('',#3147);
#3147 = COLOUR_RGB('',0.800000010877,0.800000010877,0.800000010877);
#3148 = CURVE_STYLE('',#3149,POSITIVE_LENGTH_MEASURE(0.1),#3150);
#3149 = DRAUGHTING_PRE_DEFINED_CURVE_FONT('continuous');
#3150 = COLOUR_RGB('',9.803921802644E-02,9.803921802644E-02,
  9.803921802644E-02);
#3151 = MECHANICAL_DESIGN_GEOMETRIC_PRESENTATION_REPRESENTATION('',(
    #3152),#3128);
#3152 = STYLED_ITEM('color',(#3153),#3075);
#3153 = PRESENTATION_STYLE_ASSIGNMENT((#3154,#3159));
#3154 = SURFACE_STYLE_USAGE(.BOTH.,#3155);
#3155 = SURFACE_SIDE_STYLE('',(#3156));
#3156 = SURFACE_STYLE_FILL_AREA(#3157);
#3157 = FILL_AREA_STYLE('',(#3158));
#3158 = FILL_AREA_STYLE_COLOUR('',#3147);
#3159 = CURVE_STYLE('',#3160,POSITIVE_LENGTH_MEASURE(0.1),#3150);
#3160 = DRAUGHTING_PRE_DEFINED_CURVE_FONT('continuous');
#3161 = MECHANICAL_DESIGN_GEOMETRIC_PRESENTATION_REPRESENTATION('',(
    #3162),#1723);
#3162 = STYLED_ITEM('color',(#3163),#1507);
#3163 = PRESENTATION_STYLE_ASSIGNMENT((#3164,#3169));
#3164 = SURFACE_STYLE_USAGE(.BOTH.,#3165);
#3165 = SURFACE_SIDE_STYLE('',(#3166));
#3166 = SURFACE_STYLE_FILL_AREA(#3167);
#3167 = FILL_AREA_STYLE('',(#3168));
#3168 = FILL_AREA_STYLE_COLOUR('',#3147);
#3169 = CURVE_STYLE('',#3170,POSITIVE_LENGTH_MEASURE(0.1),#3150);
#3170 = DRAUGHTING_PRE_DEFINED_CURVE_FONT('continuous');
#3171 = MECHANICAL_DESIGN_GEOMETRIC_PRESENTATION_REPRESENTATION('',(
    #3172),#2984);
#3172 = STYLED_ITEM('color',(#3173),#2490);
#3173 = PRESENTATION_STYLE_ASSIGNMENT((#3174,#3179));
#3174 = SURFACE_STYLE_USAGE(.BOTH.,#3175);
#3175 = SURFACE_SIDE_STYLE('',(#3176));
#3176 = SURFACE_STYLE_FILL_AREA(#3177);
#3177 = FILL_AREA_STYLE('',(#3178));
#3178 = FILL_AREA_STYLE_COLOUR('',#3147);
#3179 = CURVE_STYLE('',#3180,POSITIVE_LENGTH_MEASURE(0.1),#3150);
#3180 = DRAUGHTING_PRE_DEFINED_CURVE_FONT('continuous');
#3181 = MECHANICAL_DESIGN_GEOMETRIC_PRESENTATION_REPRESENTATION('',(
    #3182),#1488);
#3182 = STYLED_ITEM('color',(#3183),#57);
#3183 = PRESENTATION_STYLE_ASSIGNMENT((#3184,#3190));
#3184 = SURFACE_STYLE_USAGE(.BOTH.,#3185);
#3185 = SURFACE_SIDE_STYLE('',(#3186));
#3186 = SURFACE_STYLE_FILL_AREA(#3187);
#3187 = FILL_AREA_STYLE('',(#3188));
#3188 = FILL_AREA_STYLE_COLOUR('',#3189);
#3189 = COLOUR_RGB('',0.290196088226,0.290196088226,0.290196088226);
#3190 = CURVE_STYLE('',#3191,POSITIVE_LENGTH_MEASURE(0.1),#3150);
#3191 = DRAUGHTING_PRE_DEFINED_CURVE_FONT('continuous');
#3192 = MECHANICAL_DESIGN_GEOMETRIC_PRESENTATION_REPRESENTATION('',(
    #3193),#3056);
#3193 = STYLED_ITEM('color',(#3194),#3003);
#3194 = PRESENTATION_STYLE_ASSIGNMENT((#3195,#3200));
#3195 = SURFACE_STYLE_USAGE(.BOTH.,#3196);
#3196 = SURFACE_SIDE_STYLE('',(#3197));
#3197 = SURFACE_STYLE_FILL_AREA(#3198);
#3198 = FILL_AREA_STYLE('',(#3199));
#3199 = FILL_AREA_STYLE_COLOUR('',#3147);
#3200 = CURVE_STYLE('',#3201,POSITIVE_LENGTH_MEASURE(0.1),#3150);
#3201 = DRAUGHTING_PRE_DEFINED_CURVE_FONT('continuous');
#3202 = MECHANICAL_DESIGN_GEOMETRIC_PRESENTATION_REPRESENTATION('',(
    #3203),#2471);
#3203 = STYLED_ITEM('color',(#3204),#1977);
#3204 = PRESENTATION_STYLE_ASSIGNMENT((#3205,#3210));
#3205 = SURFACE_STYLE_USAGE(.BOTH.,#3206);
#3206 = SURFACE_SIDE_STYLE('',(#3207));
#3207 = SURFACE_STYLE_FILL_AREA(#3208);
#3208 = FILL_AREA_STYLE('',(#3209));
#3209 = FILL_AREA_STYLE_COLOUR('',#3147);
#3210 = CURVE_STYLE('',#3211,POSITIVE_LENGTH_MEASURE(0.1),#3150);
#3211 = DRAUGHTING_PRE_DEFINED_CURVE_FONT('continuous');
ENDSEC;
END-ISO-10303-21;
