ISO-10303-21;
HEADER;
FILE_DESCRIPTION (( 'STEP AP214' ),
    '1' );
FILE_NAME ('81C9C555-A0E8-4CC7-A8BA-9754516864E7.STEP',
    '2023-10-24T03:49:55',
    ( '' ),
    ( '' ),
    'SwSTEP 2.0',
    'SolidWorks 2022',
    '' );
FILE_SCHEMA (( 'AUTOMOTIVE_DESIGN' ));
ENDSEC;

DATA;
#1 = FILL_AREA_STYLE ('',( #3525 ) ) ;
#2 = MECHANICAL_DESIGN_GEOMETRIC_PRESENTATION_REPRESENTATION (  '', ( #1010 ), #3291 ) ;
#3 = MECHANICAL_DESIGN_GEOMETRIC_PRESENTATION_REPRESENTATION (  '', ( #4135 ), #1148 ) ;
#4 =( NAMED_UNIT ( * ) PLANE_ANGLE_UNIT ( ) SI_UNIT ( $, .RADIAN. ) );
#5 = ORIENTED_EDGE ( 'NONE', *, *, #3189, .T. ) ;
#6 = ORIENTED_EDGE ( 'NONE', *, *, #7128, .F. ) ;
#7 = SURFACE_STYLE_FILL_AREA ( #4633 ) ;
#8 = EDGE_CURVE ( 'NONE', #8111, #6975, #6758, .T. ) ;
#9 = SURFACE_SIDE_STYLE ('',( #6868 ) ) ;
#10 =( NAMED_UNIT ( * ) SI_UNIT ( $, .STERADIAN. ) SOLID_ANGLE_UNIT ( ) );
#11 = CARTESIAN_POINT ( 'NONE',  ( -0.08736678589675411777, 2.415000000000000036, 9.393969802998315188 ) ) ;
#12 = EDGE_CURVE ( 'NONE', #1175, #1364, #2424, .T. ) ;
#13 = UNCERTAINTY_MEASURE_WITH_UNIT (LENGTH_MEASURE( 1.000000000000000082E-05 ), #4195, 'distance_accuracy_value', 'NONE');
#14 = CARTESIAN_POINT ( 'NONE',  ( -7.214999999999998082, 2.265000000000000124, 12.03999999999999915 ) ) ;
#15 = ORIENTED_EDGE ( 'NONE', *, *, #3666, .F. ) ;
#16 = CARTESIAN_POINT ( 'NONE',  ( -0.2952381549582528963, 2.415000000000000036, 8.007688131548370336 ) ) ;
#17 = ORIENTED_EDGE ( 'NONE', *, *, #7356, .T. ) ;
#18 = CIRCLE ( 'NONE', #6034, 0.2000000000000000944 ) ;
#19 = PRESENTATION_STYLE_ASSIGNMENT (( #6294 ) ) ;
#20 = LINE ( 'NONE', #7507, #1155 ) ;
#21 = DIRECTION ( 'NONE',  ( 1.000000000000000000, 0.0000000000000000000, 0.0000000000000000000 ) ) ;
#22 = VECTOR ( 'NONE', #7429, 1000.000000000000000 ) ;
#23 = CARTESIAN_POINT ( 'NONE',  ( -0.7607943059030790600, 2.415000000000000036, 1.966861869260341011 ) ) ;
#24 = CARTESIAN_POINT ( 'NONE',  ( -3.167236267654503782E-16, 2.415000000000000036, 1.165999999999999925 ) ) ;
#25 = UNCERTAINTY_MEASURE_WITH_UNIT (LENGTH_MEASURE( 1.000000000000000082E-05 ), #5405, 'distance_accuracy_value', 'NONE');
#26 = CARTESIAN_POINT ( 'NONE',  ( 2.794000000000002260, 2.265000000000000124, 1.016000000000000902 ) ) ;
#27 = ORIENTED_EDGE ( 'NONE', *, *, #1866, .F. ) ;
#28 = VERTEX_POINT ( 'NONE', #2183 ) ;
#29 = FILL_AREA_STYLE_COLOUR ( '', #317 ) ;
#30 = CARTESIAN_POINT ( 'NONE',  ( 1.078098143176585921, 2.415000000000000036, 5.894755254477201944 ) ) ;
#31 = FILL_AREA_STYLE ('',( #5354 ) ) ;
#32 = CYLINDRICAL_SURFACE ( 'NONE', #203, 0.4049999999999999711 ) ;
#33 = CIRCLE ( 'NONE', #7940, 0.1499999999999998834 ) ;
#34 = CARTESIAN_POINT ( 'NONE',  ( 0.1538561025104398239, 2.415000000000000036, 7.929456283768910652 ) ) ;
#35 = VERTEX_POINT ( 'NONE', #7084 ) ;
#36 = MECHANICAL_DESIGN_GEOMETRIC_PRESENTATION_REPRESENTATION (  '', ( #465 ), #611 ) ;
#37 = LINE ( 'NONE', #8469, #2155 ) ;
#38 = FILL_AREA_STYLE ('',( #4819 ) ) ;
#39 = CARTESIAN_POINT ( 'NONE',  ( 1.431324345041745882, 2.415000000000000036, 6.082047105907345319 ) ) ;
#40 = CARTESIAN_POINT ( 'NONE',  ( -0.3080611460788231781, 2.415000000000000036, 9.249704411346012733 ) ) ;
#41 = DIRECTION ( 'NONE',  ( 0.0000000000000000000, 0.0000000000000000000, -1.000000000000000000 ) ) ;
#42 = ORIENTED_EDGE ( 'NONE', *, *, #4058, .F. ) ;
#43 = CARTESIAN_POINT ( 'NONE',  ( 1.345976065329808069, 2.415000000000000036, 9.228481671850650159 ) ) ;
#44 = CARTESIAN_POINT ( 'NONE',  ( 3.410524039838137789, 2.415000000000000036, 9.717927048263431899 ) ) ;
#45 = CARTESIAN_POINT ( 'NONE',  ( -0.3324079046016515937, 2.415000000000000036, 8.186723118214446870 ) ) ;
#46 = CARTESIAN_POINT ( 'NONE',  ( -0.05475286549036701561, 2.415000000000000036, 9.409229174955934027 ) ) ;
#47 = PRESENTATION_LAYER_ASSIGNMENT (  '', '', ( #6792 ) ) ;
#48 = CARTESIAN_POINT ( 'NONE',  ( 1.331304848364727178, 2.415000000000000036, 9.817724997087454497 ) ) ;
#49 = EDGE_CURVE ( 'NONE', #2148, #8505, #7774, .T. ) ;
#50 = ORIENTED_EDGE ( 'NONE', *, *, #3617, .T. ) ;
#51 = ADVANCED_BREP_SHAPE_REPRESENTATION ( '81C9C555-A0E8-4CC7-A8BA-9754516864E7', ( #8169, #1019 ), #2009 ) ;
#52 = VECTOR ( 'NONE', #2466, 1000.000000000000000 ) ;
#53 = SURFACE_STYLE_FILL_AREA ( #4794 ) ;
#54 = ORIENTED_EDGE ( 'NONE', *, *, #2295, .F. ) ;
#55 = EDGE_CURVE ( 'NONE', #2597, #6467, #7680, .T. ) ;
#56 = FACE_OUTER_BOUND ( 'NONE', #4100, .T. ) ;
#57 = EDGE_CURVE ( 'NONE', #380, #3735, #862, .T. ) ;
#58 = CARTESIAN_POINT ( 'NONE',  ( -1.554312487485527194, 2.415000000000000036, 5.173788265671068309 ) ) ;
#59 =( NAMED_UNIT ( * ) SI_UNIT ( $, .STERADIAN. ) SOLID_ANGLE_UNIT ( ) );
#60 = DIRECTION ( 'NONE',  ( 0.0000000000000000000, 1.000000000000000000, 0.0000000000000000000 ) ) ;
#61 = EDGE_CURVE ( 'NONE', #4227, #3138, #18, .T. ) ;
#62 = FILL_AREA_STYLE_COLOUR ( '', #4687 ) ;
#63 =( NAMED_UNIT ( * ) PLANE_ANGLE_UNIT ( ) SI_UNIT ( $, .RADIAN. ) );
#64 = ORIENTED_EDGE ( 'NONE', *, *, #2297, .F. ) ;
#65 = EDGE_LOOP ( 'NONE', ( #6426, #5790, #8280, #4685 ) ) ;
#66 = CARTESIAN_POINT ( 'NONE',  ( -2.020817989131901804, 2.415000000000000036, 7.433454706361650288 ) ) ;
#67 = CARTESIAN_POINT ( 'NONE',  ( 2.043054162101668236, 2.415000000000000036, 9.665466198664510955 ) ) ;
#68 =( LENGTH_UNIT ( ) NAMED_UNIT ( * ) SI_UNIT ( .MILLI., .METRE. ) );
#69 = CARTESIAN_POINT ( 'NONE',  ( 1.848792293759694561, 2.415000000000000036, 7.161534285394524524 ) ) ;
#70 = CARTESIAN_POINT ( 'NONE',  ( 0.8328342473490324416, 2.415000000000000036, 5.903115934758716321 ) ) ;
#71 = DIRECTION ( 'NONE',  ( 0.7071067811865503483, 0.0000000000000000000, 0.7071067811865445751 ) ) ;
#72 = CARTESIAN_POINT ( 'NONE',  ( 1.928153196245072198, 2.415000000000000036, 5.696085538663453463 ) ) ;
#73 = VERTEX_POINT ( 'NONE', #8434 ) ;
#74 = DIRECTION ( 'NONE',  ( 0.0000000000000000000, -0.0000000000000000000, 1.000000000000000000 ) ) ;
#75 =( LENGTH_UNIT ( ) NAMED_UNIT ( * ) SI_UNIT ( .MILLI., .METRE. ) );
#76 = DIRECTION ( 'NONE',  ( -1.000000000000000000, 0.0000000000000000000, 0.0000000000000000000 ) ) ;
#77 = CARTESIAN_POINT ( 'NONE',  ( -2.574084308804409194, 2.415000000000000036, 9.394867618727857916 ) ) ;
#78 = CARTESIAN_POINT ( 'NONE',  ( -0.6000392273669424847, 2.415000000000000036, 1.983566114279231130 ) ) ;
#79 = CARTESIAN_POINT ( 'NONE',  ( 1.139704770535511225, 2.415000000000000036, 9.503168224668756991 ) ) ;
#80 = CARTESIAN_POINT ( 'NONE',  ( -0.3665634681567521702, 2.415000000000000036, 5.474689960032993241 ) ) ;
#81 = ORIENTED_EDGE ( 'NONE', *, *, #2177, .F. ) ;
#82 = CARTESIAN_POINT ( 'NONE',  ( -1.054520041293323107, 2.415000000000000036, 5.275292313034794844 ) ) ;
#83 = STYLED_ITEM ( 'NONE', ( #1668 ), #3569 ) ;
#84 = CARTESIAN_POINT ( 'NONE',  ( -2.229044282008494360, 2.415000000000000036, 9.790121612602000312 ) ) ;
#85 = CARTESIAN_POINT ( 'NONE',  ( -3.715109949830051495, 2.415000000000000036, 9.909290695650938119 ) ) ;
#86 = CARTESIAN_POINT ( 'NONE',  ( -2.435314297245168902, 2.415000000000000036, 7.565836286426084634 ) ) ;
#87 = DIRECTION ( 'NONE',  ( 0.0000000000000000000, 0.0000000000000000000, -1.000000000000000000 ) ) ;
#88 = CARTESIAN_POINT ( 'NONE',  ( 1.513457108096868398, 2.415000000000000036, 9.691809916287439819 ) ) ;
#89 = STYLED_ITEM ( 'NONE', ( #4342 ), #3899 ) ;
#90 = VERTEX_POINT ( 'NONE', #748 ) ;
#91 = UNCERTAINTY_MEASURE_WITH_UNIT (LENGTH_MEASURE( 1.000000000000000082E-05 ), #7013, 'distance_accuracy_value', 'NONE');
#92 =( NAMED_UNIT ( * ) PLANE_ANGLE_UNIT ( ) SI_UNIT ( $, .RADIAN. ) );
#93 = ORIENTED_EDGE ( 'NONE', *, *, #6534, .F. ) ;
#94 = CYLINDRICAL_SURFACE ( 'NONE', #2240, 0.4049999999999999711 ) ;
#95 = ORIENTED_EDGE ( 'NONE', *, *, #2470, .F. ) ;
#96 = EDGE_CURVE ( 'NONE', #6632, #4229, #794, .T. ) ;
#97 =( NAMED_UNIT ( * ) PLANE_ANGLE_UNIT ( ) SI_UNIT ( $, .RADIAN. ) );
#98 =( NAMED_UNIT ( * ) PLANE_ANGLE_UNIT ( ) SI_UNIT ( $, .RADIAN. ) );
#99 = DIRECTION ( 'NONE',  ( 0.0000000000000000000, 0.0000000000000000000, 1.000000000000000000 ) ) ;
#100 = FACE_OUTER_BOUND ( 'NONE', #8428, .T. ) ;
#101 = PRESENTATION_LAYER_ASSIGNMENT (  '', '', ( #1257 ) ) ;
#102 = DIRECTION ( 'NONE',  ( -1.000000000000000000, -0.0000000000000000000, -0.0000000000000000000 ) ) ;
#103 = ORIENTED_EDGE ( 'NONE', *, *, #8208, .T. ) ;
#104 = EDGE_CURVE ( 'NONE', #4191, #1083, #8069, .T. ) ;
#105 = EDGE_CURVE ( 'NONE', #4361, #7047, #7562, .T. ) ;
#106 = CARTESIAN_POINT ( 'NONE',  ( -1.449284629317228568, 2.415000000000000036, 7.546149670009908661 ) ) ;
#107 = VERTEX_POINT ( 'NONE', #1748 ) ;
#108 = VERTEX_POINT ( 'NONE', #5056 ) ;
#109 = CARTESIAN_POINT ( 'NONE',  ( -2.070322250442643952, 2.415000000000000036, 7.365590908711807216 ) ) ;
#110 = EDGE_CURVE ( 'NONE', #7969, #6719, #810, .T. ) ;
#111 = FACE_OUTER_BOUND ( 'NONE', #6938, .T. ) ;
#112 = CIRCLE ( 'NONE', #7131, 0.2999999999999999334 ) ;
#113 = FILL_AREA_STYLE_COLOUR ( '', #138 ) ;
#114 = CARTESIAN_POINT ( 'NONE',  ( -7.364999999999998437, -2.260000000000000231, 12.03999999999999915 ) ) ;
#115 = CARTESIAN_POINT ( 'NONE',  ( -1.382778219060818437, 2.415000000000000036, 8.161534285394525412 ) ) ;
#116 = DIRECTION ( 'NONE',  ( -1.000000000000000000, 0.0000000000000000000, -0.0000000000000000000 ) ) ;
#117 = DIRECTION ( 'NONE',  ( 1.000000000000000000, 0.0000000000000000000, 0.0000000000000000000 ) ) ;
#118 = CARTESIAN_POINT ( 'NONE',  ( 0.02210699958620413949, 2.415000000000000036, 8.078669473029879811 ) ) ;
#119 = EDGE_CURVE ( 'NONE', #1765, #8467, #7447, .T. ) ;
#120 = FILL_AREA_STYLE ('',( #2606 ) ) ;
#121 = ORIENTED_EDGE ( 'NONE', *, *, #1316, .T. ) ;
#122 = AXIS2_PLACEMENT_3D ( 'NONE', #2498, #8650, #2587 ) ;
#123 = VECTOR ( 'NONE', #3943, 1000.000000000000000 ) ;
#124 = MECHANICAL_DESIGN_GEOMETRIC_PRESENTATION_REPRESENTATION (  '', ( #551 ), #1281 ) ;
#125 = CARTESIAN_POINT ( 'NONE',  ( 0.9391368450417461045, 2.415000000000000036, 7.612656080266319236 ) ) ;
#126 = CARTESIAN_POINT ( 'NONE',  ( -0.6851121477024242346, 2.415000000000000036, 5.635585307491700391 ) ) ;
#127 = PRESENTATION_STYLE_ASSIGNMENT (( #6273 ) ) ;
#128 = CARTESIAN_POINT ( 'NONE',  ( 1.047276231327971763, 2.415000000000000036, 8.159992053658209343 ) ) ;
#129 = LINE ( 'NONE', #2053, #4511 ) ;
#130 = VECTOR ( 'NONE', #5504, 1000.000000000000000 ) ;
#131 =( GEOMETRIC_REPRESENTATION_CONTEXT ( 3 ) GLOBAL_UNCERTAINTY_ASSIGNED_CONTEXT ( ( #3590 ) ) GLOBAL_UNIT_ASSIGNED_CONTEXT ( ( #6362, #2218, #3523 ) ) REPRESENTATION_CONTEXT ( 'NONE', 'WORKASPACE' ) );
#132 = CARTESIAN_POINT ( 'NONE',  ( 1.907686524528925620, 2.415000000000000036, 7.597431721291959761 ) ) ;
#133 = CARTESIAN_POINT ( 'NONE',  ( 1.935732634452188350, 2.415000000000000036, 5.513171054311671426 ) ) ;
#134 = ORIENTED_EDGE ( 'NONE', *, *, #502, .F. ) ;
#135 = CARTESIAN_POINT ( 'NONE',  ( -0.8695927539551732144, 2.415000000000000036, 5.516683402435683448 ) ) ;
#136 = CARTESIAN_POINT ( 'NONE',  ( 1.706646400764620708, 2.415000000000000036, 9.618570747441422597 ) ) ;
#137 = DIRECTION ( 'NONE',  ( -1.000000000000000000, 0.0000000000000000000, 0.0000000000000000000 ) ) ;
#138 = COLOUR_RGB ( '',0.2509803921568627416, 0.2509803921568627416, 0.2509803921568627416 ) ;
#139 = APPLICATION_PROTOCOL_DEFINITION ( 'draft international standard', 'automotive_design', 1998, #2769 ) ;
#140 = CARTESIAN_POINT ( 'NONE',  ( -1.284284564956715169, 2.415000000000000036, 6.104909013971725251 ) ) ;
#141 = FACE_OUTER_BOUND ( 'NONE', #7392, .T. ) ;
#142 = ORIENTED_EDGE ( 'NONE', *, *, #4158, .T. ) ;
#143 = TOROIDAL_SURFACE ( 'NONE', #8796, 0.2050000000000000155, 0.2000000000000000111 ) ;
#144 = SURFACE_STYLE_FILL_AREA ( #7599 ) ;
#145 = ORIENTED_EDGE ( 'NONE', *, *, #758, .F. ) ;
#146 = ORIENTED_EDGE ( 'NONE', *, *, #3005, .T. ) ;
#147 = CARTESIAN_POINT ( 'NONE',  ( 0.0000000000000000000, 2.415000000000000036, 0.0000000000000000000 ) ) ;
#148 = CARTESIAN_POINT ( 'NONE',  ( -0.2319077136714363940, 2.415000000000000036, 9.822467158394941222 ) ) ;
#149 = CARTESIAN_POINT ( 'NONE',  ( -0.5019802033389765272, 2.415000000000000036, 2.399153535927007752 ) ) ;
#150 = CARTESIAN_POINT ( 'NONE',  ( 1.616128488412569952, 2.415000000000000036, 5.433348672103014643 ) ) ;
#151 = LINE ( 'NONE', #8218, #7295 ) ;
#152 = CARTESIAN_POINT ( 'NONE',  ( 0.0000000000000000000, 2.415000000000000036, 0.0000000000000000000 ) ) ;
#153 = PRESENTATION_STYLE_ASSIGNMENT (( #7097 ) ) ;
#154 = VERTEX_POINT ( 'NONE', #4387 ) ;
#155 = ORIENTED_EDGE ( 'NONE', *, *, #214, .F. ) ;
#156 = EDGE_LOOP ( 'NONE', ( #7918, #4724, #5916, #5258, #8243, #4974, #6159, #868, #2412, #4770, #5782, #2084, #3998, #4743, #8159 ) ) ;
#157 = CARTESIAN_POINT ( 'NONE',  ( -2.111603345958045441, 2.415000000000000036, 7.333086499912230494 ) ) ;
#158 = CARTESIAN_POINT ( 'NONE',  ( -1.691662282497983005, 2.415000000000000036, 9.440158709898231137 ) ) ;
#159 = CARTESIAN_POINT ( 'NONE',  ( 0.0000000000000000000, 2.415000000000000036, 0.0000000000000000000 ) ) ;
#160 = CARTESIAN_POINT ( 'NONE',  ( -3.527008988291589819, 2.415000000000000036, 9.984611208471447341 ) ) ;
#161 = CARTESIAN_POINT ( 'NONE',  ( -0.2800250751338481670, 2.415000000000000036, 2.097470843619315239 ) ) ;
#162 = FILL_AREA_STYLE ('',( #6442 ) ) ;
#163 = LINE ( 'NONE', #4331, #7896 ) ;
#164 = ADVANCED_FACE ( 'NONE', ( #7825 ), #8612, .T. ) ;
#165 =( NAMED_UNIT ( * ) PLANE_ANGLE_UNIT ( ) SI_UNIT ( $, .RADIAN. ) );
#166 = VECTOR ( 'NONE', #3402, 1000.000000000000000 ) ;
#167 = AXIS2_PLACEMENT_3D ( 'NONE', #4029, #6775, #617 ) ;
#168 = CARTESIAN_POINT ( 'NONE',  ( -1.582929487306709904, 2.415000000000000036, 5.987912845319523392 ) ) ;
#169 = ORIENTED_EDGE ( 'NONE', *, *, #2470, .T. ) ;
#170 = SURFACE_STYLE_USAGE ( .BOTH. , #6318 ) ;
#171 = DIRECTION ( 'NONE',  ( 1.000000000000000000, -0.0000000000000000000, -5.978271136194193815E-16 ) ) ;
#172 = CARTESIAN_POINT ( 'NONE',  ( -7.214999999999999858, 2.265000000000000124, 1.166000000000000814 ) ) ;
#173 = CARTESIAN_POINT ( 'NONE',  ( -0.6840602703428689813, 2.415000000000000036, 5.587055118727858094 ) ) ;
#174 = EDGE_CURVE ( 'NONE', #6371, #1947, #7309, .T. ) ;
#175 = CIRCLE ( 'NONE', #8828, 0.1500000000000008271 ) ;
#176 = CIRCLE ( 'NONE', #3451, 0.1500000000000000500 ) ;
#177 = CARTESIAN_POINT ( 'NONE',  ( 1.316066285515385292, 2.415000000000000036, 9.395088205652678326 ) ) ;
#178 =( GEOMETRIC_REPRESENTATION_CONTEXT ( 3 ) GLOBAL_UNCERTAINTY_ASSIGNED_CONTEXT ( ( #1199 ) ) GLOBAL_UNIT_ASSIGNED_CONTEXT ( ( #1766, #5168, #7753 ) ) REPRESENTATION_CONTEXT ( 'NONE', 'WORKASPACE' ) );
#179 = CARTESIAN_POINT ( 'NONE',  ( 1.803010467930934224, 2.415000000000000036, 5.436604218693262602 ) ) ;
#180 = VERTEX_POINT ( 'NONE', #7264 ) ;
#181 = CARTESIAN_POINT ( 'NONE',  ( -1.228932065214663805, 2.415000000000000036, 5.235893259753499507 ) ) ;
#182 = CARTESIAN_POINT ( 'NONE',  ( -2.312666039573637367, 2.415000000000000036, 7.905124028984267248 ) ) ;
#183 = MECHANICAL_DESIGN_GEOMETRIC_PRESENTATION_REPRESENTATION (  '', ( #3474 ), #6788 ) ;
#184 = CARTESIAN_POINT ( 'NONE',  ( 4.888132034355965772, -2.410000000000000142, 0.8660000000000008802 ) ) ;
#185 = VERTEX_POINT ( 'NONE', #2508 ) ;
#186 = VERTEX_POINT ( 'NONE', #6410 ) ;
#187 = ORIENTED_EDGE ( 'NONE', *, *, #552, .F. ) ;
#188 = AXIS2_PLACEMENT_3D ( 'NONE', #3698, #6262, #200 ) ;
#189 = CARTESIAN_POINT ( 'NONE',  ( 2.045832776034873124, 2.415000000000000036, 6.082051601005725061 ) ) ;
#190 = CARTESIAN_POINT ( 'NONE',  ( 2.480803511708412845, 2.415000000000000036, 7.161534285394524524 ) ) ;
#191 = LINE ( 'NONE', #5840, #1051 ) ;
#192 = PRESENTATION_LAYER_ASSIGNMENT (  '', '', ( #1918 ) ) ;
#193 = UNCERTAINTY_MEASURE_WITH_UNIT (LENGTH_MEASURE( 1.000000000000000082E-05 ), #4192, 'distance_accuracy_value', 'NONE');
#194 = SURFACE_STYLE_FILL_AREA ( #6342 ) ;
#195 = VERTEX_POINT ( 'NONE', #1084 ) ;
#196 = FILL_AREA_STYLE ('',( #6434 ) ) ;
#197 = VERTEX_POINT ( 'NONE', #6506 ) ;
#198 = ORIENTED_EDGE ( 'NONE', *, *, #325, .T. ) ;
#199 = CARTESIAN_POINT ( 'NONE',  ( -1.905000000000000027, 0.0000000000000000000, -3.299999999999999822 ) ) ;
#200 = DIRECTION ( 'NONE',  ( -1.000000000000000000, 1.224646799147355426E-16, 0.0000000000000000000 ) ) ;
#201 = SURFACE_STYLE_USAGE ( .BOTH. , #2786 ) ;
#202 = B_SPLINE_CURVE_WITH_KNOTS ( 'NONE', 3,
 ( #5175, #4513, #1102, #2528, #3826, #5891, #8687, #7286, #1149, #6620, #462 ),
 .UNSPECIFIED., .F., .F.,
 ( 4, 1, 1, 1, 1, 1, 1, 1, 4 ),
 ( 0.0000000000000000000, 0.1595460842707188687, 0.3049235823419383373, 0.4369891217278796813, 0.5565241752787309926, 0.6690167626868235295, 0.7794260858984622953, 0.8898017817491070680, 1.000000000000000000 ),
 .UNSPECIFIED. ) ;
#203 = AXIS2_PLACEMENT_3D ( 'NONE', #2048, #3511, #7521 ) ;
#204 = CARTESIAN_POINT ( 'NONE',  ( -1.939669244701845319, 2.415000000000000036, 9.741021464881704617 ) ) ;
#205 = ORIENTED_EDGE ( 'NONE', *, *, #7187, .F. ) ;
#206 = CARTESIAN_POINT ( 'NONE',  ( -0.06614068787116612891, 2.415000000000000036, 9.809126329440749359 ) ) ;
#207 = PLANE ( 'NONE',  #5677 ) ;
#208 = EDGE_CURVE ( 'NONE', #1203, #6347, #1174, .T. ) ;
#209 =( NAMED_UNIT ( * ) SI_UNIT ( $, .STERADIAN. ) SOLID_ANGLE_UNIT ( ) );
#210 = CARTESIAN_POINT ( 'NONE',  ( 1.083689978600761883, 2.415000000000000036, 8.161362669950758431 ) ) ;
#211 = CARTESIAN_POINT ( 'NONE',  ( 1.925915691195591917, 2.415000000000000036, 9.909290695650936343 ) ) ;
#212 = DIRECTION ( 'NONE',  ( 0.0000000000000000000, 0.0000000000000000000, -1.000000000000000000 ) ) ;
#213 = DIRECTION ( 'NONE',  ( 0.0000000000000000000, 0.0000000000000000000, 1.000000000000000000 ) ) ;
#214 = EDGE_CURVE ( 'NONE', #2426, #5464, #4228, .T. ) ;
#215 = EDGE_CURVE ( 'NONE', #4423, #6101, #5060, .T. ) ;
#216 = VERTEX_POINT ( 'NONE', #7222 ) ;
#217 = CARTESIAN_POINT ( 'NONE',  ( -2.122071544109259467, 2.415000000000000036, 7.873926168493492916 ) ) ;
#218 = CARTESIAN_POINT ( 'NONE',  ( 1.356404473246874076, 2.415000000000000036, 9.228200952061190065 ) ) ;
#219 = B_SPLINE_CURVE_WITH_KNOTS ( 'NONE', 3,
 ( #3337, #4648, #559, #1411, #2702, #4055, #1240, #8219, #7510, #6800, #6883, #8131, #642, #3423, #6077, #8865, #3376, #1370, #5475 ),
 .UNSPECIFIED., .F., .F.,
 ( 4, 1, 1, 1, 1, 1, 1, 1, 1, 1, 1, 1, 1, 1, 1, 1, 4 ),
 ( 0.0000000000000000000, 0.06874243800965425255, 0.1348947316569873434, 0.1996997810070094415, 0.2629456432476990346, 0.3253223422754381033, 0.3869274102675114291, 0.4489921402817523277, 0.5106955942907303037, 0.5720441202147446003, 0.6326422467519284831, 0.6929421975036819115, 0.7524173710371235835, 0.8127575466616265842, 0.8734927990612069149, 0.9357833059030913336, 1.000000000000000000 ),
 .UNSPECIFIED. ) ;
#220 = EDGE_CURVE ( 'NONE', #6343, #5994, #3594, .T. ) ;
#221 = CARTESIAN_POINT ( 'NONE',  ( -7.214999999999998082, 2.265000000000000124, 12.03999999999999915 ) ) ;
#222 = LINE ( 'NONE', #2936, #8760 ) ;
#223 = CARTESIAN_POINT ( 'NONE',  ( 1.322349986067387073, 2.415000000000000036, 7.161534285394524524 ) ) ;
#224 = ORIENTED_EDGE ( 'NONE', *, *, #8890, .F. ) ;
#225 = ORIENTED_EDGE ( 'NONE', *, *, #7187, .T. ) ;
#226 = CIRCLE ( 'NONE', #1238, 0.1500000000000008271 ) ;
#227 = CARTESIAN_POINT ( 'NONE',  ( 1.880560948176132507, 2.415000000000000036, 6.065689889718307803 ) ) ;
#228 = FACE_BOUND ( 'NONE', #857, .T. ) ;
#229 =( NAMED_UNIT ( * ) PLANE_ANGLE_UNIT ( ) SI_UNIT ( $, .RADIAN. ) );
#230 = CARTESIAN_POINT ( 'NONE',  ( -7.214999999999998082, 2.265000000000000124, 12.18999999999999950 ) ) ;
#231 = CARTESIAN_POINT ( 'NONE',  ( 1.251837165554566367, 2.415000000000000036, 5.697431721291961182 ) ) ;
#232 = B_SPLINE_CURVE_WITH_KNOTS ( 'NONE', 3,
 ( #85, #5553, #8344, #6461, #2892, #994, #8483, #3534, #2229, #4927, #7088 ),
 .UNSPECIFIED., .F., .F.,
 ( 4, 1, 1, 1, 1, 1, 1, 1, 4 ),
 ( 0.0000000000000000000, 0.1112018615048644271, 0.2232175878984827277, 0.3375570251196237104, 0.4574474917825380738, 0.5812296267255534499, 0.7133954435985836451, 0.8526539205747448724, 1.000000000000000000 ),
 .UNSPECIFIED. ) ;
#233 = CARTESIAN_POINT ( 'NONE',  ( -2.440470526753126368, 2.415000000000000036, 5.530765054625294219 ) ) ;
#234 = ORIENTED_EDGE ( 'NONE', *, *, #6524, .T. ) ;
#235 = ORIENTED_EDGE ( 'NONE', *, *, #6305, .T. ) ;
#236 = VECTOR ( 'NONE', #6616, 1000.000000000000000 ) ;
#237 = ORIENTED_EDGE ( 'NONE', *, *, #3231, .F. ) ;
#238 = DIRECTION ( 'NONE',  ( 0.0000000000000000000, 1.000000000000000000, 0.0000000000000000000 ) ) ;
#239 = DIRECTION ( 'NONE',  ( 0.0000000000000000000, 0.0000000000000000000, 1.000000000000000000 ) ) ;
#240 = CARTESIAN_POINT ( 'NONE',  ( -3.598967911181926382, 2.415000000000000036, 9.642534096994669568 ) ) ;
#241 = FACE_OUTER_BOUND ( 'NONE', #8059, .T. ) ;
#242 =( GEOMETRIC_REPRESENTATION_CONTEXT ( 3 ) GLOBAL_UNCERTAINTY_ASSIGNED_CONTEXT ( ( #3049 ) ) GLOBAL_UNIT_ASSIGNED_CONTEXT ( ( #5691, #3757, #6503 ) ) REPRESENTATION_CONTEXT ( 'NONE', 'WORKASPACE' ) );
#243 = VECTOR ( 'NONE', #3366, 1000.000000000000000 ) ;
#244 = CYLINDRICAL_SURFACE ( 'NONE', #4968, 0.1500000000000002165 ) ;
#245 = SURFACE_STYLE_FILL_AREA ( #4285 ) ;
#246 = CARTESIAN_POINT ( 'NONE',  ( -2.476848827143947052, 2.415000000000000036, 9.418081924600587129 ) ) ;
#247 = ORIENTED_EDGE ( 'NONE', *, *, #8314, .T. ) ;
#248 = CARTESIAN_POINT ( 'NONE',  ( -1.716963376840242139, 2.415000000000000036, 9.969969231434493651 ) ) ;
#249 = EDGE_LOOP ( 'NONE', ( #6923, #4733, #6673, #370 ) ) ;
#250 = VECTOR ( 'NONE', #377, 1000.000000000000000 ) ;
#251 = DIRECTION ( 'NONE',  ( 1.000000000000000000, 0.0000000000000000000, 0.0000000000000000000 ) ) ;
#252 = AXIS2_PLACEMENT_3D ( 'NONE', #3477, #1348, #71 ) ;
#253 = FACE_OUTER_BOUND ( 'NONE', #976, .T. ) ;
#254 = CARTESIAN_POINT ( 'NONE',  ( 5.715000000000000746, 0.0000000000000000000, 1.016000000000000902 ) ) ;
#255 = DIRECTION ( 'NONE',  ( 1.000000000000000000, 0.0000000000000000000, 0.0000000000000000000 ) ) ;
#256 = CARTESIAN_POINT ( 'NONE',  ( -2.714173657072585844, 2.415000000000000036, 9.278110826000903089 ) ) ;
#257 = FILL_AREA_STYLE_COLOUR ( '', #8712 ) ;
#258 = MECHANICAL_DESIGN_GEOMETRIC_PRESENTATION_REPRESENTATION (  '', ( #6992 ), #5409 ) ;
#259 =( NAMED_UNIT ( * ) PLANE_ANGLE_UNIT ( ) SI_UNIT ( $, .RADIAN. ) );
#260 = VECTOR ( 'NONE', #293, 1000.000000000000114 ) ;
#261 = EDGE_CURVE ( 'NONE', #2384, #2929, #7313, .T. ) ;
#262 = B_SPLINE_CURVE_WITH_KNOTS ( 'NONE', 3,
 ( #3070, #1557, #1505, #5484, #4280, #8275, #4809, #4144, #6893, #735, #4853, #7614, #5580, #8368, #4901, #2441, #1604, #8590, #6574 ),
 .UNSPECIFIED., .F., .F.,
 ( 4, 1, 1, 1, 1, 1, 1, 1, 1, 1, 1, 1, 1, 1, 1, 1, 4 ),
 ( 0.0000000000000000000, 0.06745963088249616602, 0.1327237943259437780, 0.1956892323149639346, 0.2575155500989623758, 0.3187717078861521114, 0.3797960987057124593, 0.4415095348447372614, 0.5042271099137396462, 0.5668747126974967854, 0.6281134265653302018, 0.6884446307666121090, 0.7484534182934741153, 0.8089103174891049131, 0.8705690592869801403, 0.9342157814832827700, 1.000000000000000000 ),
 .UNSPECIFIED. ) ;
#263 = CARTESIAN_POINT ( 'NONE',  ( -0.1982402875030754297, 2.415000000000000036, 5.278089357895702882 ) ) ;
#264 = EDGE_LOOP ( 'NONE', ( #6780, #535, #933, #8418 ) ) ;
#265 =( NAMED_UNIT ( * ) SI_UNIT ( $, .STERADIAN. ) SOLID_ANGLE_UNIT ( ) );
#266 = SURFACE_STYLE_FILL_AREA ( #5203 ) ;
#267 = AXIS2_PLACEMENT_3D ( 'NONE', #5826, #6599, #8614 ) ;
#268 = CARTESIAN_POINT ( 'NONE',  ( 1.586646518512467852, 2.415000000000000036, 8.002527845220594571 ) ) ;
#269 =( GEOMETRIC_REPRESENTATION_CONTEXT ( 3 ) GLOBAL_UNCERTAINTY_ASSIGNED_CONTEXT ( ( #5743 ) ) GLOBAL_UNIT_ASSIGNED_CONTEXT ( ( #5051, #7912, #5192 ) ) REPRESENTATION_CONTEXT ( 'NONE', 'WORKASPACE' ) );
#270 = CARTESIAN_POINT ( 'NONE',  ( -0.3351019370095359995, 2.415000000000000036, 9.457968580266319591 ) ) ;
#271 = ORIENTED_EDGE ( 'NONE', *, *, #5761, .T. ) ;
#272 = UNCERTAINTY_MEASURE_WITH_UNIT (LENGTH_MEASURE( 1.000000000000000082E-05 ), #1456, 'distance_accuracy_value', 'NONE');
#273 = ADVANCED_FACE ( 'NONE', ( #7268 ), #3076, .T. ) ;
#274 = CARTESIAN_POINT ( 'NONE',  ( 0.1671450016339539046, 2.415000000000000036, 2.480870569610151399 ) ) ;
#275 = VECTOR ( 'NONE', #6466, 1000.000000000000000 ) ;
#276 = ORIENTED_EDGE ( 'NONE', *, *, #6912, .T. ) ;
#277 = CARTESIAN_POINT ( 'NONE',  ( 1.934491183699474703, 2.415000000000000036, 6.075209513627632951 ) ) ;
#278 = FILL_AREA_STYLE ('',( #1541 ) ) ;
#279 = EDGE_CURVE ( 'NONE', #8734, #2943, #7920, .T. ) ;
#280 = SURFACE_SIDE_STYLE ('',( #6432 ) ) ;
#281 = UNCERTAINTY_MEASURE_WITH_UNIT (LENGTH_MEASURE( 1.000000000000000082E-05 ), #5273, 'distance_accuracy_value', 'NONE');
#282 = DIRECTION ( 'NONE',  ( 1.000000000000000000, 0.0000000000000000000, 0.0000000000000000000 ) ) ;
#283 = ORIENTED_EDGE ( 'NONE', *, *, #3189, .F. ) ;
#284 = LINE ( 'NONE', #8416, #1850 ) ;
#285 = ORIENTED_EDGE ( 'NONE', *, *, #3392, .F. ) ;
#286 = ORIENTED_EDGE ( 'NONE', *, *, #1866, .T. ) ;
#287 = SURFACE_STYLE_USAGE ( .BOTH. , #5805 ) ;
#288 = CARTESIAN_POINT ( 'NONE',  ( -0.9450736803752700643, 2.415000000000000036, 6.039497320506806766 ) ) ;
#289 = CARTESIAN_POINT ( 'NONE',  ( -3.600616295338141981, 2.415000000000000036, 9.588513092279402628 ) ) ;
#290 = PLANE ( 'NONE',  #1343 ) ;
#291 =( NAMED_UNIT ( * ) SI_UNIT ( $, .STERADIAN. ) SOLID_ANGLE_UNIT ( ) );
#292 = FACE_BOUND ( 'NONE', #3996, .T. ) ;
#293 = DIRECTION ( 'NONE',  ( 0.7071067811865459074, -0.0000000000000000000, -0.7071067811865491270 ) ) ;
#294 = ORIENTED_EDGE ( 'NONE', *, *, #5074, .T. ) ;
#295 = ORIENTED_EDGE ( 'NONE', *, *, #4862, .T. ) ;
#296 = CARTESIAN_POINT ( 'NONE',  ( -1.986158524498502276, 2.415000000000000036, 9.616205133145633965 ) ) ;
#297 = CARTESIAN_POINT ( 'NONE',  ( 7.214999999999999858, -2.260000000000000231, 1.166000000000000814 ) ) ;
#298 = SURFACE_SIDE_STYLE ('',( #5143 ) ) ;
#299 = DIRECTION ( 'NONE',  ( -1.000000000000000000, 1.224646799147355426E-16, 0.0000000000000000000 ) ) ;
#300 = DIRECTION ( 'NONE',  ( -1.000000000000000000, 0.0000000000000000000, 0.0000000000000000000 ) ) ;
#301 =( NAMED_UNIT ( * ) SI_UNIT ( $, .STERADIAN. ) SOLID_ANGLE_UNIT ( ) );
#302 = FACE_OUTER_BOUND ( 'NONE', #5343, .T. ) ;
#303 = CARTESIAN_POINT ( 'NONE',  ( 0.002944735704142187240, 2.415000000000000036, 7.827840326450334452 ) ) ;
#304 = VERTEX_POINT ( 'NONE', #349 ) ;
#305 = DIRECTION ( 'NONE',  ( 0.7071067811865486830, 0.0000000000000000000, -0.7071067811865464625 ) ) ;
#306 = CIRCLE ( 'NONE', #1894, 0.1499999999999999667 ) ;
#307 = VECTOR ( 'NONE', #4142, 1000.000000000000000 ) ;
#308 = CARTESIAN_POINT ( 'NONE',  ( 1.607200994417919304, 2.415000000000000036, 8.038181488740487879 ) ) ;
#309 = FILL_AREA_STYLE ('',( #6464 ) ) ;
#310 = CARTESIAN_POINT ( 'NONE',  ( -2.831496167778767337, 2.415000000000000036, 7.341021464881704262 ) ) ;
#311 = ORIENTED_EDGE ( 'NONE', *, *, #12, .F. ) ;
#312 = MECHANICAL_DESIGN_GEOMETRIC_PRESENTATION_REPRESENTATION (  '', ( #7048 ), #4480 ) ;
#313 = VECTOR ( 'NONE', #361, 1000.000000000000000 ) ;
#314 = CARTESIAN_POINT ( 'NONE',  ( -0.3074921282570167724, 2.415000000000000036, 9.958669239289276831 ) ) ;
#315 = EDGE_LOOP ( 'NONE', ( #3065, #3150, #615, #2437, #8726, #6979, #1125, #5212, #4610, #4785 ) ) ;
#316 = CARTESIAN_POINT ( 'NONE',  ( 3.916066017177984193, -2.410000000000000142, 0.1060660171779829186 ) ) ;
#317 = COLOUR_RGB ( '',0.2509803921568627416, 0.2509803921568627416, 0.2509803921568627416 ) ;
#318 =( LENGTH_UNIT ( ) NAMED_UNIT ( * ) SI_UNIT ( .MILLI., .METRE. ) );
#319 =( GEOMETRIC_REPRESENTATION_CONTEXT ( 3 ) GLOBAL_UNCERTAINTY_ASSIGNED_CONTEXT ( ( #6213 ) ) GLOBAL_UNIT_ASSIGNED_CONTEXT ( ( #7670, #4241, #5633 ) ) REPRESENTATION_CONTEXT ( 'NONE', 'WORKASPACE' ) );
#320 = ADVANCED_FACE ( 'NONE', ( #1846 ), #5897, .T. ) ;
#321 = SURFACE_STYLE_USAGE ( .BOTH. , #2906 ) ;
#322 = VERTEX_POINT ( 'NONE', #6416 ) ;
#323 = VECTOR ( 'NONE', #3533, 1000.000000000000000 ) ;
#324 = VERTEX_POINT ( 'NONE', #1254 ) ;
#325 = EDGE_CURVE ( 'NONE', #1947, #380, #8061, .T. ) ;
#326 = ORIENTED_EDGE ( 'NONE', *, *, #7238, .F. ) ;
#327 = EDGE_CURVE ( 'NONE', #4692, #6815, #6095, .T. ) ;
#328 = ADVANCED_FACE ( 'NONE', ( #2600 ), #6688, .T. ) ;
#329 = CARTESIAN_POINT ( 'NONE',  ( -2.339743261491177062, 2.415000000000000036, 7.678211060149325640 ) ) ;
#330 = DIRECTION ( 'NONE',  ( 0.7071067811865474617, 0.0000000000000000000, -0.7071067811865476838 ) ) ;
#331 = MECHANICAL_DESIGN_GEOMETRIC_PRESENTATION_REPRESENTATION (  '', ( #8704 ), #1213 ) ;
#332 = CARTESIAN_POINT ( 'NONE',  ( -1.991676839789215059, 2.415000000000000036, 9.291760041974459483 ) ) ;
#333 = CARTESIAN_POINT ( 'NONE',  ( 2.059529473246874520, 2.415000000000000036, 5.517944541804781444 ) ) ;
#334 = FACE_OUTER_BOUND ( 'NONE', #4209, .T. ) ;
#335 = CARTESIAN_POINT ( 'NONE',  ( -0.3763679626505612164, 2.415000000000000036, 5.571229798215037832 ) ) ;
#336 = ORIENTED_EDGE ( 'NONE', *, *, #2835, .F. ) ;
#337 = CARTESIAN_POINT ( 'NONE',  ( -1.802441296814914606, 2.415000000000000036, 9.984413931623095095 ) ) ;
#338 = VERTEX_POINT ( 'NONE', #3312 ) ;
#339 = COLOUR_RGB ( '',0.2509803921568627416, 0.2509803921568627416, 0.2509803921568627416 ) ;
#340 = LINE ( 'NONE', #3655, #8390 ) ;
#341 = CARTESIAN_POINT ( 'NONE',  ( -1.989858423345532312, 2.415000000000000036, 7.187142197976593039 ) ) ;
#342 = EDGE_CURVE ( 'NONE', #4191, #7228, #6817, .T. ) ;
#343 = LINE ( 'NONE', #2314, #7428 ) ;
#344 = DIRECTION ( 'NONE',  ( 1.000000000000000000, 0.0000000000000000000, 0.0000000000000000000 ) ) ;
#345 = DIRECTION ( 'NONE',  ( 1.000000000000000000, 0.0000000000000000000, 0.0000000000000000000 ) ) ;
#346 = CARTESIAN_POINT ( 'NONE',  ( -0.03386202927407677005, 2.415000000000000036, 7.883376067868265835 ) ) ;
#347 = B_SPLINE_CURVE_WITH_KNOTS ( 'NONE', 3,
 ( #2415, #1628, #5650, #7684, #7001, #7045, #901, #3636, #7832, #2323, #6377 ),
 .UNSPECIFIED., .F., .F.,
 ( 4, 1, 1, 1, 1, 1, 1, 1, 4 ),
 ( 0.0000000000000000000, 0.1568104891259628764, 0.3014330380552883160, 0.4359124807061106610, 0.5656539088325174269, 0.6856992030117093906, 0.7940010211594596967, 0.8973112728470047372, 1.000000000000000000 ),
 .UNSPECIFIED. ) ;
#348 = ORIENTED_EDGE ( 'NONE', *, *, #6579, .F. ) ;
#349 = CARTESIAN_POINT ( 'NONE',  ( -1.395598731881331656, 2.415000000000000036, 9.689739413599653517 ) ) ;
#350 = SURFACE_SIDE_STYLE ('',( #8803 ) ) ;
#351 = PLANE ( 'NONE',  #675 ) ;
#352 = DIRECTION ( 'NONE',  ( 1.000000000000000000, 0.0000000000000000000, 0.0000000000000000000 ) ) ;
#353 = VERTEX_POINT ( 'NONE', #5287 ) ;
#354 = UNCERTAINTY_MEASURE_WITH_UNIT (LENGTH_MEASURE( 1.000000000000000082E-05 ), #8278, 'distance_accuracy_value', 'NONE');
#355 = CARTESIAN_POINT ( 'NONE',  ( -1.506000727057749788, 2.415000000000000036, 5.407854997411183362 ) ) ;
#356 = VERTEX_POINT ( 'NONE', #3393 ) ;
#357 = DIRECTION ( 'NONE',  ( 0.0000000000000000000, 1.000000000000000000, 0.0000000000000000000 ) ) ;
#358 = CARTESIAN_POINT ( 'NONE',  ( 1.958855355494597550, 2.415000000000000036, 6.077911902220047402 ) ) ;
#359 = FILL_AREA_STYLE_COLOUR ( '', #5153 ) ;
#360 = DIRECTION ( 'NONE',  ( 1.000000000000000000, 0.0000000000000000000, 0.0000000000000000000 ) ) ;
#361 = DIRECTION ( 'NONE',  ( 0.0000000000000000000, 0.0000000000000000000, 1.000000000000000000 ) ) ;
#362 = B_SPLINE_CURVE_WITH_KNOTS ( 'NONE', 3,
 ( #5236, #7965, #8795, #8054, #1882, #5280, #3262, #3219, #5867, #2594, #568, #8657, #1796, #2454, #439, #7262, #5198, #6683, #7387 ),
 .UNSPECIFIED., .F., .F.,
 ( 4, 1, 1, 1, 1, 1, 1, 1, 1, 1, 1, 1, 1, 1, 1, 1, 4 ),
 ( 0.0000000000000000000, 0.06719347434534217456, 0.1319402770130289893, 0.1952059898514657554, 0.2571509135240352406, 0.3188705960316119414, 0.3805259286755590664, 0.4429620141850326709, 0.5068742030037086677, 0.5704666204415477226, 0.6324647422917022421, 0.6932408094817624766, 0.7534552302607390173, 0.8134412769396114351, 0.8738520326361245427, 0.9361046567769816251, 1.000000000000000000 ),
 .UNSPECIFIED. ) ;
#363 = CARTESIAN_POINT ( 'NONE',  ( 7.321066017177984442, 2.265000000000000124, 9.971192283025061442 ) ) ;
#364 = VECTOR ( 'NONE', #7739, 1000.000000000000000 ) ;
#365 = UNCERTAINTY_MEASURE_WITH_UNIT (LENGTH_MEASURE( 1.000000000000000082E-05 ), #840, 'distance_accuracy_value', 'NONE');
#366 = VERTEX_POINT ( 'NONE', #660 ) ;
#367 = CARTESIAN_POINT ( 'NONE',  ( -0.7382662421403261011, 2.415000000000000036, 5.348378655762227929 ) ) ;
#368 = ORIENTED_EDGE ( 'NONE', *, *, #8093, .F. ) ;
#369 = EDGE_CURVE ( 'NONE', #186, #3176, #1041, .T. ) ;
#370 = ORIENTED_EDGE ( 'NONE', *, *, #1113, .F. ) ;
#371 = CIRCLE ( 'NONE', #3246, 0.2049999999999994604 ) ;
#372 = CARTESIAN_POINT ( 'NONE',  ( 2.110864935375331264, 2.415000000000000036, 9.806203622309828560 ) ) ;
#373 = CARTESIAN_POINT ( 'NONE',  ( 1.356404473246874076, 2.415000000000000036, 9.228200952061190065 ) ) ;
#374 = PLANE ( 'NONE',  #2154 ) ;
#375 = LINE ( 'NONE', #7294, #7497 ) ;
#376 = EDGE_CURVE ( 'NONE', #6244, #4377, #7244, .T. ) ;
#377 = DIRECTION ( 'NONE',  ( 0.0000000000000000000, 0.0000000000000000000, -1.000000000000000000 ) ) ;
#378 = DIRECTION ( 'NONE',  ( 1.000000000000000000, 0.0000000000000000000, 0.0000000000000000000 ) ) ;
#379 = FACE_OUTER_BOUND ( 'NONE', #4396, .T. ) ;
#380 = VERTEX_POINT ( 'NONE', #1470 ) ;
#381 = CIRCLE ( 'NONE', #7546, 0.4049999999999999711 ) ;
#382 = FILL_AREA_STYLE_COLOUR ( '', #2558 ) ;
#383 = ORIENTED_EDGE ( 'NONE', *, *, #8152, .F. ) ;
#384 = EDGE_CURVE ( 'NONE', #380, #3173, #37, .T. ) ;
#385 = PLANE ( 'NONE',  #3178 ) ;
#386 = CARTESIAN_POINT ( 'NONE',  ( 1.912043507741095549, 2.415000000000000036, 5.886798325027807088 ) ) ;
#387 = CARTESIAN_POINT ( 'NONE',  ( -7.214999999999999858, 2.265000000000000124, 1.026745683279135589E-15 ) ) ;
#388 = CARTESIAN_POINT ( 'NONE',  ( 1.120418433411579429, 2.415000000000000036, 9.652731602465275174 ) ) ;
#389 = LINE ( 'NONE', #2592, #7282 ) ;
#390 = FILL_AREA_STYLE ('',( #6542 ) ) ;
#391 = DIRECTION ( 'NONE',  ( 0.0000000000000000000, 1.000000000000000000, 0.0000000000000000000 ) ) ;
#392 = ADVANCED_FACE ( 'NONE', ( #745, #7579 ), #5538, .T. ) ;
#393 = SURFACE_STYLE_FILL_AREA ( #3171 ) ;
#394 = VERTEX_POINT ( 'NONE', #4290 ) ;
#395 = CIRCLE ( 'NONE', #3265, 0.1499999999999999944 ) ;
#396 = SURFACE_SIDE_STYLE ('',( #4579 ) ) ;
#397 = ORIENTED_EDGE ( 'NONE', *, *, #6591, .F. ) ;
#398 = SURFACE_STYLE_FILL_AREA ( #5735 ) ;
#399 = CARTESIAN_POINT ( 'NONE',  ( -2.295882453904446230, 2.415000000000000036, 7.928807808251344014 ) ) ;
#400 = DIRECTION ( 'NONE',  ( 0.7071067811865477948, 0.0000000000000000000, -0.7071067811865473507 ) ) ;
#401 = CARTESIAN_POINT ( 'NONE',  ( 6.970664144802409074E-16, 2.415000000000000036, 1.165999999999996373 ) ) ;
#402 = CARTESIAN_POINT ( 'NONE',  ( -0.4557386814089424698, 2.415000000000000036, 9.348802976701316325 ) ) ;
#403 = AXIS2_PLACEMENT_3D ( 'NONE', #919, #6480, #3733 ) ;
#404 = MECHANICAL_DESIGN_GEOMETRIC_PRESENTATION_REPRESENTATION (  '', ( #1559 ), #7132 ) ;
#405 = CARTESIAN_POINT ( 'NONE',  ( 2.109999999999999876, 0.0000000000000000000, -3.500000000000000000 ) ) ;
#406 = CARTESIAN_POINT ( 'NONE',  ( -0.3038022932738924098, 2.415000000000000036, 5.120371206677605258 ) ) ;
#407 = ORIENTED_EDGE ( 'NONE', *, *, #5640, .F. ) ;
#408 = CARTESIAN_POINT ( 'NONE',  ( -3.703933982822017690, -2.260000000000000231, 0.1060660171779822247 ) ) ;
#409 = CARTESIAN_POINT ( 'NONE',  ( -2.944000000000000394, -2.260000000000000231, 1.078132034355963720 ) ) ;
#410 = VERTEX_POINT ( 'NONE', #884 ) ;
#411 = VECTOR ( 'NONE', #2204, 1000.000000000000000 ) ;
#412 = CARTESIAN_POINT ( 'NONE',  ( 2.731867965644037444, 2.265000000000000124, 0.8660000000000008802 ) ) ;
#413 = CARTESIAN_POINT ( 'NONE',  ( 2.832007871311509106, 2.415000000000000036, 9.925016311670544766 ) ) ;
#414 = DIRECTION ( 'NONE',  ( 0.0000000000000000000, 0.0000000000000000000, -1.000000000000000000 ) ) ;
#415 = SURFACE_SIDE_STYLE ('',( #1267 ) ) ;
#416 = LINE ( 'NONE', #7366, #3324 ) ;
#417 = CARTESIAN_POINT ( 'NONE',  ( 2.809529473246874076, 2.415000000000000036, 8.161534285394525412 ) ) ;
#418 = MECHANICAL_DESIGN_GEOMETRIC_PRESENTATION_REPRESENTATION (  '', ( #6437 ), #841 ) ;
#419 = DIRECTION ( 'NONE',  ( -0.7071067811865467956, 1.022195611122246467E-15, -0.7071067811865482389 ) ) ;
#420 = ORIENTED_EDGE ( 'NONE', *, *, #2820, .T. ) ;
#421 = CARTESIAN_POINT ( 'NONE',  ( -0.7014459553726430929, 2.415000000000000036, 5.447054189860932816 ) ) ;
#422 = ORIENTED_EDGE ( 'NONE', *, *, #1824, .T. ) ;
#423 = VECTOR ( 'NONE', #627, 1000.000000000000000 ) ;
#424 = LINE ( 'NONE', #1911, #5609 ) ;
#425 = VECTOR ( 'NONE', #6573, 1000.000000000000000 ) ;
#426 = CARTESIAN_POINT ( 'NONE',  ( 5.146192283025075476, 2.265000000000000124, 12.14606601717797929 ) ) ;
#427 = DIRECTION ( 'NONE',  ( -0.0000000000000000000, 0.0000000000000000000, 1.000000000000000000 ) ) ;
#428 = FILL_AREA_STYLE_COLOUR ( '', #1634 ) ;
#429 = SURFACE_STYLE_FILL_AREA ( #5808 ) ;
#430 = DIRECTION ( 'NONE',  ( 0.7071067811865476838, -0.0000000000000000000, -0.7071067811865474617 ) ) ;
#431 = CARTESIAN_POINT ( 'NONE',  ( -1.905000000000000027, 0.0000000000000000000, -3.299999999999999822 ) ) ;
#432 = SURFACE_STYLE_FILL_AREA ( #1785 ) ;
#433 = ORIENTED_EDGE ( 'NONE', *, *, #1529, .T. ) ;
#434 = ORIENTED_EDGE ( 'NONE', *, *, #7400, .T. ) ;
#435 = DIRECTION ( 'NONE',  ( -0.7071067811865461294, 0.0000000000000000000, 0.7071067811865489050 ) ) ;
#436 = CARTESIAN_POINT ( 'NONE',  ( 2.993530184620273538, 2.415000000000000036, 9.386486054445169813 ) ) ;
#437 = SURFACE_STYLE_USAGE ( .BOTH. , #3115 ) ;
#438 = CARTESIAN_POINT ( 'NONE',  ( -2.758484409002171400, 2.415000000000000036, 9.313011506706818210 ) ) ;
#439 = CARTESIAN_POINT ( 'NONE',  ( -0.8771775973860227449, 2.415000000000000036, 5.687908710336754048 ) ) ;
#440 = EDGE_CURVE ( 'NONE', #2673, #4884, #2133, .T. ) ;
#441 = CARTESIAN_POINT ( 'NONE',  ( -0.6668389853306240234, 2.415000000000000036, 2.334917749227459982 ) ) ;
#442 = AXIS2_PLACEMENT_3D ( 'NONE', #6502, #1037, #8658 ) ;
#443 = ORIENTED_EDGE ( 'NONE', *, *, #5943, .T. ) ;
#444 = ORIENTED_EDGE ( 'NONE', *, *, #2990, .F. ) ;
#445 = DIRECTION ( 'NONE',  ( 0.0000000000000000000, 1.000000000000000000, 0.0000000000000000000 ) ) ;
#446 = SURFACE_STYLE_USAGE ( .BOTH. , #8062 ) ;
#447 = CARTESIAN_POINT ( 'NONE',  ( -7.214999999999998082, -2.260000000000000231, 12.18999999999999950 ) ) ;
#448 = LINE ( 'NONE', #8844, #52 ) ;
#449 =( LENGTH_UNIT ( ) NAMED_UNIT ( * ) SI_UNIT ( .MILLI., .METRE. ) );
#450 = CARTESIAN_POINT ( 'NONE',  ( -2.293520640841286706, 2.415000000000000036, 7.155354276028792704 ) ) ;
#451 = VERTEX_POINT ( 'NONE', #4911 ) ;
#452 = UNCERTAINTY_MEASURE_WITH_UNIT (LENGTH_MEASURE( 1.000000000000000082E-05 ), #2038, 'distance_accuracy_value', 'NONE');
#453 = LINE ( 'NONE', #3188, #3690 ) ;
#454 = AXIS2_PLACEMENT_3D ( 'NONE', #5014, #4437, #3033 ) ;
#455 = ORIENTED_EDGE ( 'NONE', *, *, #3544, .F. ) ;
#456 = CARTESIAN_POINT ( 'NONE',  ( 2.731867965644037444, -2.260000000000000231, 1.016000000000000902 ) ) ;
#457 = DIRECTION ( 'NONE',  ( 1.000000000000000000, 0.0000000000000000000, 0.0000000000000000000 ) ) ;
#458 = DIRECTION ( 'NONE',  ( 0.0000000000000000000, 0.0000000000000000000, -1.000000000000000000 ) ) ;
#459 = FACE_OUTER_BOUND ( 'NONE', #4779, .T. ) ;
#460 = AXIS2_PLACEMENT_3D ( 'NONE', #7693, #6340, #7792 ) ;
#461 =( LENGTH_UNIT ( ) NAMED_UNIT ( * ) SI_UNIT ( .MILLI., .METRE. ) );
#462 = CARTESIAN_POINT ( 'NONE',  ( -3.527008988291589819, 2.415000000000000036, 9.984611208471447341 ) ) ;
#463 = ORIENTED_EDGE ( 'NONE', *, *, #6489, .T. ) ;
#464 = ORIENTED_EDGE ( 'NONE', *, *, #3302, .T. ) ;
#465 = STYLED_ITEM ( 'NONE', ( #1416 ), #2200 ) ;
#466 = PRESENTATION_LAYER_ASSIGNMENT (  '', '', ( #4488 ) ) ;
#467 = CARTESIAN_POINT ( 'NONE',  ( -2.274724797022674050, 2.415000000000000036, 8.168542077262060275 ) ) ;
#468 = CARTESIAN_POINT ( 'NONE',  ( -1.189696062599287840, 2.415000000000000036, 6.107466582900659802 ) ) ;
#469 = CARTESIAN_POINT ( 'NONE',  ( 3.343906265274116496, 2.415000000000000036, 9.361868066066875826 ) ) ;
#470 = CARTESIAN_POINT ( 'NONE',  ( -1.908419244701842654, 2.415000000000000036, 7.933569541804780911 ) ) ;
#471 = CARTESIAN_POINT ( 'NONE',  ( 0.4697858835032844849, 2.415000000000000036, 5.082047105907345319 ) ) ;
#472 = PRESENTATION_LAYER_ASSIGNMENT (  '', '', ( #5621 ) ) ;
#473 = CARTESIAN_POINT ( 'NONE',  ( -1.878120793061324179, 2.415000000000000036, 9.472060958487157123 ) ) ;
#474 = ORIENTED_EDGE ( 'NONE', *, *, #8445, .F. ) ;
#475 = ORIENTED_EDGE ( 'NONE', *, *, #5219, .F. ) ;
#476 = FILL_AREA_STYLE ('',( #7382 ) ) ;
#477 = AXIS2_PLACEMENT_3D ( 'NONE', #3206, #8591, #3739 ) ;
#478 = DIRECTION ( 'NONE',  ( 1.224646799147353207E-16, 1.000000000000000000, -0.0000000000000000000 ) ) ;
#479 = SURFACE_SIDE_STYLE ('',( #8834 ) ) ;
#480 = CARTESIAN_POINT ( 'NONE',  ( 1.826758275477829763, 2.415000000000000036, 7.592658233798853296 ) ) ;
#481 = STYLED_ITEM ( 'NONE', ( #5364 ), #2742 ) ;
#482 = VERTEX_POINT ( 'NONE', #4863 ) ;
#483 = VERTEX_POINT ( 'NONE', #2176 ) ;
#484 = CARTESIAN_POINT ( 'NONE',  ( -1.909064549995855620, 2.415000000000000036, 7.958997507848101449 ) ) ;
#485 = EDGE_CURVE ( 'NONE', #7500, #1653, #6386, .T. ) ;
#486 = CARTESIAN_POINT ( 'NONE',  ( -1.515991360086458961, 2.415000000000000036, 5.792984605907345319 ) ) ;
#487 = VECTOR ( 'NONE', #6529, 999.9999999999998863 ) ;
#488 = DIRECTION ( 'NONE',  ( 1.000000000000000000, -0.0000000000000000000, -0.0000000000000000000 ) ) ;
#489 = CARTESIAN_POINT ( 'NONE',  ( -0.2994448857274837339, 2.415000000000000036, 7.135893259753498974 ) ) ;
#490 = ORIENTED_EDGE ( 'NONE', *, *, #3054, .F. ) ;
#491 = EDGE_CURVE ( 'NONE', #5294, #7092, #4354, .T. ) ;
#492 = ADVANCED_FACE ( 'NONE', ( #2399, #7961, #1116 ), #7817, .T. ) ;
#493 = CARTESIAN_POINT ( 'NONE',  ( -0.5357998859210777454, 2.415000000000000036, 9.637659516179866159 ) ) ;
#494 = CARTESIAN_POINT ( 'NONE',  ( -1.361900241084580632, 2.415000000000000036, 5.259950830975091307 ) ) ;
#495 = ORIENTED_EDGE ( 'NONE', *, *, #5306, .T. ) ;
#496 = CARTESIAN_POINT ( 'NONE',  ( -2.706873601261913898, 2.415000000000000036, 9.773805656678973719 ) ) ;
#497 = EDGE_CURVE ( 'NONE', #7300, #8493, #704, .T. ) ;
#498 = FACE_OUTER_BOUND ( 'NONE', #1751, .T. ) ;
#499 = CARTESIAN_POINT ( 'NONE',  ( -0.03886108118941596773, 2.415000000000000036, 6.081693946758540470 ) ) ;
#500 =( NAMED_UNIT ( * ) PLANE_ANGLE_UNIT ( ) SI_UNIT ( $, .RADIAN. ) );
#501 = SURFACE_STYLE_USAGE ( .BOTH. , #415 ) ;
#502 = EDGE_CURVE ( 'NONE', #338, #6772, #3806, .T. ) ;
#503 = PRESENTATION_STYLE_ASSIGNMENT (( #6478 ) ) ;
#504 = ORIENTED_EDGE ( 'NONE', *, *, #4869, .T. ) ;
#505 = CARTESIAN_POINT ( 'NONE',  ( -0.6880283845923987895, 2.415000000000000036, 5.515982787040137225 ) ) ;
#506 = ORIENTED_EDGE ( 'NONE', *, *, #714, .F. ) ;
#507 = EDGE_CURVE ( 'NONE', #4227, #5068, #7772, .T. ) ;
#508 = CARTESIAN_POINT ( 'NONE',  ( 5.040126265847090892, 2.265000000000000124, 12.03999999999999915 ) ) ;
#509 = CARTESIAN_POINT ( 'NONE',  ( -1.073668166489961440, 2.415000000000000036, 6.091000387746471567 ) ) ;
#510 = FILL_AREA_STYLE_COLOUR ( '', #8100 ) ;
#511 = CARTESIAN_POINT ( 'NONE',  ( -0.01440007513384817042, 2.415000000000000036, 2.171990074388546077 ) ) ;
#512 =( NAMED_UNIT ( * ) PLANE_ANGLE_UNIT ( ) SI_UNIT ( $, .RADIAN. ) );
#513 = CARTESIAN_POINT ( 'NONE',  ( 1.576938235674913980, 2.415000000000000036, 9.310855603483499721 ) ) ;
#514 = ORIENTED_EDGE ( 'NONE', *, *, #8300, .F. ) ;
#515 = ORIENTED_EDGE ( 'NONE', *, *, #6039, .T. ) ;
#516 = STYLED_ITEM ( 'NONE', ( #3950 ), #3678 ) ;
#517 =( NAMED_UNIT ( * ) PLANE_ANGLE_UNIT ( ) SI_UNIT ( $, .RADIAN. ) );
#518 = DIRECTION ( 'NONE',  ( -0.3744630496012830712, 0.0000000000000000000, -0.9272418371079397259 ) ) ;
#519 = CARTESIAN_POINT ( 'NONE',  ( 2.809529473246874076, 2.415000000000000036, 7.161534285394524524 ) ) ;
#520 = B_SPLINE_CURVE_WITH_KNOTS ( 'NONE', 3,
 ( #3352, #5531, #6265, #2174, #7479, #6770, #6134, #6814, #6091, #6224, #4197 ),
 .UNSPECIFIED., .F., .F.,
 ( 4, 1, 1, 1, 1, 1, 1, 1, 4 ),
 ( 0.0000000000000000000, 0.1419220537039414531, 0.2753494539307116962, 0.4052739146043902729, 0.5362988456774343549, 0.6622398855707483101, 0.7779667146108734110, 0.8883299802554230906, 1.000000000000000000 ),
 .UNSPECIFIED. ) ;
#521 = CARTESIAN_POINT ( 'NONE',  ( 2.247589768937230836, 2.415000000000000036, 9.953188243117688572 ) ) ;
#522 = VECTOR ( 'NONE', #7962, 1000.000000000000000 ) ;
#523 = ORIENTED_EDGE ( 'NONE', *, *, #1469, .F. ) ;
#524 = VERTEX_POINT ( 'NONE', #6766 ) ;
#525 = CARTESIAN_POINT ( 'NONE',  ( -2.045566774350270567, 2.415000000000000036, 8.158483289116370329 ) ) ;
#526 =( GEOMETRIC_REPRESENTATION_CONTEXT ( 3 ) GLOBAL_UNCERTAINTY_ASSIGNED_CONTEXT ( ( #4044 ) ) GLOBAL_UNIT_ASSIGNED_CONTEXT ( ( #2288, #229, #1591 ) ) REPRESENTATION_CONTEXT ( 'NONE', 'WORKASPACE' ) );
#527 =( NAMED_UNIT ( * ) PLANE_ANGLE_UNIT ( ) SI_UNIT ( $, .RADIAN. ) );
#528 = CARTESIAN_POINT ( 'NONE',  ( -2.831496167778767337, 2.415000000000000036, 7.789739413599653162 ) ) ;
#529 = FILL_AREA_STYLE ('',( #1756 ) ) ;
#530 =( NAMED_UNIT ( * ) PLANE_ANGLE_UNIT ( ) SI_UNIT ( $, .RADIAN. ) );
#531 = EDGE_CURVE ( 'NONE', #6082, #3488, #3894, .T. ) ;
#532 = MECHANICAL_DESIGN_GEOMETRIC_PRESENTATION_REPRESENTATION (  '', ( #2241 ), #1689 ) ;
#533 = ORIENTED_EDGE ( 'NONE', *, *, #8723, .T. ) ;
#534 = UNCERTAINTY_MEASURE_WITH_UNIT (LENGTH_MEASURE( 1.000000000000000082E-05 ), #4879, 'distance_accuracy_value', 'NONE');
#535 = ORIENTED_EDGE ( 'NONE', *, *, #4998, .T. ) ;
#536 = CARTESIAN_POINT ( 'NONE',  ( -2.721944576140997274, 2.415000000000000036, 9.760345705093550706 ) ) ;
#537 = CARTESIAN_POINT ( 'NONE',  ( 2.669328319207127098, 2.415000000000000036, 9.637659516179866159 ) ) ;
#538 = CIRCLE ( 'NONE', #5114, 0.2049999999999994604 ) ;
#539 = PRESENTATION_LAYER_ASSIGNMENT (  '', '', ( #1126 ) ) ;
#540 = FILL_AREA_STYLE_COLOUR ( '', #2432 ) ;
#541 = PRESENTATION_STYLE_ASSIGNMENT (( #6698 ) ) ;
#542 = CARTESIAN_POINT ( 'NONE',  ( 1.662654530643735029, 2.415000000000000036, 7.704410193990573141 ) ) ;
#543 = VECTOR ( 'NONE', #7488, 1000.000000000000000 ) ;
#544 = CARTESIAN_POINT ( 'NONE',  ( 0.05952947324687469371, 2.415000000000000036, 5.261534285394525057 ) ) ;
#545 = EDGE_CURVE ( 'NONE', #1291, #1928, #3303, .T. ) ;
#546 = UNCERTAINTY_MEASURE_WITH_UNIT (LENGTH_MEASURE( 1.000000000000000082E-05 ), #7066, 'distance_accuracy_value', 'NONE');
#547 = CARTESIAN_POINT ( 'NONE',  ( -3.126367962650563825, 2.415000000000000036, 9.241021464881704617 ) ) ;
#548 = VERTEX_POINT ( 'NONE', #3382 ) ;
#549 = CARTESIAN_POINT ( 'NONE',  ( -0.6848533924160149500, 2.415000000000000036, 5.551338758252514438 ) ) ;
#550 = EDGE_LOOP ( 'NONE', ( #7667, #2499, #3041, #6706 ) ) ;
#551 = STYLED_ITEM ( 'NONE', ( #5257 ), #6855 ) ;
#552 = EDGE_CURVE ( 'NONE', #854, #35, #4612, .T. ) ;
#553 = FILL_AREA_STYLE ('',( #5141 ) ) ;
#554 = CARTESIAN_POINT ( 'NONE',  ( 1.364599530982262721, 2.415000000000000036, 9.398311039196146410 ) ) ;
#555 = CARTESIAN_POINT ( 'NONE',  ( -1.573078727048962122, 2.415000000000000036, 9.321984202366108363 ) ) ;
#556 = CARTESIAN_POINT ( 'NONE',  ( 1.950555114272515267, 2.415000000000000036, 7.597431721291959761 ) ) ;
#557 = AXIS2_PLACEMENT_3D ( 'NONE', #8158, #1905, #8774 ) ;
#558 = AXIS2_PLACEMENT_3D ( 'NONE', #4343, #1077, #7076 ) ;
#559 = CARTESIAN_POINT ( 'NONE',  ( 1.852557112477970946, 2.415000000000000036, 6.058071066549369554 ) ) ;
#560 = DIRECTION ( 'NONE',  ( -0.7071067811865459074, -0.0000000000000000000, 0.7071067811865491270 ) ) ;
#561 = EDGE_LOOP ( 'NONE', ( #7414, #1672, #4487, #7956, #3947, #1458, #506, #1250, #7179, #8270, #1675, #1217, #7979, #7287, #4475, #2968 ) ) ;
#562 = ORIENTED_EDGE ( 'NONE', *, *, #7809, .F. ) ;
#563 = VECTOR ( 'NONE', #4064, 1000.000000000000000 ) ;
#564 =( NAMED_UNIT ( * ) SI_UNIT ( $, .STERADIAN. ) SOLID_ANGLE_UNIT ( ) );
#565 = DIRECTION ( 'NONE',  ( 1.000000000000000000, 0.0000000000000000000, 0.0000000000000000000 ) ) ;
#566 = CARTESIAN_POINT ( 'NONE',  ( 1.237136900165777487, 2.415000000000000036, 9.960714653215472225 ) ) ;
#567 = CARTESIAN_POINT ( 'NONE',  ( 2.059529473246874520, 2.415000000000000036, 5.684611208471448407 ) ) ;
#568 = CARTESIAN_POINT ( 'NONE',  ( -0.9408675625847228163, 2.415000000000000036, 5.803955345785801079 ) ) ;
#569 = AXIS2_PLACEMENT_3D ( 'NONE', #3182, #488, #7271 ) ;
#570 = PRESENTATION_STYLE_ASSIGNMENT (( #1123 ) ) ;
#571 = ORIENTED_EDGE ( 'NONE', *, *, #878, .T. ) ;
#572 = VERTEX_POINT ( 'NONE', #8833 ) ;
#573 = CARTESIAN_POINT ( 'NONE',  ( -3.715109949830051495, 2.415000000000000036, 9.909290695650938119 ) ) ;
#574 = STYLED_ITEM ( 'NONE', ( #6193 ), #51 ) ;
#575 = CARTESIAN_POINT ( 'NONE',  ( 7.365000000000000213, -2.410000000000000142, 8.673617379884035472E-16 ) ) ;
#576 = PRESENTATION_STYLE_ASSIGNMENT (( #446 ) ) ;
#577 = MECHANICAL_DESIGN_GEOMETRIC_PRESENTATION_REPRESENTATION (  '', ( #8361 ), #4695 ) ;
#578 = CARTESIAN_POINT ( 'NONE',  ( -2.344846726254025793, 2.415000000000000036, 7.180772410336713207 ) ) ;
#579 = ORIENTED_EDGE ( 'NONE', *, *, #8595, .T. ) ;
#580 = CARTESIAN_POINT ( 'NONE',  ( -7.365000000000000213, 2.265000000000000124, 1.166000000000000814 ) ) ;
#581 = VERTEX_POINT ( 'NONE', #1957 ) ;
#582 = CARTESIAN_POINT ( 'NONE',  ( -1.237286098651825705, 2.415000000000000036, 5.056584644338454559 ) ) ;
#583 = PRESENTATION_STYLE_ASSIGNMENT (( #6743 ) ) ;
#584 = CARTESIAN_POINT ( 'NONE',  ( -0.5556846974114452165, 2.415000000000000036, 5.581386102300671226 ) ) ;
#585 = CARTESIAN_POINT ( 'NONE',  ( 7.215000000000001634, -2.410000000000000142, 9.927258300203044783 ) ) ;
#586 = FILL_AREA_STYLE_COLOUR ( '', #3674 ) ;
#587 = CARTESIAN_POINT ( 'NONE',  ( 0.9391368450417461045, 2.415000000000000036, 7.612656080266319236 ) ) ;
#588 = DIRECTION ( 'NONE',  ( -1.000000000000000000, 0.0000000000000000000, 0.0000000000000000000 ) ) ;
#589 = STYLED_ITEM ( 'NONE', ( #6667 ), #1339 ) ;
#590 = VECTOR ( 'NONE', #2675, 1000.000000000000000 ) ;
#591 = VERTEX_POINT ( 'NONE', #8178 ) ;
#592 = FILL_AREA_STYLE_COLOUR ( '', #2969 ) ;
#593 = EDGE_CURVE ( 'NONE', #1551, #216, #5314, .T. ) ;
#594 = CARTESIAN_POINT ( 'NONE',  ( 1.874509403958139808, 2.415000000000000036, 5.859491485465390781 ) ) ;
#595 = CARTESIAN_POINT ( 'NONE',  ( -2.170839116496714460, 2.415000000000000036, 8.187175311035549186 ) ) ;
#596 = CARTESIAN_POINT ( 'NONE',  ( -1.220318283163381867, 2.415000000000000036, 6.107688131548370869 ) ) ;
#597 = CARTESIAN_POINT ( 'NONE',  ( -3.190470526753126368, 2.415000000000000036, 7.341021464881704262 ) ) ;
#598 =( NAMED_UNIT ( * ) PLANE_ANGLE_UNIT ( ) SI_UNIT ( $, .RADIAN. ) );
#599 = VERTEX_POINT ( 'NONE', #2633 ) ;
#600 = EDGE_CURVE ( 'NONE', #4954, #4318, #1919, .T. ) ;
#601 =( GEOMETRIC_REPRESENTATION_CONTEXT ( 3 ) GLOBAL_UNCERTAINTY_ASSIGNED_CONTEXT ( ( #815 ) ) GLOBAL_UNIT_ASSIGNED_CONTEXT ( ( #7713, #2790, #3480 ) ) REPRESENTATION_CONTEXT ( 'NONE', 'WORKASPACE' ) );
#602 = ADVANCED_FACE ( 'NONE', ( #1246 ), #6808, .T. ) ;
#603 = AXIS2_PLACEMENT_3D ( 'NONE', #5117, #3046, #7842 ) ;
#604 =( NAMED_UNIT ( * ) SI_UNIT ( $, .STERADIAN. ) SOLID_ANGLE_UNIT ( ) );
#605 = ORIENTED_EDGE ( 'NONE', *, *, #692, .F. ) ;
#606 = SURFACE_STYLE_USAGE ( .BOTH. , #8089 ) ;
#607 = EDGE_CURVE ( 'NONE', #2938, #6581, #176, .T. ) ;
#608 = SURFACE_STYLE_USAGE ( .BOTH. , #4021 ) ;
#609 = DIRECTION ( 'NONE',  ( -0.7071067811865473507, 0.0000000000000000000, -0.7071067811865477948 ) ) ;
#610 = DIRECTION ( 'NONE',  ( -5.978271136194193815E-16, 0.0000000000000000000, -1.000000000000000000 ) ) ;
#611 =( GEOMETRIC_REPRESENTATION_CONTEXT ( 3 ) GLOBAL_UNCERTAINTY_ASSIGNED_CONTEXT ( ( #1362 ) ) GLOBAL_UNIT_ASSIGNED_CONTEXT ( ( #6940, #8909, #1461 ) ) REPRESENTATION_CONTEXT ( 'NONE', 'WORKASPACE' ) );
#612 = CARTESIAN_POINT ( 'NONE',  ( 2.731867965644037444, 2.415000000000000036, 1.166000000000000814 ) ) ;
#613 =( NAMED_UNIT ( * ) PLANE_ANGLE_UNIT ( ) SI_UNIT ( $, .RADIAN. ) );
#614 = ORIENTED_EDGE ( 'NONE', *, *, #1924, .T. ) ;
#615 = ORIENTED_EDGE ( 'NONE', *, *, #8556, .F. ) ;
#616 = CARTESIAN_POINT ( 'NONE',  ( 0.3113210787123056877, 2.415000000000000036, 2.402759305157776470 ) ) ;
#617 = DIRECTION ( 'NONE',  ( 0.0000000000000000000, 0.0000000000000000000, 1.000000000000000000 ) ) ;
#618 = DIRECTION ( 'NONE',  ( 1.000000000000000000, 0.0000000000000000000, 0.0000000000000000000 ) ) ;
#619 = DIRECTION ( 'NONE',  ( 0.0000000000000000000, 0.0000000000000000000, -1.000000000000000000 ) ) ;
#620 = SURFACE_SIDE_STYLE ('',( #6860 ) ) ;
#621 = STYLED_ITEM ( 'NONE', ( #2442 ), #2635 ) ;
#622 = FILL_AREA_STYLE_COLOUR ( '', #5170 ) ;
#623 = EDGE_LOOP ( 'NONE', ( #6996, #5349, #5022, #383, #1189, #523, #7112, #5167, #1488, #3881, #8289, #8077, #806, #7091 ) ) ;
#624 = VERTEX_POINT ( 'NONE', #5233 ) ;
#625 = CARTESIAN_POINT ( 'NONE',  ( -2.757731155294234515, 2.415000000000000036, 9.711660370340711168 ) ) ;
#626 = SURFACE_STYLE_FILL_AREA ( #3319 ) ;
#627 = DIRECTION ( 'NONE',  ( 0.0000000000000000000, 0.0000000000000000000, -1.000000000000000000 ) ) ;
#628 = CARTESIAN_POINT ( 'NONE',  ( 0.03184929394196871211, 2.415000000000000036, 9.522612227287323705 ) ) ;
#629 = FACE_OUTER_BOUND ( 'NONE', #5152, .T. ) ;
#630 = B_SPLINE_CURVE_WITH_KNOTS ( 'NONE', 3,
 ( #4960, #7722, #1575, #4347, #7083, #942, #5999, #3854, #2595, #5281, #3220, #7389, #5319, #7349, #5357 ),
 .UNSPECIFIED., .F., .F.,
 ( 4, 1, 1, 1, 1, 1, 1, 1, 1, 1, 1, 1, 4 ),
 ( 0.0000000000000000000, 0.1551959768611016477, 0.2855629030109031463, 0.3905943791310576008, 0.4710854891103760100, 0.5385717931657240110, 0.6030338605457113976, 0.6666605581920473922, 0.7309726845260825501, 0.7957335925300417223, 0.8601956599100262224, 0.9281038503185191635, 1.000000000000000000 ),
 .UNSPECIFIED. ) ;
#631 = CARTESIAN_POINT ( 'NONE',  ( 1.527250471739016069, 2.415000000000000036, 9.615292203546738747 ) ) ;
#632 = UNCERTAINTY_MEASURE_WITH_UNIT (LENGTH_MEASURE( 1.000000000000000082E-05 ), #5764, 'distance_accuracy_value', 'NONE');
#633 = CARTESIAN_POINT ( 'NONE',  ( 0.8741625930551095713, 2.415000000000000036, 5.620421321381197544 ) ) ;
#634 = ORIENTED_EDGE ( 'NONE', *, *, #2362, .F. ) ;
#635 = FILL_AREA_STYLE ('',( #592 ) ) ;
#636 = EDGE_LOOP ( 'NONE', ( #7125, #93, #237, #7371 ) ) ;
#637 = CARTESIAN_POINT ( 'NONE',  ( 1.997159120023752399, 2.415000000000000036, 5.902510025952039996 ) ) ;
#638 = DIRECTION ( 'NONE',  ( 0.0000000000000000000, -1.000000000000000000, 0.0000000000000000000 ) ) ;
#639 = DIRECTION ( 'NONE',  ( 0.0000000000000000000, 0.0000000000000000000, 1.000000000000000000 ) ) ;
#640 = CARTESIAN_POINT ( 'NONE',  ( -1.225326295983894864, 2.415000000000000036, 5.056406080266320657 ) ) ;
#641 = CARTESIAN_POINT ( 'NONE',  ( 1.017911722643572769, 2.415000000000000036, 5.734963177622699249 ) ) ;
#642 = CARTESIAN_POINT ( 'NONE',  ( 1.695620877486826661, 2.415000000000000036, 5.923040665733413590 ) ) ;
#643 = UNCERTAINTY_MEASURE_WITH_UNIT (LENGTH_MEASURE( 1.000000000000000082E-05 ), #7103, 'distance_accuracy_value', 'NONE');
#644 = CARTESIAN_POINT ( 'NONE',  ( 3.186109955456557064, 2.415000000000000036, 9.775788518321373743 ) ) ;
#645 = EDGE_LOOP ( 'NONE', ( #1226, #6334, #6802, #7654, #3411 ) ) ;
#646 = CARTESIAN_POINT ( 'NONE',  ( -3.780214116496718013, 2.415000000000000036, 9.241021464881704617 ) ) ;
#647 = ORIENTED_EDGE ( 'NONE', *, *, #4506, .F. ) ;
#648 = SURFACE_SIDE_STYLE ('',( #2746 ) ) ;
#649 = CARTESIAN_POINT ( 'NONE',  ( 3.703933982822019466, -2.410000000000000142, 0.1060660171779831407 ) ) ;
#650 = LINE ( 'NONE', #7474, #2707 ) ;
#651 = CARTESIAN_POINT ( 'NONE',  ( -2.372232528169347709, 2.415000000000000036, 9.943582353711398980 ) ) ;
#652 = EDGE_CURVE ( 'NONE', #8189, #6964, #1044, .T. ) ;
#653 = FILL_AREA_STYLE ('',( #1216 ) ) ;
#654 = CARTESIAN_POINT ( 'NONE',  ( 0.8405661465203894123, 2.415000000000000036, 5.921899855556162606 ) ) ;
#655 = EDGE_CURVE ( 'NONE', #3096, #2673, #5953, .T. ) ;
#656 = LINE ( 'NONE', #8918, #4118 ) ;
#657 = VECTOR ( 'NONE', #1109, 1000.000000000000000 ) ;
#658 = EDGE_LOOP ( 'NONE', ( #3051, #1998, #348, #15 ) ) ;
#659 = CARTESIAN_POINT ( 'NONE',  ( 1.634589626598178080, 2.415000000000000036, 5.253795654724546793 ) ) ;
#660 = CARTESIAN_POINT ( 'NONE',  ( -0.2986436036762016855, 2.415000000000000036, 7.315380439240679600 ) ) ;
#661 = CARTESIAN_POINT ( 'NONE',  ( 5.715000000000000746, 0.0000000000000000000, -3.500000000000000000 ) ) ;
#662 = PRESENTATION_LAYER_ASSIGNMENT (  '', '', ( #89 ) ) ;
#663 = FACE_OUTER_BOUND ( 'NONE', #2721, .T. ) ;
#664 = SURFACE_SIDE_STYLE ('',( #7876 ) ) ;
#665 = CARTESIAN_POINT ( 'NONE',  ( 2.668503832221232663, 2.415000000000000036, 9.595388452061191842 ) ) ;
#666 = FILL_AREA_STYLE ('',( #2761 ) ) ;
#667 =( GEOMETRIC_REPRESENTATION_CONTEXT ( 3 ) GLOBAL_UNCERTAINTY_ASSIGNED_CONTEXT ( ( #5842 ) ) GLOBAL_UNIT_ASSIGNED_CONTEXT ( ( #3502, #98, #6928 ) ) REPRESENTATION_CONTEXT ( 'NONE', 'WORKASPACE' ) );
#668 = ORIENTED_EDGE ( 'NONE', *, *, #5932, .T. ) ;
#669 =( NAMED_UNIT ( * ) SI_UNIT ( $, .STERADIAN. ) SOLID_ANGLE_UNIT ( ) );
#670 = CARTESIAN_POINT ( 'NONE',  ( -3.810000000000000053, 2.265000000000000124, 0.2121320343559643662 ) ) ;
#671 = CARTESIAN_POINT ( 'NONE',  ( 3.418976262484067163, 2.415000000000000036, 9.680986089405250183 ) ) ;
#672 = CARTESIAN_POINT ( 'NONE',  ( 0.0000000000000000000, 2.415000000000000036, 0.0000000000000000000 ) ) ;
#673 = CARTESIAN_POINT ( 'NONE',  ( 0.008977726026595753486, 2.415000000000000036, 9.471691624938243237 ) ) ;
#674 = STYLED_ITEM ( 'NONE', ( #6370 ), #5641 ) ;
#675 = AXIS2_PLACEMENT_3D ( 'NONE', #1528, #995, #8534 ) ;
#676 = EDGE_LOOP ( 'NONE', ( #8597, #3968, #2285, #8222 ) ) ;
#677 = ORIENTED_EDGE ( 'NONE', *, *, #1544, .F. ) ;
#678 = AXIS2_PLACEMENT_3D ( 'NONE', #1160, #3156, #5132 ) ;
#679 =( GEOMETRIC_REPRESENTATION_CONTEXT ( 3 ) GLOBAL_UNCERTAINTY_ASSIGNED_CONTEXT ( ( #6748 ) ) GLOBAL_UNIT_ASSIGNED_CONTEXT ( ( #6241, #6965, #3591 ) ) REPRESENTATION_CONTEXT ( 'NONE', 'WORKASPACE' ) );
#680 = PRESENTATION_LAYER_ASSIGNMENT (  '', '', ( #8623 ) ) ;
#681 = SURFACE_SIDE_STYLE ('',( #2029 ) ) ;
#682 = CARTESIAN_POINT ( 'NONE',  ( -0.3537839641056044759, 2.415000000000000036, 9.711722837520007090 ) ) ;
#683 = CARTESIAN_POINT ( 'NONE',  ( -3.600726937009538275, 2.415000000000000036, 9.558329157189398018 ) ) ;
#684 =( NAMED_UNIT ( * ) PLANE_ANGLE_UNIT ( ) SI_UNIT ( $, .RADIAN. ) );
#685 = CYLINDRICAL_SURFACE ( 'NONE', #6419, 0.4049999999999999711 ) ;
#686 = CARTESIAN_POINT ( 'NONE',  ( 1.869010553463217095, 2.415000000000000036, 7.341195140875035996 ) ) ;
#687 = EDGE_LOOP ( 'NONE', ( #6736, #7435, #146, #4169 ) ) ;
#688 = DIRECTION ( 'NONE',  ( -0.6275012253303565712, 0.0000000000000000000, 0.7786155740857620966 ) ) ;
#689 = ORIENTED_EDGE ( 'NONE', *, *, #1725, .T. ) ;
#690 = SURFACE_SIDE_STYLE ('',( #2166 ) ) ;
#691 =( GEOMETRIC_REPRESENTATION_CONTEXT ( 3 ) GLOBAL_UNCERTAINTY_ASSIGNED_CONTEXT ( ( #5119 ) ) GLOBAL_UNIT_ASSIGNED_CONTEXT ( ( #2363, #7870, #1708 ) ) REPRESENTATION_CONTEXT ( 'NONE', 'WORKASPACE' ) );
#692 = EDGE_CURVE ( 'NONE', #8341, #7265, #3258, .T. ) ;
#693 = CARTESIAN_POINT ( 'NONE',  ( -0.9110175136731932799, 2.415000000000000036, 2.357801833003711156 ) ) ;
#694 = FILL_AREA_STYLE ('',( #6085 ) ) ;
#695 = CARTESIAN_POINT ( 'NONE',  ( 1.568046091378595186, 2.415000000000000036, 7.266077915652977559 ) ) ;
#696 = SURFACE_STYLE_USAGE ( .BOTH. , #4494 ) ;
#697 = CARTESIAN_POINT ( 'NONE',  ( 0.2196147093193270006, 2.415000000000000036, 7.675430704195798093 ) ) ;
#698 = MECHANICAL_DESIGN_GEOMETRIC_PRESENTATION_REPRESENTATION (  '', ( #8790 ), #8350 ) ;
#699 = VERTEX_POINT ( 'NONE', #6260 ) ;
#700 = STYLED_ITEM ( 'NONE', ( #5345 ), #7518 ) ;
#701 = CARTESIAN_POINT ( 'NONE',  ( -2.688879351906353410, 2.415000000000000036, 9.947941149124943649 ) ) ;
#702 = CARTESIAN_POINT ( 'NONE',  ( 2.114016652734053370, 2.415000000000000036, 9.984611208471447341 ) ) ;
#703 = EDGE_CURVE ( 'NONE', #599, #4827, #3430, .T. ) ;
#704 = B_SPLINE_CURVE_WITH_KNOTS ( 'NONE', 3,
 ( #1616, #4477, #4341, #4428, #935, #6451, #296, #7863, #1696, #8559, #8705, #2355, #5090, #3656, #7209 ),
 .UNSPECIFIED., .F., .F.,
 ( 4, 1, 1, 1, 1, 1, 1, 1, 1, 1, 1, 1, 4 ),
 ( 0.0000000000000000000, 0.08972699448610255146, 0.1740872241690925304, 0.2525606226083080275, 0.3263587131180023526, 0.3945808224043617085, 0.4577876704666735685, 0.5168325264471794744, 0.5716095012928399388, 0.6767094843968320950, 0.7810175467632730628, 0.8877779174846066601, 0.9999999999999998890 ),
 .UNSPECIFIED. ) ;
#705 = CARTESIAN_POINT ( 'NONE',  ( -0.7347407240769850967, 2.415000000000000036, 5.815634774402863805 ) ) ;
#706 = CARTESIAN_POINT ( 'NONE',  ( -0.5446308118190592573, 2.415000000000000036, 7.188941508038908523 ) ) ;
#707 = COLOUR_RGB ( '',0.2509803921568627416, 0.2509803921568627416, 0.2509803921568627416 ) ;
#708 = VECTOR ( 'NONE', #3135, 1000.000000000000000 ) ;
#709 = CYLINDRICAL_SURFACE ( 'NONE', #2494, 0.1499999999999999667 ) ;
#710 = CARTESIAN_POINT ( 'NONE',  ( -1.517193283163382533, 2.415000000000000036, 7.366662490522729811 ) ) ;
#711 = ADVANCED_FACE ( 'NONE', ( #111 ), #1377, .T. ) ;
#712 = EDGE_LOOP ( 'NONE', ( #3161, #2723, #5291, #7835 ) ) ;
#713 = DIRECTION ( 'NONE',  ( 0.0000000000000000000, -1.000000000000000000, 0.0000000000000000000 ) ) ;
#714 = EDGE_CURVE ( 'NONE', #6101, #3052, #1561, .T. ) ;
#715 = DIRECTION ( 'NONE',  ( 0.0000000000000000000, 1.000000000000000000, 0.0000000000000000000 ) ) ;
#716 = CARTESIAN_POINT ( 'NONE',  ( 4.952346719737946934, 2.415000000000000036, 2.402759305157775582 ) ) ;
#717 = PRESENTATION_LAYER_ASSIGNMENT (  '', '', ( #6167 ) ) ;
#718 =( NAMED_UNIT ( * ) PLANE_ANGLE_UNIT ( ) SI_UNIT ( $, .RADIAN. ) );
#719 = ORIENTED_EDGE ( 'NONE', *, *, #8779, .T. ) ;
#720 = CARTESIAN_POINT ( 'NONE',  ( -0.3772192963375184949, 2.415000000000000036, 7.999353652682696492 ) ) ;
#721 = ORIENTED_EDGE ( 'NONE', *, *, #1017, .F. ) ;
#722 = DIRECTION ( 'NONE',  ( -0.0000000000000000000, 2.312964634635743529E-14, 1.000000000000000000 ) ) ;
#723 = CARTESIAN_POINT ( 'NONE',  ( -0.2881019322958182638, 2.415000000000000036, 9.795842475273351724 ) ) ;
#724 = SURFACE_STYLE_FILL_AREA ( #6296 ) ;
#725 = CARTESIAN_POINT ( 'NONE',  ( 1.026003764338108359, 2.415000000000000036, 5.727336951586849523 ) ) ;
#726 = VECTOR ( 'NONE', #2664, 1000.000000000000000 ) ;
#727 = CARTESIAN_POINT ( 'NONE',  ( 0.1387780601459120688, 2.415000000000000036, 9.361868066066875826 ) ) ;
#728 = FACE_OUTER_BOUND ( 'NONE', #4320, .T. ) ;
#729 = VERTEX_POINT ( 'NONE', #6843 ) ;
#730 = ORIENTED_EDGE ( 'NONE', *, *, #7356, .F. ) ;
#731 = STYLED_ITEM ( 'NONE', ( #7267 ), #1876 ) ;
#732 = FACE_OUTER_BOUND ( 'NONE', #3053, .T. ) ;
#733 = CARTESIAN_POINT ( 'NONE',  ( 2.040409345687500320, 2.415000000000000036, 9.588513092279402628 ) ) ;
#734 = CARTESIAN_POINT ( 'NONE',  ( 1.132363460047500991, 2.415000000000000036, 5.901285613930177476 ) ) ;
#735 = CARTESIAN_POINT ( 'NONE',  ( 0.1138733335277347658, 2.415000000000000036, 9.876270659024747545 ) ) ;
#736 = SURFACE_SIDE_STYLE ('',( #5399 ) ) ;
#737 = CARTESIAN_POINT ( 'NONE',  ( -0.03082635718513023274, 2.415000000000000036, 2.530964433362904664 ) ) ;
#738 = VECTOR ( 'NONE', #5629, 1000.000000000000000 ) ;
#739 =( NAMED_UNIT ( * ) SI_UNIT ( $, .STERADIAN. ) SOLID_ANGLE_UNIT ( ) );
#740 = CIRCLE ( 'NONE', #460, 0.4049999999999999711 ) ;
#741 = CARTESIAN_POINT ( 'NONE',  ( 2.334042182814587196, 2.415000000000000036, 9.604675042820629116 ) ) ;
#742 = EDGE_LOOP ( 'NONE', ( #4578, #6878, #8267, #336 ) ) ;
#743 = FACE_OUTER_BOUND ( 'NONE', #5453, .T. ) ;
#744 = MECHANICAL_DESIGN_GEOMETRIC_PRESENTATION_REPRESENTATION (  '', ( #1057 ), #7055 ) ;
#745 = FACE_BOUND ( 'NONE', #5066, .T. ) ;
#746 = CARTESIAN_POINT ( 'NONE',  ( -0.3286114110623257201, 2.415000000000000036, 2.077444087297215525 ) ) ;
#747 = CARTESIAN_POINT ( 'NONE',  ( 4.782066017177983852, -2.260000000000000231, 0.9720660171779832437 ) ) ;
#748 = CARTESIAN_POINT ( 'NONE',  ( 1.130042293759694783, 2.415000000000000036, 9.320749028984272044 ) ) ;
#749 =( GEOMETRIC_REPRESENTATION_CONTEXT ( 3 ) GLOBAL_UNCERTAINTY_ASSIGNED_CONTEXT ( ( #7189 ) ) GLOBAL_UNIT_ASSIGNED_CONTEXT ( ( #2710, #2125, #7615 ) ) REPRESENTATION_CONTEXT ( 'NONE', 'WORKASPACE' ) );
#750 = EDGE_CURVE ( 'NONE', #8189, #8530, #7941, .T. ) ;
#751 = CARTESIAN_POINT ( 'NONE',  ( 1.856988967282287240, 2.415000000000000036, 5.490081483133586460 ) ) ;
#752 = EDGE_LOOP ( 'NONE', ( #420, #2296, #647, #422 ) ) ;
#753 = CARTESIAN_POINT ( 'NONE',  ( 1.950555114272515267, 2.415000000000000036, 7.982047105907344786 ) ) ;
#754 = CARTESIAN_POINT ( 'NONE',  ( -2.204045672013403401, 2.415000000000000036, 9.721360541961388435 ) ) ;
#755 = CARTESIAN_POINT ( 'NONE',  ( 3.065025101283841646, 2.415000000000000036, 9.984353767565409044 ) ) ;
#756 = FILL_AREA_STYLE ('',( #5649 ) ) ;
#757 = EDGE_CURVE ( 'NONE', #5575, #5794, #2078, .T. ) ;
#758 = EDGE_CURVE ( 'NONE', #2051, #1843, #1503, .T. ) ;
#759 = CARTESIAN_POINT ( 'NONE',  ( 1.483490106463114966, 2.415000000000000036, 9.744179386416899291 ) ) ;
#760 = ORIENTED_EDGE ( 'NONE', *, *, #5356, .F. ) ;
#761 = EDGE_CURVE ( 'NONE', #729, #5231, #1554, .T. ) ;
#762 = CYLINDRICAL_SURFACE ( 'NONE', #4409, 0.1499999999999999667 ) ;
#763 = EDGE_LOOP ( 'NONE', ( #1722, #490, #6346, #1027 ) ) ;
#764 = DIRECTION ( 'NONE',  ( -0.7071067811865477948, 0.0000000000000000000, -0.7071067811865473507 ) ) ;
#765 = ORIENTED_EDGE ( 'NONE', *, *, #3119, .T. ) ;
#766 = FILL_AREA_STYLE ('',( #7692 ) ) ;
#767 = CARTESIAN_POINT ( 'NONE',  ( -1.392391554377685914, 2.415000000000000036, 5.080473948709233412 ) ) ;
#768 = EDGE_CURVE ( 'NONE', #2544, #6975, #4277, .T. ) ;
#769 = MECHANICAL_DESIGN_GEOMETRIC_PRESENTATION_REPRESENTATION (  '', ( #8426 ), #4778 ) ;
#770 = CARTESIAN_POINT ( 'NONE',  ( -0.1346942212241327985, 2.415000000000000036, 5.892041706072844498 ) ) ;
#771 = PLANE ( 'NONE',  #8655 ) ;
#772 = B_SPLINE_CURVE_WITH_KNOTS ( 'NONE', 3,
 ( #7395, #2676, #2645, #4781, #2088, #8331, #2791, #3990, #3394, #2010, #7580, #4737, #5539, #5406, #6140, #8238, #8191, #7484, #1388 ),
 .UNSPECIFIED., .F., .F.,
 ( 4, 1, 1, 1, 1, 1, 1, 1, 1, 1, 1, 1, 1, 1, 1, 1, 4 ),
 ( 0.0000000000000000000, 0.06128969885562472047, 0.1211119184563134998, 0.1796633028133824417, 0.2383420705421541441, 0.2974852184571003533, 0.3577528556314612529, 0.4192777636402747476, 0.4836161373193547663, 0.5483215954185103325, 0.6117276531773289117, 0.6742599473861839998, 0.7370647105003805821, 0.8001271801471174783, 0.8647152466121000858, 0.9313700550459672600, 1.000000000000000000 ),
 .UNSPECIFIED. ) ;
#773 = EDGE_CURVE ( 'NONE', #8404, #1864, #921, .T. ) ;
#774 = CARTESIAN_POINT ( 'NONE',  ( 1.726169786207848000, 2.415000000000000036, 7.370581036023541088 ) ) ;
#775 = ORIENTED_EDGE ( 'NONE', *, *, #485, .F. ) ;
#776 = LINE ( 'NONE', #646, #2959 ) ;
#777 = ORIENTED_EDGE ( 'NONE', *, *, #3282, .F. ) ;
#778 = VERTEX_POINT ( 'NONE', #7897 ) ;
#779 = CARTESIAN_POINT ( 'NONE',  ( -1.663535228361664897, 2.415000000000000036, 9.466221464068073743 ) ) ;
#780 = LINE ( 'NONE', #4774, #2574 ) ;
#781 =( NAMED_UNIT ( * ) PLANE_ANGLE_UNIT ( ) SI_UNIT ( $, .RADIAN. ) );
#782 =( LENGTH_UNIT ( ) NAMED_UNIT ( * ) SI_UNIT ( .MILLI., .METRE. ) );
#783 = CARTESIAN_POINT ( 'NONE',  ( 4.439526206917434159, 2.415000000000000036, 2.069425971824442101 ) ) ;
#784 = CARTESIAN_POINT ( 'NONE',  ( 1.942477009173864566, 2.415000000000000036, 5.691967682080126600 ) ) ;
#785 = VERTEX_POINT ( 'NONE', #967 ) ;
#786 = CARTESIAN_POINT ( 'NONE',  ( 0.9737447744708828123, 2.415000000000000036, 7.605812453201822976 ) ) ;
#787 = SURFACE_STYLE_FILL_AREA ( #836 ) ;
#788 = FILL_AREA_STYLE ('',( #5372 ) ) ;
#789 = DIRECTION ( 'NONE',  ( 0.0000000000000000000, 0.0000000000000000000, -1.000000000000000000 ) ) ;
#790 = CARTESIAN_POINT ( 'NONE',  ( -1.671721393770791986, 2.415000000000000036, 9.606871058736080826 ) ) ;
#791 = DIRECTION ( 'NONE',  ( 0.7071067811865481278, 0.0000000000000000000, 0.7071067811865466846 ) ) ;
#792 = VECTOR ( 'NONE', #6005, 1000.000000000000000 ) ;
#793 = CARTESIAN_POINT ( 'NONE',  ( -1.216311872906972180, 2.415000000000000036, 8.161534285394525412 ) ) ;
#794 = LINE ( 'NONE', #8479, #5310 ) ;
#795 = CARTESIAN_POINT ( 'NONE',  ( 1.873616036936259999, 2.415000000000000036, 5.497302337506701164 ) ) ;
#796 = ORIENTED_EDGE ( 'NONE', *, *, #8049, .T. ) ;
#797 = CARTESIAN_POINT ( 'NONE',  ( -0.9953212395433906901, 2.415000000000000036, 5.313694430022451343 ) ) ;
#798 = LINE ( 'NONE', #898, #7208 ) ;
#799 = CARTESIAN_POINT ( 'NONE',  ( 3.231550279236476975, 2.415000000000000036, 9.942669623941192469 ) ) ;
#800 = LINE ( 'NONE', #2020, #2102 ) ;
#801 = AXIS2_PLACEMENT_3D ( 'NONE', #7938, #2331, #5116 ) ;
#802 = ORIENTED_EDGE ( 'NONE', *, *, #7751, .F. ) ;
#803 = UNCERTAINTY_MEASURE_WITH_UNIT (LENGTH_MEASURE( 1.000000000000000082E-05 ), #8585, 'distance_accuracy_value', 'NONE');
#804 = DIRECTION ( 'NONE',  ( 1.000000000000000000, 0.0000000000000000000, 0.0000000000000000000 ) ) ;
#805 = ORIENTED_EDGE ( 'NONE', *, *, #7403, .F. ) ;
#806 = ORIENTED_EDGE ( 'NONE', *, *, #8781, .F. ) ;
#807 = FACE_BOUND ( 'NONE', #156, .T. ) ;
#808 = CARTESIAN_POINT ( 'NONE',  ( -0.3314257616735143408, 2.415000000000000036, 9.754647250887988008 ) ) ;
#809 = EDGE_CURVE ( 'NONE', #2585, #1963, #7538, .T. ) ;
#810 = B_SPLINE_CURVE_WITH_KNOTS ( 'NONE', 3,
 ( #6546, #3073, #8711, #8568, #6597, #4483, #1080, #6457, #1842, #8528, #3664 ),
 .UNSPECIFIED., .F., .F.,
 ( 4, 1, 1, 1, 1, 1, 1, 1, 4 ),
 ( 0.0000000000000000000, 0.1245867142441606790, 0.2467065717803693381, 0.3692670817892082513, 0.4930906331313661406, 0.6181358699556795955, 0.7423981444281654296, 0.8692709695344010834, 1.000000000000000000 ),
 .UNSPECIFIED. ) ;
#811 = CARTESIAN_POINT ( 'NONE',  ( -1.722521808804407639, 2.415000000000000036, 5.552199349497088932 ) ) ;
#812 = FILL_AREA_STYLE_COLOUR ( '', #4909 ) ;
#813 = CARTESIAN_POINT ( 'NONE',  ( -0.2593884288131082516, 2.415000000000000036, 5.842237198755208638 ) ) ;
#814 =( NAMED_UNIT ( * ) SI_UNIT ( $, .STERADIAN. ) SOLID_ANGLE_UNIT ( ) );
#815 = UNCERTAINTY_MEASURE_WITH_UNIT (LENGTH_MEASURE( 1.000000000000000082E-05 ), #7713, 'distance_accuracy_value', 'NONE');
#816 =( GEOMETRIC_REPRESENTATION_CONTEXT ( 3 ) GLOBAL_UNCERTAINTY_ASSIGNED_CONTEXT ( ( #452 ) ) GLOBAL_UNIT_ASSIGNED_CONTEXT ( ( #2038, #598, #2627 ) ) REPRESENTATION_CONTEXT ( 'NONE', 'WORKASPACE' ) );
#817 = ORIENTED_EDGE ( 'NONE', *, *, #4971, .F. ) ;
#818 =( GEOMETRIC_REPRESENTATION_CONTEXT ( 3 ) GLOBAL_UNCERTAINTY_ASSIGNED_CONTEXT ( ( #2617 ) ) GLOBAL_UNIT_ASSIGNED_CONTEXT ( ( #5062, #4253, #1045 ) ) REPRESENTATION_CONTEXT ( 'NONE', 'WORKASPACE' ) );
#819 = SURFACE_STYLE_FILL_AREA ( #196 ) ;
#820 = ORIENTED_EDGE ( 'NONE', *, *, #3617, .F. ) ;
#821 = ADVANCED_FACE ( 'NONE', ( #2439 ), #5760, .T. ) ;
#822 = ORIENTED_EDGE ( 'NONE', *, *, #6700, .T. ) ;
#823 = FILL_AREA_STYLE ('',( #29 ) ) ;
#824 =( NAMED_UNIT ( * ) PLANE_ANGLE_UNIT ( ) SI_UNIT ( $, .RADIAN. ) );
#825 = VECTOR ( 'NONE', #4712, 1000.000000000000000 ) ;
#826 =( NAMED_UNIT ( * ) SI_UNIT ( $, .STERADIAN. ) SOLID_ANGLE_UNIT ( ) );
#827 = VECTOR ( 'NONE', #4871, 1000.000000000000000 ) ;
#828 = CARTESIAN_POINT ( 'NONE',  ( 0.0000000000000000000, 2.415000000000000036, 0.0000000000000000000 ) ) ;
#829 = FACE_OUTER_BOUND ( 'NONE', #4217, .T. ) ;
#830 = CARTESIAN_POINT ( 'NONE',  ( 0.8185720034746135632, 2.415000000000000036, 5.842141000120438576 ) ) ;
#831 = CARTESIAN_POINT ( 'NONE',  ( -1.575568596921777642, 2.415000000000000036, 9.800704355233524012 ) ) ;
#832 = ORIENTED_EDGE ( 'NONE', *, *, #6659, .F. ) ;
#833 = AXIS2_PLACEMENT_3D ( 'NONE', #1973, #3997, #6738 ) ;
#834 = CIRCLE ( 'NONE', #8040, 0.4049999999999999711 ) ;
#835 = CARTESIAN_POINT ( 'NONE',  ( 3.033472713245289665, 2.415000000000000036, 9.382264339247971208 ) ) ;
#836 = FILL_AREA_STYLE ('',( #2311 ) ) ;
#837 = LINE ( 'NONE', #2792, #7891 ) ;
#838 = CARTESIAN_POINT ( 'NONE',  ( 0.0000000000000000000, 2.415000000000000036, 0.0000000000000000000 ) ) ;
#839 = CARTESIAN_POINT ( 'NONE',  ( 0.9075543810831422364, 2.415000000000000036, 8.139422479313958902 ) ) ;
#840 =( LENGTH_UNIT ( ) NAMED_UNIT ( * ) SI_UNIT ( .MILLI., .METRE. ) );
#841 =( GEOMETRIC_REPRESENTATION_CONTEXT ( 3 ) GLOBAL_UNCERTAINTY_ASSIGNED_CONTEXT ( ( #354 ) ) GLOBAL_UNIT_ASSIGNED_CONTEXT ( ( #8278, #2127, #739 ) ) REPRESENTATION_CONTEXT ( 'NONE', 'WORKASPACE' ) );
#842 = COLOUR_RGB ( '',0.7529411764705882248, 0.7529411764705882248, 0.7529411764705882248 ) ;
#843 = CARTESIAN_POINT ( 'NONE',  ( 0.1088720012619302097, 2.415000000000000036, 7.321493540151423396 ) ) ;
#844 = CARTESIAN_POINT ( 'NONE',  ( 1.301783130974767833, 2.415000000000000036, 9.395520675940693067 ) ) ;
#845 = CARTESIAN_POINT ( 'NONE',  ( -0.2345495578116994495, 2.415000000000000036, 5.291603494666962781 ) ) ;
#846 = ORIENTED_EDGE ( 'NONE', *, *, #7855, .F. ) ;
#847 = PRESENTATION_STYLE_ASSIGNMENT (( #6997 ) ) ;
#848 = COLOUR_RGB ( '',0.2509803921568627416, 0.2509803921568627416, 0.2509803921568627416 ) ;
#849 = CARTESIAN_POINT ( 'NONE',  ( 1.156271997083379910, 2.415000000000000036, 9.297968865207007383 ) ) ;
#850 =( LENGTH_UNIT ( ) NAMED_UNIT ( * ) SI_UNIT ( .MILLI., .METRE. ) );
#851 = AXIS2_PLACEMENT_3D ( 'NONE', #159, #1378, #4808 ) ;
#852 = CARTESIAN_POINT ( 'NONE',  ( -0.5898496444103629166, 2.415000000000000036, 8.107054435538561421 ) ) ;
#853 = DIRECTION ( 'NONE',  ( 0.0000000000000000000, -1.000000000000000000, 0.0000000000000000000 ) ) ;
#854 = VERTEX_POINT ( 'NONE', #7801 ) ;
#855 = CIRCLE ( 'NONE', #4851, 0.2049999999999994604 ) ;
#856 = ORIENTED_EDGE ( 'NONE', *, *, #3282, .T. ) ;
#857 = EDGE_LOOP ( 'NONE', ( #463, #4472, #169, #2486, #3668, #495, #8690, #5927, #3987, #8539 ) ) ;
#858 = CARTESIAN_POINT ( 'NONE',  ( 2.067541271732915131, 2.415000000000000036, 6.082048637466942687 ) ) ;
#859 =( NAMED_UNIT ( * ) PLANE_ANGLE_UNIT ( ) SI_UNIT ( $, .RADIAN. ) );
#860 = DIRECTION ( 'NONE',  ( 0.0000000000000000000, 0.0000000000000000000, -1.000000000000000000 ) ) ;
#861 = DIRECTION ( 'NONE',  ( 0.0000000000000000000, -0.0000000000000000000, 1.000000000000000000 ) ) ;
#862 = CIRCLE ( 'NONE', #5887, 0.1499999999999999667 ) ;
#863 = PLANE ( 'NONE',  #4833 ) ;
#864 = ORIENTED_EDGE ( 'NONE', *, *, #2028, .F. ) ;
#865 = SURFACE_STYLE_USAGE ( .BOTH. , #7797 ) ;
#866 = ORIENTED_EDGE ( 'NONE', *, *, #6195, .T. ) ;
#867 = ADVANCED_FACE ( 'NONE', ( #1643 ), #5670, .T. ) ;
#868 = ORIENTED_EDGE ( 'NONE', *, *, #6238, .T. ) ;
#869 = DIRECTION ( 'NONE',  ( -0.7071067811865474617, 0.0000000000000000000, 0.7071067811865474617 ) ) ;
#870 = B_SPLINE_CURVE_WITH_KNOTS ( 'NONE', 3,
 ( #1967, #4697, #6274, #2011, #4738, #3438, #2646 ),
 .UNSPECIFIED., .F., .F.,
 ( 4, 1, 1, 1, 4 ),
 ( 0.0000000000000000000, 0.2612608318612245628, 0.5102993883140425346, 0.7552010505822345232, 1.000000000000000000 ),
 .UNSPECIFIED. ) ;
#871 =( GEOMETRIC_REPRESENTATION_CONTEXT ( 3 ) GLOBAL_UNCERTAINTY_ASSIGNED_CONTEXT ( ( #25 ) ) GLOBAL_UNIT_ASSIGNED_CONTEXT ( ( #5405, #1966, #8881 ) ) REPRESENTATION_CONTEXT ( 'NONE', 'WORKASPACE' ) );
#872 = CARTESIAN_POINT ( 'NONE',  ( 0.9959985078119871771, 2.415000000000000036, 5.816050596956946706 ) ) ;
#873 = DIRECTION ( 'NONE',  ( 1.000000000000000000, 0.0000000000000000000, -0.0000000000000000000 ) ) ;
#874 = DIRECTION ( 'NONE',  ( 0.0000000000000000000, 1.000000000000000000, 0.0000000000000000000 ) ) ;
#875 = EDGE_CURVE ( 'NONE', #2187, #5428, #424, .T. ) ;
#876 = CARTESIAN_POINT ( 'NONE',  ( -7.214999999999999858, 2.265000000000000124, 1.016000000000000902 ) ) ;
#877 = CARTESIAN_POINT ( 'NONE',  ( 0.8267152268761620570, 2.415000000000000036, 5.883525187914576904 ) ) ;
#878 = EDGE_CURVE ( 'NONE', #3592, #2597, #8561, .T. ) ;
#879 =( GEOMETRIC_REPRESENTATION_CONTEXT ( 3 ) GLOBAL_UNCERTAINTY_ASSIGNED_CONTEXT ( ( #2247 ) ) GLOBAL_UNIT_ASSIGNED_CONTEXT ( ( #7323, #6662, #669 ) ) REPRESENTATION_CONTEXT ( 'NONE', 'WORKASPACE' ) );
#880 = CARTESIAN_POINT ( 'NONE',  ( -1.785950570305985918, 2.415000000000000036, 9.984027646494874730 ) ) ;
#881 = ORIENTED_EDGE ( 'NONE', *, *, #1486, .F. ) ;
#882 = EDGE_CURVE ( 'NONE', #2273, #854, #8393, .T. ) ;
#883 = PRESENTATION_STYLE_ASSIGNMENT (( #7767 ) ) ;
#884 = CARTESIAN_POINT ( 'NONE',  ( 1.181925306580207335, 2.415000000000000036, 5.697431721291961182 ) ) ;
#885 = FILL_AREA_STYLE ('',( #2089 ) ) ;
#886 = PLANE ( 'NONE',  #8401 ) ;
#887 = DIRECTION ( 'NONE',  ( 1.224646799147353207E-16, 1.000000000000000000, -0.0000000000000000000 ) ) ;
#888 = VECTOR ( 'NONE', #6496, 1000.000000000000000 ) ;
#889 = CARTESIAN_POINT ( 'NONE',  ( 2.794000000000002260, -2.410000000000000142, 1.166000000000000814 ) ) ;
#890 = CARTESIAN_POINT ( 'NONE',  ( 2.060857034497940887, 2.415000000000000036, 9.980176637860477484 ) ) ;
#891 = CARTESIAN_POINT ( 'NONE',  ( 1.280832878547906839, 2.415000000000000036, 9.398085488561129353 ) ) ;
#892 = EDGE_CURVE ( 'NONE', #394, #7468, #2081, .T. ) ;
#893 = STYLED_ITEM ( 'NONE', ( #5668 ), #2299 ) ;
#894 = DIRECTION ( 'NONE',  ( 0.0000000000000000000, 0.0000000000000000000, -1.000000000000000000 ) ) ;
#895 = VERTEX_POINT ( 'NONE', #4013 ) ;
#896 =( GEOMETRIC_REPRESENTATION_CONTEXT ( 3 ) GLOBAL_UNCERTAINTY_ASSIGNED_CONTEXT ( ( #5477 ) ) GLOBAL_UNIT_ASSIGNED_CONTEXT ( ( #8862, #2109, #4842 ) ) REPRESENTATION_CONTEXT ( 'NONE', 'WORKASPACE' ) );
#897 = CARTESIAN_POINT ( 'NONE',  ( -2.214376049443292249, 2.415000000000000036, 7.788203664063343190 ) ) ;
#898 = CARTESIAN_POINT ( 'NONE',  ( -0.8122653985479978411, 2.415000000000000036, 7.161534285394524524 ) ) ;
#899 = CARTESIAN_POINT ( 'NONE',  ( -2.458393009400307694, 2.415000000000000036, 9.785171157753389082 ) ) ;
#900 = CARTESIAN_POINT ( 'NONE',  ( -2.471773519099606187, 2.415000000000000036, 7.451406237324968096 ) ) ;
#901 = CARTESIAN_POINT ( 'NONE',  ( -1.870768677830979110, 2.415000000000000036, 9.420150957427097183 ) ) ;
#902 = DIRECTION ( 'NONE',  ( -1.000000000000000000, 0.0000000000000000000, 0.0000000000000000000 ) ) ;
#903 = MECHANICAL_DESIGN_GEOMETRIC_PRESENTATION_REPRESENTATION (  '', ( #5621 ), #2046 ) ;
#904 = CARTESIAN_POINT ( 'NONE',  ( 1.901249220294522146, 2.415000000000000036, 5.268446094649925193 ) ) ;
#905 = ORIENTED_EDGE ( 'NONE', *, *, #369, .T. ) ;
#906 = UNCERTAINTY_MEASURE_WITH_UNIT (LENGTH_MEASURE( 1.000000000000000082E-05 ), #4066, 'distance_accuracy_value', 'NONE');
#907 = DIRECTION ( 'NONE',  ( 0.0000000000000000000, 0.0000000000000000000, -1.000000000000000000 ) ) ;
#908 = ORIENTED_EDGE ( 'NONE', *, *, #7814, .F. ) ;
#909 =( NAMED_UNIT ( * ) SI_UNIT ( $, .STERADIAN. ) SOLID_ANGLE_UNIT ( ) );
#910 = ORIENTED_EDGE ( 'NONE', *, *, #4615, .T. ) ;
#911 = CARTESIAN_POINT ( 'NONE',  ( 1.969785883503284429, 2.415000000000000036, 8.161534285394525412 ) ) ;
#912 = PLANE ( 'NONE',  #6593 ) ;
#913 = FILL_AREA_STYLE ('',( #2996 ) ) ;
#914 = CARTESIAN_POINT ( 'NONE',  ( -1.902008988291588043, 2.415000000000000036, 6.082047105907345319 ) ) ;
#915 = MECHANICAL_DESIGN_GEOMETRIC_PRESENTATION_REPRESENTATION (  '', ( #3484 ), #6799 ) ;
#916 = UNCERTAINTY_MEASURE_WITH_UNIT (LENGTH_MEASURE( 1.000000000000000082E-05 ), #5048, 'distance_accuracy_value', 'NONE');
#917 = CARTESIAN_POINT ( 'NONE',  ( -2.595652766461129968, 2.415000000000000036, 9.395520675940693067 ) ) ;
#918 = ORIENTED_EDGE ( 'NONE', *, *, #6153, .T. ) ;
#919 = CARTESIAN_POINT ( 'NONE',  ( 2.731867965644037444, -2.410000000000000142, 0.8660000000000008802 ) ) ;
#920 = VERTEX_POINT ( 'NONE', #1205 ) ;
#921 = B_SPLINE_CURVE_WITH_KNOTS ( 'NONE', 3,
 ( #6891, #7519, #733, #3471, #6220, #67, #8550, #1067, #1735, #3736, #1778, #6484, #4464, #2912, #372, #1601, #3784, #6525, #3097 ),
 .UNSPECIFIED., .F., .F.,
 ( 4, 1, 1, 1, 1, 1, 1, 1, 1, 1, 1, 1, 1, 1, 1, 1, 4 ),
 ( 0.0000000000000000000, 0.09363088043893937062, 0.1794262037348931804, 0.2568045472608712632, 0.3257624280792911220, 0.3870139904050441393, 0.4399130242043117200, 0.4852978156364035622, 0.5225148250849537268, 0.5867156654248986136, 0.6467366256892291831, 0.7040075326832286873, 0.7604925732903261570, 0.8171614209264539408, 0.8752766620165713940, 0.9352276695303809451, 1.000000000000000000 ),
 .UNSPECIFIED. ) ;
#922 = EDGE_LOOP ( 'NONE', ( #6240, #8364, #455, #677, #1684, #8894, #6093, #1585, #8033 ) ) ;
#923 = CIRCLE ( 'NONE', #3214, 0.4049999999999999711 ) ;
#924 = DIRECTION ( 'NONE',  ( -0.7071067811865476838, 0.0000000000000000000, -0.7071067811865474617 ) ) ;
#925 = CARTESIAN_POINT ( 'NONE',  ( -3.600688998139951913, 2.415000000000000036, 9.568679185009184351 ) ) ;
#926 = FACE_OUTER_BOUND ( 'NONE', #65, .T. ) ;
#927 = ADVANCED_FACE ( 'NONE', ( #3247 ), #5307, .T. ) ;
#928 = SURFACE_STYLE_FILL_AREA ( #162 ) ;
#929 = CARTESIAN_POINT ( 'NONE',  ( 0.8218352724640722862, 2.415000000000000036, 5.863183386319470891 ) ) ;
#930 = DIRECTION ( 'NONE',  ( 1.000000000000000000, 0.0000000000000000000, 0.0000000000000000000 ) ) ;
#931 = ORIENTED_EDGE ( 'NONE', *, *, #8874, .F. ) ;
#932 = LINE ( 'NONE', #5724, #3993 ) ;
#933 = ORIENTED_EDGE ( 'NONE', *, *, #2568, .T. ) ;
#934 = CARTESIAN_POINT ( 'NONE',  ( -0.6776500139326132599, 2.415000000000000036, 9.241021464881704617 ) ) ;
#935 = CARTESIAN_POINT ( 'NONE',  ( -1.950862336761691296, 2.415000000000000036, 9.642395236883507081 ) ) ;
#936 =( LENGTH_UNIT ( ) NAMED_UNIT ( * ) SI_UNIT ( .MILLI., .METRE. ) );
#937 = FILL_AREA_STYLE ('',( #983 ) ) ;
#938 =( LENGTH_UNIT ( ) NAMED_UNIT ( * ) SI_UNIT ( .MILLI., .METRE. ) );
#939 = CARTESIAN_POINT ( 'NONE',  ( 0.9298734459192351531, 2.415000000000000036, 8.145365759878565370 ) ) ;
#940 = CARTESIAN_POINT ( 'NONE',  ( 2.087058924175245078, 2.415000000000000036, 9.983972076850950117 ) ) ;
#941 = EDGE_CURVE ( 'NONE', #6671, #6189, #8899, .T. ) ;
#942 = CARTESIAN_POINT ( 'NONE',  ( 0.9757520806673934954, 2.415000000000000036, 7.786340138971723057 ) ) ;
#943 = CARTESIAN_POINT ( 'NONE',  ( 1.190617458220095237, 2.415000000000000036, 9.440023859108434223 ) ) ;
#944 = CARTESIAN_POINT ( 'NONE',  ( 1.797468240447559262, 2.415000000000000036, 5.423180303779629341 ) ) ;
#945 = EDGE_LOOP ( 'NONE', ( #4544, #1218, #1066 ) ) ;
#946 =( NAMED_UNIT ( * ) SI_UNIT ( $, .STERADIAN. ) SOLID_ANGLE_UNIT ( ) );
#947 = EDGE_CURVE ( 'NONE', #6371, #4629, #5196, .T. ) ;
#948 = LINE ( 'NONE', #6960, #7490 ) ;
#949 = DIRECTION ( 'NONE',  ( -0.7071067811865483499, 0.0000000000000000000, 0.7071067811865466846 ) ) ;
#950 = SURFACE_STYLE_USAGE ( .BOTH. , #8441 ) ;
#951 = LINE ( 'NONE', #1085, #6125 ) ;
#952 = CARTESIAN_POINT ( 'NONE',  ( 1.801317349629449227, 2.415000000000000036, 5.328190644142143384 ) ) ;
#953 = ORIENTED_EDGE ( 'NONE', *, *, #61, .F. ) ;
#954 = CARTESIAN_POINT ( 'NONE',  ( -2.369156424189022836, 2.415000000000000036, 7.649915695650935099 ) ) ;
#955 = AXIS2_PLACEMENT_3D ( 'NONE', #7875, #4440, #949 ) ;
#956 = EDGE_LOOP ( 'NONE', ( #2541, #2394, #2340, #1639 ) ) ;
#957 = DIRECTION ( 'NONE',  ( 1.000000000000000000, 0.0000000000000000000, 0.0000000000000000000 ) ) ;
#958 = CARTESIAN_POINT ( 'NONE',  ( -2.081496167778767337, 2.415000000000000036, 5.710252234112473957 ) ) ;
#959 = DIRECTION ( 'NONE',  ( 0.0000000000000000000, 0.0000000000000000000, 1.000000000000000000 ) ) ;
#960 = AXIS2_PLACEMENT_3D ( 'NONE', #8882, #7526, #6228 ) ;
#961 = PRESENTATION_STYLE_ASSIGNMENT (( #1012 ) ) ;
#962 = VERTEX_POINT ( 'NONE', #7604 ) ;
#963 = CARTESIAN_POINT ( 'NONE',  ( -1.882778219060819769, 2.415000000000000036, 9.451157682830421791 ) ) ;
#964 = ORIENTED_EDGE ( 'NONE', *, *, #5025, .F. ) ;
#965 = AXIS2_PLACEMENT_3D ( 'NONE', #1860, #4595, #3280 ) ;
#966 = VERTEX_POINT ( 'NONE', #6207 ) ;
#967 = CARTESIAN_POINT ( 'NONE',  ( 1.610811524528925842, 2.415000000000000036, 5.371510246932986732 ) ) ;
#968 = CARTESIAN_POINT ( 'NONE',  ( -0.8767153903359855560, 2.415000000000000036, 5.992470103547997695 ) ) ;
#969 = CARTESIAN_POINT ( 'NONE',  ( -3.591587321219560813, 2.415000000000000036, 9.717920925828867240 ) ) ;
#970 = CARTESIAN_POINT ( 'NONE',  ( 1.860811524528925176, 2.415000000000000036, 9.720188131548370691 ) ) ;
#971 = STYLED_ITEM ( 'NONE', ( #3175 ), #5690 ) ;
#972 = SURFACE_SIDE_STYLE ('',( #8423 ) ) ;
#973 = PRESENTATION_LAYER_ASSIGNMENT (  '', '', ( #3682 ) ) ;
#974 = FACE_BOUND ( 'NONE', #4793, .T. ) ;
#975 = FACE_OUTER_BOUND ( 'NONE', #8508, .T. ) ;
#976 = EDGE_LOOP ( 'NONE', ( #7071, #6179, #2781, #4047 ) ) ;
#977 = DIRECTION ( 'NONE',  ( 0.6811659280343768108, 0.0000000000000000000, -0.7321290722851170329 ) ) ;
#978 = ORIENTED_EDGE ( 'NONE', *, *, #1600, .F. ) ;
#979 = PRESENTATION_LAYER_ASSIGNMENT (  '', '', ( #4822 ) ) ;
#980 = CARTESIAN_POINT ( 'NONE',  ( 3.037293896323796982, 2.415000000000000036, 9.830765054625294042 ) ) ;
#981 = CARTESIAN_POINT ( 'NONE',  ( 2.970571392157490997, 2.415000000000000036, 9.392216602027938066 ) ) ;
#982 = DIRECTION ( 'NONE',  ( 0.0000000000000000000, 1.000000000000000000, 0.0000000000000000000 ) ) ;
#983 = FILL_AREA_STYLE_COLOUR ( '', #5139 ) ;
#984 = CARTESIAN_POINT ( 'NONE',  ( 1.149796343370083962, 2.415000000000000036, 9.729092568292504239 ) ) ;
#985 = CARTESIAN_POINT ( 'NONE',  ( 1.565939729657130686, 2.415000000000000036, 7.900716977702216148 ) ) ;
#986 = CARTESIAN_POINT ( 'NONE',  ( 1.142862806580207780, 2.415000000000000036, 7.982047105907344786 ) ) ;
#987 = FILL_AREA_STYLE ('',( #8432 ) ) ;
#988 = CIRCLE ( 'NONE', #8902, 0.4049999999999999711 ) ;
#989 = CARTESIAN_POINT ( 'NONE',  ( -1.509581103676202574, 2.415000000000000036, 5.415380439240678356 ) ) ;
#990 = CARTESIAN_POINT ( 'NONE',  ( -0.1646249033861414968, 2.415000000000000036, 7.983321388904597526 ) ) ;
#991 = EDGE_LOOP ( 'NONE', ( #3780, #719, #4148, #5272, #5827, #3640, #3953, #3300, #198, #1916, #4642, #5992, #1937, #6876, #6448 ) ) ;
#992 = EDGE_CURVE ( 'NONE', #8415, #6632, #4180, .T. ) ;
#993 = CARTESIAN_POINT ( 'NONE',  ( -2.205791915476702947, 2.415000000000000036, 8.001582122914761896 ) ) ;
#994 = CARTESIAN_POINT ( 'NONE',  ( -3.764495992483869458, 2.415000000000000036, 9.829849656830241145 ) ) ;
#995 = DIRECTION ( 'NONE',  ( 0.0000000000000000000, 1.000000000000000000, 0.0000000000000000000 ) ) ;
#996 = VECTOR ( 'NONE', #1543, 1000.000000000000000 ) ;
#997 = AXIS2_PLACEMENT_3D ( 'NONE', #1215, #1341, #7303 ) ;
#998 = CARTESIAN_POINT ( 'NONE',  ( -1.376812711882152485, 2.415000000000000036, 5.894966417037131201 ) ) ;
#999 = ORIENTED_EDGE ( 'NONE', *, *, #1600, .T. ) ;
#1000 = ADVANCED_FACE ( 'NONE', ( #56 ), #8258, .F. ) ;
#1001 = UNCERTAINTY_MEASURE_WITH_UNIT (LENGTH_MEASURE( 1.000000000000000082E-05 ), #4763, 'distance_accuracy_value', 'NONE');
#1002 = EDGE_CURVE ( 'NONE', #4941, #7500, #5942, .T. ) ;
#1003 = CARTESIAN_POINT ( 'NONE',  ( -0.3571371934197923315, 2.415000000000000036, 9.702559926420166292 ) ) ;
#1004 = TOROIDAL_SURFACE ( 'NONE', #2269, 0.2999999999999999889, 0.1499999999999999944 ) ;
#1005 = ORIENTED_EDGE ( 'NONE', *, *, #6754, .F. ) ;
#1006 = PRESENTATION_LAYER_ASSIGNMENT (  '', '', ( #1863 ) ) ;
#1007 = EDGE_CURVE ( 'NONE', #2768, #7798, #2203, .T. ) ;
#1008 = DIRECTION ( 'NONE',  ( 0.0000000000000000000, 0.0000000000000000000, 1.000000000000000000 ) ) ;
#1009 = SURFACE_SIDE_STYLE ('',( #4264 ) ) ;
#1010 = STYLED_ITEM ( 'NONE', ( #1399 ), #8789 ) ;
#1011 = STYLED_ITEM ( 'NONE', ( #4689 ), #7919 ) ;
#1012 = SURFACE_STYLE_USAGE ( .BOTH. , #1680 ) ;
#1013 = UNCERTAINTY_MEASURE_WITH_UNIT (LENGTH_MEASURE( 1.000000000000000082E-05 ), #1208, 'distance_accuracy_value', 'NONE');
#1014 = DIRECTION ( 'NONE',  ( -1.423070940095821945E-16, 0.0000000000000000000, -1.000000000000000000 ) ) ;
#1015 = ORIENTED_EDGE ( 'NONE', *, *, #5809, .T. ) ;
#1016 = ORIENTED_EDGE ( 'NONE', *, *, #4391, .F. ) ;
#1017 = EDGE_CURVE ( 'NONE', #4621, #8846, #2067, .T. ) ;
#1018 = ORIENTED_EDGE ( 'NONE', *, *, #8321, .T. ) ;
#1019 = AXIS2_PLACEMENT_3D ( 'NONE', #6552, #1669, #5736 ) ;
#1020 = CARTESIAN_POINT ( 'NONE',  ( -3.695805626068740413, 2.415000000000000036, 9.927168019783410458 ) ) ;
#1021 = CARTESIAN_POINT ( 'NONE',  ( -2.248764109186455418, 2.415000000000000036, 7.758022335547633652 ) ) ;
#1022 = CARTESIAN_POINT ( 'NONE',  ( 2.765158798670346751, 2.415000000000000036, 9.331673221781425553 ) ) ;
#1023 = FACE_OUTER_BOUND ( 'NONE', #687, .T. ) ;
#1024 = DIRECTION ( 'NONE',  ( -0.7071067811865483499, 0.0000000000000000000, 0.7071067811865466846 ) ) ;
#1025 = LINE ( 'NONE', #5183, #3102 ) ;
#1026 = FACE_BOUND ( 'NONE', #1338, .T. ) ;
#1027 = ORIENTED_EDGE ( 'NONE', *, *, #531, .F. ) ;
#1028 = ORIENTED_EDGE ( 'NONE', *, *, #104, .F. ) ;
#1029 = CARTESIAN_POINT ( 'NONE',  ( -2.074465100093973557, 2.415000000000000036, 7.148458204171942221 ) ) ;
#1030 = CARTESIAN_POINT ( 'NONE',  ( 0.0000000000000000000, -2.410000000000000142, 0.0000000000000000000 ) ) ;
#1031 = DIRECTION ( 'NONE',  ( 0.0000000000000000000, 0.0000000000000000000, 1.000000000000000000 ) ) ;
#1032 = CARTESIAN_POINT ( 'NONE',  ( 1.897037013068512357, 2.415000000000000036, 9.873504964861016475 ) ) ;
#1033 = CARTESIAN_POINT ( 'NONE',  ( 1.694036108956575193, 2.415000000000000036, 7.516091398180443583 ) ) ;
#1034 = SURFACE_STYLE_FILL_AREA ( #987 ) ;
#1035 = STYLED_ITEM ( 'NONE', ( #6004 ), #320 ) ;
#1036 = CARTESIAN_POINT ( 'NONE',  ( 0.9391368450417461045, 2.415000000000000036, 7.612656080266319236 ) ) ;
#1037 = DIRECTION ( 'NONE',  ( 0.0000000000000000000, 1.000000000000000000, 0.0000000000000000000 ) ) ;
#1038 = DIRECTION ( 'NONE',  ( 0.0000000000000000000, 1.000000000000000000, 0.0000000000000000000 ) ) ;
#1039 = EDGE_LOOP ( 'NONE', ( #295, #464, #4450, #3782, #2821, #1276, #3355, #3388, #3129 ) ) ;
#1040 = CARTESIAN_POINT ( 'NONE',  ( 0.0000000000000000000, 2.415000000000000036, 0.0000000000000000000 ) ) ;
#1041 = B_SPLINE_CURVE_WITH_KNOTS ( 'NONE', 3,
 ( #5363, #6139, #8923, #1887, #4624, #3520, #701, #8281, #6948, #3574, #1430 ),
 .UNSPECIFIED., .F., .F.,
 ( 4, 1, 1, 1, 1, 1, 1, 1, 4 ),
 ( 0.0000000000000000000, 0.1271075861461222201, 0.2515000969381991358, 0.3731967611473666069, 0.4954110316952988202, 0.6177369962087793098, 0.7421295070008538941, 0.8686603672142321209, 1.000000000000000000 ),
 .UNSPECIFIED. ) ;
#1042 = TOROIDAL_SURFACE ( 'NONE', #6047, 0.2999999999999999889, 0.1499999999999999944 ) ;
#1043 =( NAMED_UNIT ( * ) SI_UNIT ( $, .STERADIAN. ) SOLID_ANGLE_UNIT ( ) );
#1044 = CIRCLE ( 'NONE', #2609, 0.2000000000000000944 ) ;
#1045 =( NAMED_UNIT ( * ) SI_UNIT ( $, .STERADIAN. ) SOLID_ANGLE_UNIT ( ) );
#1046 = CARTESIAN_POINT ( 'NONE',  ( 2.323854756247450748, 2.415000000000000036, 9.689313254087229765 ) ) ;
#1047 = CARTESIAN_POINT ( 'NONE',  ( -1.215310270342869092, 2.415000000000000036, 5.928200952061192019 ) ) ;
#1048 = EDGE_CURVE ( 'NONE', #2149, #2131, #4625, .T. ) ;
#1049 = SURFACE_SIDE_STYLE ('',( #7927 ) ) ;
#1050 = ORIENTED_EDGE ( 'NONE', *, *, #5659, .T. ) ;
#1051 = VECTOR ( 'NONE', #3729, 1000.000000000000000 ) ;
#1052 = CARTESIAN_POINT ( 'NONE',  ( -0.5366243729069718471, 2.415000000000000036, 9.595388452061191842 ) ) ;
#1053 = LINE ( 'NONE', #8065, #8889 ) ;
#1054 = VERTEX_POINT ( 'NONE', #914 ) ;
#1055 = EDGE_CURVE ( 'NONE', #5556, #7412, #2332, .T. ) ;
#1056 = CARTESIAN_POINT ( 'NONE',  ( -0.3351019370095359995, 2.415000000000000036, 9.457968580266319591 ) ) ;
#1057 = STYLED_ITEM ( 'NONE', ( #6105 ), #2339 ) ;
#1058 = AXIS2_PLACEMENT_3D ( 'NONE', #254, #7117, #3751 ) ;
#1059 = CARTESIAN_POINT ( 'NONE',  ( -3.305855142137743563, 2.415000000000000036, 9.531886849497091418 ) ) ;
#1060 = EDGE_CURVE ( 'NONE', #3138, #7895, #5072, .T. ) ;
#1061 = PLANE ( 'NONE',  #6727 ) ;
#1062 = EDGE_LOOP ( 'NONE', ( #4755, #5980, #5722, #8581, #407, #5034, #145, #3469, #3062, #7512, #2039, #5260 ) ) ;
#1063 = MECHANICAL_DESIGN_GEOMETRIC_PRESENTATION_REPRESENTATION (  '', ( #8546 ), #4637 ) ;
#1064 = CARTESIAN_POINT ( 'NONE',  ( -0.9183017532075614664, 2.415000000000000036, 5.141616204607504237 ) ) ;
#1065 = ORIENTED_EDGE ( 'NONE', *, *, #8300, .T. ) ;
#1066 = ORIENTED_EDGE ( 'NONE', *, *, #4707, .F. ) ;
#1067 = CARTESIAN_POINT ( 'NONE',  ( 2.046787809036251016, 2.415000000000000036, 9.703168001257127528 ) ) ;
#1068 = CARTESIAN_POINT ( 'NONE',  ( 2.799262753144925675, 2.415000000000000036, 9.301793813740674821 ) ) ;
#1069 = DIRECTION ( 'NONE',  ( -1.000000000000000000, 0.0000000000000000000, -5.354084802397552748E-16 ) ) ;
#1070 = FILL_AREA_STYLE ('',( #5719 ) ) ;
#1071 = CARTESIAN_POINT ( 'NONE',  ( 1.322349986067387073, 2.415000000000000036, 8.161534285394525412 ) ) ;
#1072 = VERTEX_POINT ( 'NONE', #2289 ) ;
#1073 = CARTESIAN_POINT ( 'NONE',  ( -1.818275013932614481, 2.415000000000000036, 9.817944541804781267 ) ) ;
#1074 = ORIENTED_EDGE ( 'NONE', *, *, #5422, .F. ) ;
#1075 = PRESENTATION_LAYER_ASSIGNMENT (  '', '', ( #8254 ) ) ;
#1076 = CARTESIAN_POINT ( 'NONE',  ( -2.172241360086458073, 2.415000000000000036, 7.135893259753498974 ) ) ;
#1077 = DIRECTION ( 'NONE',  ( 1.000000000000000000, 0.0000000000000000000, -5.978271136194193815E-16 ) ) ;
#1078 = FILL_AREA_STYLE ('',( #1658 ) ) ;
#1079 = COLOUR_RGB ( '',0.8274509803921568096, 0.8392156862745098200, 0.8274509803921568096 ) ;
#1080 = CARTESIAN_POINT ( 'NONE',  ( -1.974291301131915422, 2.415000000000000036, 9.934791863723974714 ) ) ;
#1081 = ORIENTED_EDGE ( 'NONE', *, *, #3444, .F. ) ;
#1082 = DIRECTION ( 'NONE',  ( 1.000000000000000000, 0.0000000000000000000, 0.0000000000000000000 ) ) ;
#1083 = VERTEX_POINT ( 'NONE', #3089 ) ;
#1084 = CARTESIAN_POINT ( 'NONE',  ( -2.190470526753126812, 2.415000000000000036, 9.605003836676576867 ) ) ;
#1085 = CARTESIAN_POINT ( 'NONE',  ( 1.950555114272515267, 2.415000000000000036, 7.341021464881704262 ) ) ;
#1086 = CARTESIAN_POINT ( 'NONE',  ( 2.289328673169136241, 2.415000000000000036, 9.761198643539579223 ) ) ;
#1087 = DIRECTION ( 'NONE',  ( 1.000000000000000000, 0.0000000000000000000, 0.0000000000000000000 ) ) ;
#1088 =( NAMED_UNIT ( * ) PLANE_ANGLE_UNIT ( ) SI_UNIT ( $, .RADIAN. ) );
#1089 = CARTESIAN_POINT ( 'NONE',  ( -0.1552755528125855655, 2.415000000000000036, 5.087706913819418197 ) ) ;
#1090 = VERTEX_POINT ( 'NONE', #7010 ) ;
#1091 = UNCERTAINTY_MEASURE_WITH_UNIT (LENGTH_MEASURE( 1.000000000000000082E-05 ), #5766, 'distance_accuracy_value', 'NONE');
#1092 = CARTESIAN_POINT ( 'NONE',  ( -0.4955389960514317571, 2.415000000000000036, 9.788050868361562351 ) ) ;
#1093 = CARTESIAN_POINT ( 'NONE',  ( 0.9237053934393369969, 2.415000000000000036, 7.927868082128818550 ) ) ;
#1094 = ORIENTED_EDGE ( 'NONE', *, *, #4097, .F. ) ;
#1095 = FACE_OUTER_BOUND ( 'NONE', #2233, .T. ) ;
#1096 = DIRECTION ( 'NONE',  ( 0.0000000000000000000, 0.0000000000000000000, -1.000000000000000000 ) ) ;
#1097 = EDGE_CURVE ( 'NONE', #6964, #3497, #2872, .T. ) ;
#1098 = FACE_BOUND ( 'NONE', #4260, .T. ) ;
#1099 = CARTESIAN_POINT ( 'NONE',  ( 0.7330087660475721467, 2.415000000000000036, 7.852711473427821609 ) ) ;
#1100 = LINE ( 'NONE', #7409, #1987 ) ;
#1101 = UNCERTAINTY_MEASURE_WITH_UNIT (LENGTH_MEASURE( 1.000000000000000082E-05 ), #1944, 'distance_accuracy_value', 'NONE');
#1102 = CARTESIAN_POINT ( 'NONE',  ( -3.335654409591088942, 2.415000000000000036, 9.917672310767811084 ) ) ;
#1103 = ORIENTED_EDGE ( 'NONE', *, *, #5932, .F. ) ;
#1104 = EDGE_LOOP ( 'NONE', ( #8256, #6495, #6887, #6522, #3310, #8175, #2447, #5679, #3328, #8444, #6063, #2942, #2734, #4119, #8908, #1404 ) ) ;
#1105 = EDGE_CURVE ( 'NONE', #699, #8629, #191, .T. ) ;
#1106 =( NAMED_UNIT ( * ) SI_UNIT ( $, .STERADIAN. ) SOLID_ANGLE_UNIT ( ) );
#1107 = CARTESIAN_POINT ( 'NONE',  ( -0.8347584989840874936, 2.415000000000000036, 5.954172356444487946 ) ) ;
#1108 = CARTESIAN_POINT ( 'NONE',  ( 2.734087946189563301, 2.415000000000000036, 9.367013111881840715 ) ) ;
#1109 = DIRECTION ( 'NONE',  ( 0.0000000000000000000, 0.0000000000000000000, 1.000000000000000000 ) ) ;
#1110 = CARTESIAN_POINT ( 'NONE',  ( 7.215000000000001634, -2.410000000000000142, 9.865126265847081299 ) ) ;
#1111 = CARTESIAN_POINT ( 'NONE',  ( 1.957766652734054036, 2.415000000000000036, 5.082047105907345319 ) ) ;
#1112 = VERTEX_POINT ( 'NONE', #4981 ) ;
#1113 = EDGE_CURVE ( 'NONE', #8744, #197, #740, .T. ) ;
#1114 = ORIENTED_EDGE ( 'NONE', *, *, #214, .T. ) ;
#1115 = CARTESIAN_POINT ( 'NONE',  ( 3.051917293759693894, 2.415000000000000036, 9.984611208471447341 ) ) ;
#1116 = FACE_OUTER_BOUND ( 'NONE', #7749, .T. ) ;
#1117 = MECHANICAL_DESIGN_GEOMETRIC_PRESENTATION_REPRESENTATION (  '', ( #674 ), #242 ) ;
#1118 = COLOUR_RGB ( '',0.8274509803921568096, 0.8392156862745098200, 0.8274509803921568096 ) ;
#1119 = DIRECTION ( 'NONE',  ( 0.0000000000000000000, 1.000000000000000000, 0.0000000000000000000 ) ) ;
#1120 = CARTESIAN_POINT ( 'NONE',  ( 1.125085653421827647, 2.415000000000000036, 9.673439595837985294 ) ) ;
#1121 = CARTESIAN_POINT ( 'NONE',  ( 1.684161349822919540, 2.415000000000000036, 7.488619041428797196 ) ) ;
#1122 = DIRECTION ( 'NONE',  ( 0.0000000000000000000, 0.0000000000000000000, 1.000000000000000000 ) ) ;
#1123 = SURFACE_STYLE_USAGE ( .BOTH. , #6049 ) ;
#1124 = CARTESIAN_POINT ( 'NONE',  ( -0.05620547763196812735, 2.415000000000000036, 7.908872628823703899 ) ) ;
#1125 = ORIENTED_EDGE ( 'NONE', *, *, #6483, .F. ) ;
#1126 = STYLED_ITEM ( 'NONE', ( #4792 ), #4758 ) ;
#1127 = ORIENTED_EDGE ( 'NONE', *, *, #7410, .F. ) ;
#1128 = VECTOR ( 'NONE', #2139, 1000.000000000000000 ) ;
#1129 = CARTESIAN_POINT ( 'NONE',  ( -2.306917961745131862, 2.415000000000000036, 7.913235299673592849 ) ) ;
#1130 = CARTESIAN_POINT ( 'NONE',  ( -2.373116520127316331, 2.415000000000000036, 9.651672694788921092 ) ) ;
#1131 = FACE_OUTER_BOUND ( 'NONE', #8722, .T. ) ;
#1132 = CARTESIAN_POINT ( 'NONE',  ( 7.214999999999999858, 2.415000000000000036, 1.166000000000000814 ) ) ;
#1133 = SURFACE_SIDE_STYLE ('',( #2557 ) ) ;
#1134 = STYLED_ITEM ( 'NONE', ( #503 ), #6861 ) ;
#1135 = CARTESIAN_POINT ( 'NONE',  ( -2.452089935503471985, 2.415000000000000036, 7.307668848615646695 ) ) ;
#1136 = ORIENTED_EDGE ( 'NONE', *, *, #4606, .F. ) ;
#1137 = LINE ( 'NONE', #3726, #6129 ) ;
#1138 = LINE ( 'NONE', #8807, #4400 ) ;
#1139 = EDGE_LOOP ( 'NONE', ( #3560, #1235, #6433, #6563 ) ) ;
#1140 = COLOUR_RGB ( '',0.2509803921568627416, 0.2509803921568627416, 0.2509803921568627416 ) ;
#1141 = PRESENTATION_LAYER_ASSIGNMENT (  '', '', ( #5560 ) ) ;
#1142 = DIRECTION ( 'NONE',  ( 1.000000000000000000, 0.0000000000000000000, 0.0000000000000000000 ) ) ;
#1143 = MECHANICAL_DESIGN_GEOMETRIC_PRESENTATION_REPRESENTATION (  '', ( #7738 ), #5284 ) ;
#1144 = LINE ( 'NONE', #2378, #7159 ) ;
#1145 = CARTESIAN_POINT ( 'NONE',  ( 3.810000000000001830, -2.260000000000000231, 0.2121320343559651989 ) ) ;
#1146 = DIRECTION ( 'NONE',  ( 0.0000000000000000000, 0.0000000000000000000, -1.000000000000000000 ) ) ;
#1147 = AXIS2_PLACEMENT_3D ( 'NONE', #3673, #6511, #1716 ) ;
#1148 =( GEOMETRIC_REPRESENTATION_CONTEXT ( 3 ) GLOBAL_UNCERTAINTY_ASSIGNED_CONTEXT ( ( #1001 ) ) GLOBAL_UNIT_ASSIGNED_CONTEXT ( ( #4763, #1452, #8487 ) ) REPRESENTATION_CONTEXT ( 'NONE', 'WORKASPACE' ) );
#1149 = CARTESIAN_POINT ( 'NONE',  ( -3.500106241500210214, 2.415000000000000036, 9.983983737380324186 ) ) ;
#1150 = ORIENTED_EDGE ( 'NONE', *, *, #2931, .T. ) ;
#1151 = CARTESIAN_POINT ( 'NONE',  ( -2.006318538346161695, 2.415000000000000036, 7.724804589040735081 ) ) ;
#1152 = ORIENTED_EDGE ( 'NONE', *, *, #7855, .T. ) ;
#1153 = MECHANICAL_DESIGN_GEOMETRIC_PRESENTATION_REPRESENTATION (  '', ( #7448 ), #5869 ) ;
#1154 = DIRECTION ( 'NONE',  ( 0.0000000000000000000, 1.000000000000000000, -0.0000000000000000000 ) ) ;
#1155 = VECTOR ( 'NONE', #7605, 1000.000000000000000 ) ;
#1156 = LINE ( 'NONE', #8079, #1723 ) ;
#1157 = DIRECTION ( 'NONE',  ( 0.0000000000000000000, 1.000000000000000000, 0.0000000000000000000 ) ) ;
#1158 = CARTESIAN_POINT ( 'NONE',  ( 1.902878832221233329, 2.415000000000000036, 7.764098387958627612 ) ) ;
#1159 = SURFACE_STYLE_USAGE ( .BOTH. , #8592 ) ;
#1160 = CARTESIAN_POINT ( 'NONE',  ( 7.214999999999999858, -2.260000000000000231, 1.166000000000000814 ) ) ;
#1161 = EDGE_CURVE ( 'NONE', #1844, #8700, #3752, .T. ) ;
#1162 = CARTESIAN_POINT ( 'NONE',  ( -1.882778219060819769, 2.415000000000000036, 9.451157682830421791 ) ) ;
#1163 = ORIENTED_EDGE ( 'NONE', *, *, #1924, .F. ) ;
#1164 = CYLINDRICAL_SURFACE ( 'NONE', #1277, 0.1499999999999999667 ) ;
#1165 = VERTEX_POINT ( 'NONE', #230 ) ;
#1166 = DIRECTION ( 'NONE',  ( -0.7071067811865484609, 0.0000000000000000000, -0.7071067811865466846 ) ) ;
#1167 = CARTESIAN_POINT ( 'NONE',  ( -3.810000000000000053, -2.260000000000000231, 0.2121320343559643662 ) ) ;
#1168 = COLOUR_RGB ( '',0.2509803921568627416, 0.2509803921568627416, 0.2509803921568627416 ) ;
#1169 = CARTESIAN_POINT ( 'NONE',  ( 1.138309313366879794, 2.415000000000000036, 9.894501877835910619 ) ) ;
#1170 = EDGE_CURVE ( 'NONE', #5359, #3985, #5454, .T. ) ;
#1171 = SURFACE_SIDE_STYLE ('',( #1839 ) ) ;
#1172 = EDGE_CURVE ( 'NONE', #8744, #3506, #4313, .T. ) ;
#1173 = SURFACE_SIDE_STYLE ('',( #393 ) ) ;
#1174 = CIRCLE ( 'NONE', #6614, 0.4049999999999999711 ) ;
#1175 = VERTEX_POINT ( 'NONE', #3684 ) ;
#1176 = VERTEX_POINT ( 'NONE', #5798 ) ;
#1177 = CARTESIAN_POINT ( 'NONE',  ( 0.2197858835032855673, 2.415000000000000036, 7.663136849497089287 ) ) ;
#1178 = SURFACE_STYLE_USAGE ( .BOTH. , #3269 ) ;
#1179 = SURFACE_STYLE_USAGE ( .BOTH. , #350 ) ;
#1180 = DIRECTION ( 'NONE',  ( 0.0000000000000000000, 0.0000000000000000000, -1.000000000000000000 ) ) ;
#1181 = CARTESIAN_POINT ( 'NONE',  ( -0.3877501649113218596, 2.415000000000000036, 9.288950776547574506 ) ) ;
#1182 = PRESENTATION_STYLE_ASSIGNMENT (( #696 ) ) ;
#1183 = CARTESIAN_POINT ( 'NONE',  ( -2.183136493826197455, 2.415000000000000036, 7.136099814846232903 ) ) ;
#1184 = ORIENTED_EDGE ( 'NONE', *, *, #279, .F. ) ;
#1185 = UNCERTAINTY_MEASURE_WITH_UNIT (LENGTH_MEASURE( 1.000000000000000082E-05 ), #8770, 'distance_accuracy_value', 'NONE');
#1186 = CARTESIAN_POINT ( 'NONE',  ( 1.688185624113659911, 2.415000000000000036, 5.740803148403237799 ) ) ;
#1187 = PRESENTATION_LAYER_ASSIGNMENT (  '', '', ( #731 ) ) ;
#1188 = DIRECTION ( 'NONE',  ( 1.000000000000000000, 0.0000000000000000000, 0.0000000000000000000 ) ) ;
#1189 = ORIENTED_EDGE ( 'NONE', *, *, #5092, .F. ) ;
#1190 = CARTESIAN_POINT ( 'NONE',  ( 1.130042293759694561, 2.415000000000000036, 9.241021464881704617 ) ) ;
#1191 = DIRECTION ( 'NONE',  ( 0.0000000000000000000, -1.000000000000000000, 0.0000000000000000000 ) ) ;
#1192 = CARTESIAN_POINT ( 'NONE',  ( 2.933465226886688981, 2.415000000000000036, 9.970221961744876182 ) ) ;
#1193 = CARTESIAN_POINT ( 'NONE',  ( 4.888132034355965772, -2.260000000000000231, 0.8660000000000008802 ) ) ;
#1194 = CARTESIAN_POINT ( 'NONE',  ( -0.8571371934197926645, 2.415000000000000036, 10.26666249052273017 ) ) ;
#1195 = SURFACE_STYLE_USAGE ( .BOTH. , #7329 ) ;
#1196 = COLOUR_RGB ( '',0.2509803921568627416, 0.2509803921568627416, 0.2509803921568627416 ) ;
#1197 = MECHANICAL_DESIGN_GEOMETRIC_PRESENTATION_REPRESENTATION (  '', ( #8239 ), #6190 ) ;
#1198 = CARTESIAN_POINT ( 'NONE',  ( -0.3761296404346235467, 2.415000000000000036, 5.584330906265233985 ) ) ;
#1199 = UNCERTAINTY_MEASURE_WITH_UNIT (LENGTH_MEASURE( 1.000000000000000082E-05 ), #1766, 'distance_accuracy_value', 'NONE');
#1200 = DIRECTION ( 'NONE',  ( 1.000000000000000000, 0.0000000000000000000, 0.0000000000000000000 ) ) ;
#1201 = ORIENTED_EDGE ( 'NONE', *, *, #768, .F. ) ;
#1202 = CARTESIAN_POINT ( 'NONE',  ( -0.9479426542747605433, 2.415000000000000036, 5.123683857806125452 ) ) ;
#1203 = VERTEX_POINT ( 'NONE', #6431 ) ;
#1204 = PRESENTATION_LAYER_ASSIGNMENT (  '', '', ( #6781 ) ) ;
#1205 = CARTESIAN_POINT ( 'NONE',  ( 7.215000000000000746, -2.410000000000000142, 1.166000000000000814 ) ) ;
#1206 =( NAMED_UNIT ( * ) SI_UNIT ( $, .STERADIAN. ) SOLID_ANGLE_UNIT ( ) );
#1207 = DIRECTION ( 'NONE',  ( 0.0000000000000000000, -0.0000000000000000000, 1.000000000000000000 ) ) ;
#1208 =( LENGTH_UNIT ( ) NAMED_UNIT ( * ) SI_UNIT ( .MILLI., .METRE. ) );
#1209 = CARTESIAN_POINT ( 'NONE',  ( 1.627539114435663459, 2.415000000000000036, 9.363656134450449642 ) ) ;
#1210 = ORIENTED_EDGE ( 'NONE', *, *, #3562, .T. ) ;
#1211 = EDGE_LOOP ( 'NONE', ( #7379, #3019, #3229, #2901, #2329, #3309, #4745, #5189, #7776 ) ) ;
#1212 = CARTESIAN_POINT ( 'NONE',  ( -5.304063536672308565, 2.415000000000000036, 2.171990074388546521 ) ) ;
#1213 =( GEOMETRIC_REPRESENTATION_CONTEXT ( 3 ) GLOBAL_UNCERTAINTY_ASSIGNED_CONTEXT ( ( #6110 ) ) GLOBAL_UNIT_ASSIGNED_CONTEXT ( ( #6210, #8168, #59 ) ) REPRESENTATION_CONTEXT ( 'NONE', 'WORKASPACE' ) );
#1214 = DIRECTION ( 'NONE',  ( 0.0000000000000000000, 1.000000000000000000, 0.0000000000000000000 ) ) ;
#1215 = CARTESIAN_POINT ( 'NONE',  ( 2.944000000000001727, 2.265000000000000124, 1.078132034355964830 ) ) ;
#1216 = FILL_AREA_STYLE_COLOUR ( '', #2840 ) ;
#1217 = ORIENTED_EDGE ( 'NONE', *, *, #2086, .F. ) ;
#1218 = ORIENTED_EDGE ( 'NONE', *, *, #8271, .T. ) ;
#1219 = CARTESIAN_POINT ( 'NONE',  ( -1.966213143666161178, 2.415000000000000036, 8.093973201303331422 ) ) ;
#1220 = PRESENTATION_STYLE_ASSIGNMENT (( #1932 ) ) ;
#1221 = EDGE_CURVE ( 'NONE', #5758, #304, #1728, .T. ) ;
#1222 = CARTESIAN_POINT ( 'NONE',  ( 5.285680053071279971, 2.415000000000000036, 2.402759305157775582 ) ) ;
#1223 = VECTOR ( 'NONE', #3308, 1000.000000000000000 ) ;
#1224 = CARTESIAN_POINT ( 'NONE',  ( -7.364999999999998437, -2.260000000000000231, 12.03999999999999915 ) ) ;
#1225 = CARTESIAN_POINT ( 'NONE',  ( -2.426288811748560814, 2.415000000000000036, 7.258877060928855762 ) ) ;
#1226 = ORIENTED_EDGE ( 'NONE', *, *, #2728, .T. ) ;
#1227 = CARTESIAN_POINT ( 'NONE',  ( -1.380672705431768010, 2.415000000000000036, 5.268917680054426178 ) ) ;
#1228 = ORIENTED_EDGE ( 'NONE', *, *, #4216, .F. ) ;
#1229 = CARTESIAN_POINT ( 'NONE',  ( -1.295410622140716672, 2.415000000000000036, 5.060114008894916360 ) ) ;
#1230 =( LENGTH_UNIT ( ) NAMED_UNIT ( * ) SI_UNIT ( .MILLI., .METRE. ) );
#1231 = CARTESIAN_POINT ( 'NONE',  ( -0.1341796134699128618, 2.415000000000000036, 6.074972883152873315 ) ) ;
#1232 = FILL_AREA_STYLE ('',( #4548 ) ) ;
#1233 = DIRECTION ( 'NONE',  ( 0.7071067811865476838, -0.0000000000000000000, 0.7071067811865474617 ) ) ;
#1234 = LINE ( 'NONE', #5339, #825 ) ;
#1235 = ORIENTED_EDGE ( 'NONE', *, *, #4279, .F. ) ;
#1236 = CARTESIAN_POINT ( 'NONE',  ( -2.160422449830047942, 2.415000000000000036, 7.582608003343242586 ) ) ;
#1237 = CARTESIAN_POINT ( 'NONE',  ( -2.182620792634930140, 2.415000000000000036, 8.186743138488967730 ) ) ;
#1238 = AXIS2_PLACEMENT_3D ( 'NONE', #4081, #713, #6825 ) ;
#1239 = LINE ( 'NONE', #3204, #425 ) ;
#1240 = CARTESIAN_POINT ( 'NONE',  ( 1.774783845573271623, 2.415000000000000036, 6.018414798312025304 ) ) ;
#1241 = CARTESIAN_POINT ( 'NONE',  ( 1.457969907953416078, 2.415000000000000036, 9.242845025388712443 ) ) ;
#1242 = ORIENTED_EDGE ( 'NONE', *, *, #8372, .F. ) ;
#1243 = ORIENTED_EDGE ( 'NONE', *, *, #5219, .T. ) ;
#1244 = COLOUR_RGB ( '',0.2509803921568627416, 0.2509803921568627416, 0.2509803921568627416 ) ;
#1245 = DIRECTION ( 'NONE',  ( 0.0000000000000000000, 0.0000000000000000000, 1.000000000000000000 ) ) ;
#1246 = FACE_OUTER_BOUND ( 'NONE', #1139, .T. ) ;
#1247 = DIRECTION ( 'NONE',  ( -1.000000000000000000, 0.0000000000000000000, 0.0000000000000000000 ) ) ;
#1248 = DIRECTION ( 'NONE',  ( 0.01774868307192437045, 0.0000000000000000000, -0.9998424797182866586 ) ) ;
#1249 = FACE_OUTER_BOUND ( 'NONE', #7892, .T. ) ;
#1250 = ORIENTED_EDGE ( 'NONE', *, *, #215, .F. ) ;
#1251 = ORIENTED_EDGE ( 'NONE', *, *, #4274, .T. ) ;
#1252 = CARTESIAN_POINT ( 'NONE',  ( 1.957766652734054036, 2.415000000000000036, 5.082047105907345319 ) ) ;
#1253 = CIRCLE ( 'NONE', #801, 0.1499999999999996059 ) ;
#1254 = CARTESIAN_POINT ( 'NONE',  ( -1.818275013932614481, 2.415000000000000036, 9.713377234112474667 ) ) ;
#1255 = DIRECTION ( 'NONE',  ( 0.0000000000000000000, 1.000000000000000000, 0.0000000000000000000 ) ) ;
#1256 = SURFACE_STYLE_USAGE ( .BOTH. , #3183 ) ;
#1257 = STYLED_ITEM ( 'NONE', ( #8464 ), #5757 ) ;
#1258 = AXIS2_PLACEMENT_3D ( 'NONE', #7974, #6006, #2555 ) ;
#1259 = ORIENTED_EDGE ( 'NONE', *, *, #2647, .T. ) ;
#1260 = ADVANCED_FACE ( 'NONE', ( #1678 ), #2951, .T. ) ;
#1261 = ORIENTED_EDGE ( 'NONE', *, *, #7867, .F. ) ;
#1262 = CARTESIAN_POINT ( 'NONE',  ( -2.780214116496716237, 2.415000000000000036, 9.608409285394525767 ) ) ;
#1263 =( NAMED_UNIT ( * ) SI_UNIT ( $, .STERADIAN. ) SOLID_ANGLE_UNIT ( ) );
#1264 = CARTESIAN_POINT ( 'NONE',  ( -0.5553492608386570994, 2.415000000000000036, 5.607681506990299880 ) ) ;
#1265 = VECTOR ( 'NONE', #3918, 1000.000000000000000 ) ;
#1266 = CARTESIAN_POINT ( 'NONE',  ( -1.818275013932614481, 2.415000000000000036, 9.713377234112474667 ) ) ;
#1267 = SURFACE_STYLE_FILL_AREA ( #8116 ) ;
#1268 = CARTESIAN_POINT ( 'NONE',  ( 0.8733222975817357403, 2.415000000000000036, 7.638236300688360458 ) ) ;
#1269 =( GEOMETRIC_REPRESENTATION_CONTEXT ( 3 ) GLOBAL_UNCERTAINTY_ASSIGNED_CONTEXT ( ( #4836 ) ) GLOBAL_UNIT_ASSIGNED_CONTEXT ( ( #3901, #613, #4732 ) ) REPRESENTATION_CONTEXT ( 'NONE', 'WORKASPACE' ) );
#1270 = EDGE_CURVE ( 'NONE', #2250, #2459, #7407, .T. ) ;
#1271 = EDGE_CURVE ( 'NONE', #3488, #7644, #4181, .T. ) ;
#1272 = DIRECTION ( 'NONE',  ( -1.000000000000000000, 0.0000000000000000000, -0.0000000000000000000 ) ) ;
#1273 = UNCERTAINTY_MEASURE_WITH_UNIT (LENGTH_MEASURE( 1.000000000000000082E-05 ), #938, 'distance_accuracy_value', 'NONE');
#1274 = EDGE_CURVE ( 'NONE', #8530, #8189, #4888, .T. ) ;
#1275 =( LENGTH_UNIT ( ) NAMED_UNIT ( * ) SI_UNIT ( .MILLI., .METRE. ) );
#1276 = ORIENTED_EDGE ( 'NONE', *, *, #8395, .T. ) ;
#1277 = AXIS2_PLACEMENT_3D ( 'NONE', #6635, #3212, #8087 ) ;
#1278 = PRESENTATION_LAYER_ASSIGNMENT (  '', '', ( #5295 ) ) ;
#1279 = CARTESIAN_POINT ( 'NONE',  ( -0.5643527877926345360, 2.415000000000000036, 7.896434602072797126 ) ) ;
#1280 = EDGE_LOOP ( 'NONE', ( #1874, #6359, #7752, #5 ) ) ;
#1281 =( GEOMETRIC_REPRESENTATION_CONTEXT ( 3 ) GLOBAL_UNCERTAINTY_ASSIGNED_CONTEXT ( ( #803 ) ) GLOBAL_UNIT_ASSIGNED_CONTEXT ( ( #8585, #5302, #4550 ) ) REPRESENTATION_CONTEXT ( 'NONE', 'WORKASPACE' ) );
#1282 =( NAMED_UNIT ( * ) PLANE_ANGLE_UNIT ( ) SI_UNIT ( $, .RADIAN. ) );
#1283 = CARTESIAN_POINT ( 'NONE',  ( -2.410264979995650592, 2.415000000000000036, 8.069415041652337806 ) ) ;
#1284 = CARTESIAN_POINT ( 'NONE',  ( -1.726995559493763599, 2.415000000000000036, 9.234992423846163589 ) ) ;
#1285 = CARTESIAN_POINT ( 'NONE',  ( 3.365722291262374100, 2.415000000000000036, 9.391185322459637774 ) ) ;
#1286 =( GEOMETRIC_REPRESENTATION_CONTEXT ( 3 ) GLOBAL_UNCERTAINTY_ASSIGNED_CONTEXT ( ( #7180 ) ) GLOBAL_UNIT_ASSIGNED_CONTEXT ( ( #3825, #1317, #1981 ) ) REPRESENTATION_CONTEXT ( 'NONE', 'WORKASPACE' ) );
#1287 = DIRECTION ( 'NONE',  ( 0.0000000000000000000, 0.0000000000000000000, -1.000000000000000000 ) ) ;
#1288 = EDGE_CURVE ( 'NONE', #2273, #1165, #1770, .T. ) ;
#1289 = CARTESIAN_POINT ( 'NONE',  ( -0.8864450762536756345, 2.415000000000000036, 1.984417446496407500 ) ) ;
#1290 = ORIENTED_EDGE ( 'NONE', *, *, #1271, .F. ) ;
#1291 = VERTEX_POINT ( 'NONE', #7285 ) ;
#1292 = STYLED_ITEM ( 'NONE', ( #7659 ), #7258 ) ;
#1293 = SURFACE_STYLE_FILL_AREA ( #2000 ) ;
#1294 = CARTESIAN_POINT ( 'NONE',  ( 1.350913033652896722, 2.415000000000000036, 9.984294465860601875 ) ) ;
#1295 = CARTESIAN_POINT ( 'NONE',  ( -2.466478452008040723, 2.415000000000000036, 9.978645491545687918 ) ) ;
#1296 = CARTESIAN_POINT ( 'NONE',  ( 2.324934402156350721, 2.415000000000000036, 9.902438047270257115 ) ) ;
#1297 = CARTESIAN_POINT ( 'NONE',  ( -1.805053860086460737, 2.415000000000000036, 9.394867618727857916 ) ) ;
#1298 = STYLED_ITEM ( 'NONE', ( #4979 ), #8713 ) ;
#1299 =( GEOMETRIC_REPRESENTATION_CONTEXT ( 3 ) GLOBAL_UNCERTAINTY_ASSIGNED_CONTEXT ( ( #6468 ) ) GLOBAL_UNIT_ASSIGNED_CONTEXT ( ( #5739, #5019, #5470 ) ) REPRESENTATION_CONTEXT ( 'NONE', 'WORKASPACE' ) );
#1300 = CARTESIAN_POINT ( 'NONE',  ( 3.245426909144309313, 2.415000000000000036, 9.561534285394525767 ) ) ;
#1301 = ORIENTED_EDGE ( 'NONE', *, *, #5659, .F. ) ;
#1302 = EDGE_LOOP ( 'NONE', ( #5601, #3211, #1015, #1909, #6678 ) ) ;
#1303 = CARTESIAN_POINT ( 'NONE',  ( 1.874496666220289764, 2.415000000000000036, 5.086607366295108790 ) ) ;
#1304 = CARTESIAN_POINT ( 'NONE',  ( -0.7249256549582530074, 2.415000000000000036, 7.326798708471447874 ) ) ;
#1305 =( NAMED_UNIT ( * ) SI_UNIT ( $, .STERADIAN. ) SOLID_ANGLE_UNIT ( ) );
#1306 =( GEOMETRIC_REPRESENTATION_CONTEXT ( 3 ) GLOBAL_UNCERTAINTY_ASSIGNED_CONTEXT ( ( #2422 ) ) GLOBAL_UNIT_ASSIGNED_CONTEXT ( ( #1970, #2468, #2516 ) ) REPRESENTATION_CONTEXT ( 'NONE', 'WORKASPACE' ) );
#1307 = PLANE ( 'NONE',  #2107 ) ;
#1308 = ORIENTED_EDGE ( 'NONE', *, *, #5532, .F. ) ;
#1309 = DIRECTION ( 'NONE',  ( 1.000000000000000000, 0.0000000000000000000, 0.0000000000000000000 ) ) ;
#1310 = ORIENTED_EDGE ( 'NONE', *, *, #757, .F. ) ;
#1311 = SURFACE_STYLE_USAGE ( .BOTH. , #8154 ) ;
#1312 = MECHANICAL_DESIGN_GEOMETRIC_PRESENTATION_REPRESENTATION (  '', ( #7176 ), #1742 ) ;
#1313 = LINE ( 'NONE', #2570, #423 ) ;
#1314 = CARTESIAN_POINT ( 'NONE',  ( 0.04029870401610509412, 2.415000000000000036, 9.561534285394525767 ) ) ;
#1315 = CARTESIAN_POINT ( 'NONE',  ( 2.335170498887899626, 2.415000000000000036, 9.531886849497089642 ) ) ;
#1316 = EDGE_CURVE ( 'NONE', #1354, #6244, #8118, .T. ) ;
#1317 =( NAMED_UNIT ( * ) PLANE_ANGLE_UNIT ( ) SI_UNIT ( $, .RADIAN. ) );
#1318 = COLOUR_RGB ( '',0.2509803921568627416, 0.2509803921568627416, 0.2509803921568627416 ) ;
#1319 = DIRECTION ( 'NONE',  ( 0.0000000000000000000, 0.0000000000000000000, 1.000000000000000000 ) ) ;
#1320 = VERTEX_POINT ( 'NONE', #6068 ) ;
#1321 =( NAMED_UNIT ( * ) SI_UNIT ( $, .STERADIAN. ) SOLID_ANGLE_UNIT ( ) );
#1322 = ORIENTED_EDGE ( 'NONE', *, *, #384, .F. ) ;
#1323 = EDGE_CURVE ( 'NONE', #6581, #28, #416, .T. ) ;
#1324 = CYLINDRICAL_SURFACE ( 'NONE', #2798, 0.1500000000000000777 ) ;
#1325 = STYLED_ITEM ( 'NONE', ( #6180 ), #2037 ) ;
#1326 = CARTESIAN_POINT ( 'NONE',  ( 5.040126265847093556, -2.260000000000000231, 12.03999999999999915 ) ) ;
#1327 = VECTOR ( 'NONE', #5436, 1000.000000000000000 ) ;
#1328 = EDGE_CURVE ( 'NONE', #5804, #6608, #8879, .T. ) ;
#1329 = CARTESIAN_POINT ( 'NONE',  ( 0.0000000000000000000, 2.265000000000000124, 1.166000000000000814 ) ) ;
#1330 = CARTESIAN_POINT ( 'NONE',  ( 3.123890817767147610, 2.415000000000000036, 9.234134596149198515 ) ) ;
#1331 = CARTESIAN_POINT ( 'NONE',  ( 6.970664144802409074E-16, 2.265000000000000124, 1.165999999999996373 ) ) ;
#1332 = FILL_AREA_STYLE ('',( #62 ) ) ;
#1333 = CARTESIAN_POINT ( 'NONE',  ( -1.014038740023930796, 2.415000000000000036, 2.038805726092585147 ) ) ;
#1334 = ORIENTED_EDGE ( 'NONE', *, *, #5943, .F. ) ;
#1335 = AXIS2_PLACEMENT_3D ( 'NONE', #670, #8766, #6785 ) ;
#1336 = AXIS2_PLACEMENT_3D ( 'NONE', #2737, #638, #4219 ) ;
#1337 =( NAMED_UNIT ( * ) PLANE_ANGLE_UNIT ( ) SI_UNIT ( $, .RADIAN. ) );
#1338 = EDGE_LOOP ( 'NONE', ( #5692, #142, #5712, #434, #6306, #533, #2919, #3920, #5426, #3538, #1385, #7183 ) ) ;
#1339 = ADVANCED_FACE ( 'NONE', ( #459 ), #5937, .T. ) ;
#1340 = CARTESIAN_POINT ( 'NONE',  ( -2.171200531771595443, 2.415000000000000036, 7.315765849994918746 ) ) ;
#1341 = DIRECTION ( 'NONE',  ( -0.7071067811865469066, 0.0000000000000000000, 0.7071067811865482389 ) ) ;
#1342 = CARTESIAN_POINT ( 'NONE',  ( 0.0000000000000000000, 2.415000000000000036, 0.0000000000000000000 ) ) ;
#1343 = AXIS2_PLACEMENT_3D ( 'NONE', #7757, #1605, #873 ) ;
#1344 = AXIS2_PLACEMENT_3D ( 'NONE', #3709, #6500, #4479 ) ;
#1345 = CARTESIAN_POINT ( 'NONE',  ( 3.230435107468218714, 2.415000000000000036, 9.504654416929454896 ) ) ;
#1346 = LINE ( 'NONE', #6133, #8719 ) ;
#1347 = CARTESIAN_POINT ( 'NONE',  ( 1.046912054961441907, 2.415000000000000036, 6.071294332592239051 ) ) ;
#1348 = DIRECTION ( 'NONE',  ( -0.7071067811865459074, 0.0000000000000000000, 0.7071067811865492381 ) ) ;
#1349 = EDGE_LOOP ( 'NONE', ( #4421, #5162, #2119, #7531 ) ) ;
#1350 = ORIENTED_EDGE ( 'NONE', *, *, #1762, .T. ) ;
#1351 = CARTESIAN_POINT ( 'NONE',  ( -2.161747431256799246, 2.415000000000000036, 8.186936193633304271 ) ) ;
#1352 = CARTESIAN_POINT ( 'NONE',  ( 1.086372421964822976, 2.415000000000000036, 7.982047105907344786 ) ) ;
#1353 = LINE ( 'NONE', #989, #4562 ) ;
#1354 = VERTEX_POINT ( 'NONE', #6363 ) ;
#1355 = AXIS2_PLACEMENT_3D ( 'NONE', #8565, #5779, #2358 ) ;
#1356 = DIRECTION ( 'NONE',  ( -0.0000000000000000000, -1.000000000000000000, -0.0000000000000000000 ) ) ;
#1357 = DIRECTION ( 'NONE',  ( 0.0000000000000000000, 1.000000000000000000, 0.0000000000000000000 ) ) ;
#1358 = SURFACE_SIDE_STYLE ('',( #5370 ) ) ;
#1359 = CARTESIAN_POINT ( 'NONE',  ( 5.285680053071279971, 2.415000000000000036, 1.582246484644954876 ) ) ;
#1360 = CARTESIAN_POINT ( 'NONE',  ( 1.524319377308581913, 2.415000000000000036, 9.651672694788919316 ) ) ;
#1361 = VECTOR ( 'NONE', #5582, 1000.000000000000000 ) ;
#1362 = UNCERTAINTY_MEASURE_WITH_UNIT (LENGTH_MEASURE( 1.000000000000000082E-05 ), #6940, 'distance_accuracy_value', 'NONE');
#1363 = DIRECTION ( 'NONE',  ( -0.0000000000000000000, -0.0000000000000000000, 1.000000000000000000 ) ) ;
#1364 = VERTEX_POINT ( 'NONE', #4293 ) ;
#1365 = ORIENTED_EDGE ( 'NONE', *, *, #8198, .F. ) ;
#1366 = CARTESIAN_POINT ( 'NONE',  ( 1.745426909144310201, 2.415000000000000036, 7.876678516163755361 ) ) ;
#1367 = CARTESIAN_POINT ( 'NONE',  ( 7.214999999999999858, -2.260000000000000231, 8.887078020898408443E-16 ) ) ;
#1368 = CARTESIAN_POINT ( 'NONE',  ( -1.705789668941592119, 2.415000000000000036, 5.422870631157460153 ) ) ;
#1369 = CARTESIAN_POINT ( 'NONE',  ( -0.2033293496151773461, 2.415000000000000036, 5.872166202228591203 ) ) ;
#1370 = CARTESIAN_POINT ( 'NONE',  ( 1.675042981903163142, 2.415000000000000036, 5.828517255429700228 ) ) ;
#1371 = CARTESIAN_POINT ( 'NONE',  ( -1.057062858255476190, 2.415000000000000036, 2.064850168640426809 ) ) ;
#1372 = ORIENTED_EDGE ( 'NONE', *, *, #55, .T. ) ;
#1373 = CARTESIAN_POINT ( 'NONE',  ( -0.1437966106680310108, 2.415000000000000036, 7.349347759837557170 ) ) ;
#1374 = ORIENTED_EDGE ( 'NONE', *, *, #1055, .F. ) ;
#1375 = ADVANCED_FACE ( 'NONE', ( #8473 ), #2179, .T. ) ;
#1376 = CARTESIAN_POINT ( 'NONE',  ( -7.214999999999999858, -2.260000000000000231, 1.166000000000000814 ) ) ;
#1377 = CYLINDRICAL_SURFACE ( 'NONE', #5906, 0.1499999999999999112 ) ;
#1378 = DIRECTION ( 'NONE',  ( 0.0000000000000000000, 1.000000000000000000, 0.0000000000000000000 ) ) ;
#1379 = CARTESIAN_POINT ( 'NONE',  ( -1.810863154958255450, 2.415000000000000036, 9.984611208471447341 ) ) ;
#1380 = CARTESIAN_POINT ( 'NONE',  ( 1.791790968466374645, 2.415000000000000036, 7.163519525846992586 ) ) ;
#1381 = EDGE_CURVE ( 'NONE', #4309, #1176, #7453, .T. ) ;
#1382 = LINE ( 'NONE', #8917, #3133 ) ;
#1383 = CARTESIAN_POINT ( 'NONE',  ( 0.1944214153605322570, 2.415000000000000036, 7.837402348707556143 ) ) ;
#1384 = COLOUR_RGB ( '',0.8274509803921568096, 0.8392156862745098200, 0.8274509803921568096 ) ;
#1385 = ORIENTED_EDGE ( 'NONE', *, *, #4750, .T. ) ;
#1386 = SURFACE_SIDE_STYLE ('',( #4910 ) ) ;
#1387 = CARTESIAN_POINT ( 'NONE',  ( -1.786624372906972402, 2.415000000000000036, 7.161534285394524524 ) ) ;
#1388 = CARTESIAN_POINT ( 'NONE',  ( -2.190470526753126812, 2.415000000000000036, 9.605003836676576867 ) ) ;
#1389 = COLOUR_RGB ( '',0.2509803921568627416, 0.2509803921568627416, 0.2509803921568627416 ) ;
#1390 = CARTESIAN_POINT ( 'NONE',  ( -0.6199575311080601780, 2.415000000000000036, 7.235752197726277757 ) ) ;
#1391 = CARTESIAN_POINT ( 'NONE',  ( -0.2858360366084403692, 2.415000000000000036, 9.243216062119346432 ) ) ;
#1392 = SURFACE_STYLE_USAGE ( .BOTH. , #6145 ) ;
#1393 = EDGE_LOOP ( 'NONE', ( #2117, #4190, #81, #4462 ) ) ;
#1394 = STYLED_ITEM ( 'NONE', ( #19 ), #3963 ) ;
#1395 = CARTESIAN_POINT ( 'NONE',  ( -0.04537340302567503120, 2.415000000000000036, 5.261588292158872804 ) ) ;
#1396 = ORIENTED_EDGE ( 'NONE', *, *, #4005, .F. ) ;
#1397 = CARTESIAN_POINT ( 'NONE',  ( -0.9041401035219733817, 2.415000000000000036, 5.420560850514476670 ) ) ;
#1398 = CARTESIAN_POINT ( 'NONE',  ( 3.343738052351803436, 2.415000000000000036, 9.848327547982925978 ) ) ;
#1399 = PRESENTATION_STYLE_ASSIGNMENT (( #8851 ) ) ;
#1400 = CARTESIAN_POINT ( 'NONE',  ( -0.01295449762792458097, 2.415000000000000036, 9.443162003206079902 ) ) ;
#1401 = COLOUR_RGB ( '',0.7529411764705882248, 0.7529411764705882248, 0.7529411764705882248 ) ;
#1402 = CARTESIAN_POINT ( 'NONE',  ( 1.345322257634651075, 2.415000000000000036, 9.817294703776610731 ) ) ;
#1403 = ORIENTED_EDGE ( 'NONE', *, *, #7947, .T. ) ;
#1404 = ORIENTED_EDGE ( 'NONE', *, *, #7799, .T. ) ;
#1405 = COLOUR_RGB ( '',0.2509803921568627416, 0.2509803921568627416, 0.2509803921568627416 ) ;
#1406 = DIRECTION ( 'NONE',  ( -5.782411586589358033E-15, 0.0000000000000000000, 1.000000000000000000 ) ) ;
#1407 = CARTESIAN_POINT ( 'NONE',  ( 0.05952947324687469371, 2.415000000000000036, 5.902559926420166470 ) ) ;
#1408 = CARTESIAN_POINT ( 'NONE',  ( -1.654971821099452844, 2.415000000000000036, 5.300453254800842728 ) ) ;
#1409 = FILL_AREA_STYLE ('',( #6120 ) ) ;
#1410 = SURFACE_STYLE_FILL_AREA ( #3550 ) ;
#1411 = CARTESIAN_POINT ( 'NONE',  ( 1.831419575873977745, 2.415000000000000036, 6.049848413507326050 ) ) ;
#1412 = PRESENTATION_LAYER_ASSIGNMENT (  '', '', ( #8633 ) ) ;
#1413 = CARTESIAN_POINT ( 'NONE',  ( 1.765859601452002492, 2.415000000000000036, 8.143705759753499862 ) ) ;
#1414 = ORIENTED_EDGE ( 'NONE', *, *, #3501, .F. ) ;
#1415 = ORIENTED_EDGE ( 'NONE', *, *, #6305, .F. ) ;
#1416 = PRESENTATION_STYLE_ASSIGNMENT (( #3381 ) ) ;
#1417 = CARTESIAN_POINT ( 'NONE',  ( -1.149605142137741343, 2.415000000000000036, 7.546149670009908661 ) ) ;
#1418 =( GEOMETRIC_REPRESENTATION_CONTEXT ( 3 ) GLOBAL_UNCERTAINTY_ASSIGNED_CONTEXT ( ( #5110 ) ) GLOBAL_UNIT_ASSIGNED_CONTEXT ( ( #3659, #3708, #8605 ) ) REPRESENTATION_CONTEXT ( 'NONE', 'WORKASPACE' ) );
#1419 = CARTESIAN_POINT ( 'NONE',  ( -2.246710507037203985, 2.415000000000000036, 9.821459316627644043 ) ) ;
#1420 = CARTESIAN_POINT ( 'NONE',  ( 3.041700947605848082, 2.415000000000000036, 9.382047105907346918 ) ) ;
#1421 =( NAMED_UNIT ( * ) PLANE_ANGLE_UNIT ( ) SI_UNIT ( $, .RADIAN. ) );
#1422 = ADVANCED_FACE ( 'NONE', ( #1569, #629 ), #886, .T. ) ;
#1423 = FILL_AREA_STYLE ('',( #6313 ) ) ;
#1424 = CARTESIAN_POINT ( 'NONE',  ( 2.327478362851453486, 2.415000000000000036, 9.675659255663502378 ) ) ;
#1425 = MECHANICAL_DESIGN_GEOMETRIC_PRESENTATION_REPRESENTATION (  '', ( #6007 ), #8494 ) ;
#1426 = ORIENTED_EDGE ( 'NONE', *, *, #1316, .F. ) ;
#1427 = COLOUR_RGB ( '',0.2509803921568627416, 0.2509803921568627416, 0.2509803921568627416 ) ;
#1428 = EDGE_CURVE ( 'NONE', #3985, #5359, #6642, .T. ) ;
#1429 = EDGE_CURVE ( 'NONE', #6467, #2808, #4329, .T. ) ;
#1430 = CARTESIAN_POINT ( 'NONE',  ( -2.767393603676203462, 2.415000000000000036, 9.889458964881704617 ) ) ;
#1431 = CARTESIAN_POINT ( 'NONE',  ( 4.952346719737946934, 2.415000000000000036, 2.069425971824442101 ) ) ;
#1432 = LINE ( 'NONE', #6321, #6862 ) ;
#1433 = CARTESIAN_POINT ( 'NONE',  ( -0.2800250751338481670, 2.415000000000000036, 2.097470843619315239 ) ) ;
#1434 = PRESENTATION_LAYER_ASSIGNMENT (  '', '', ( #7908 ) ) ;
#1435 = ADVANCED_FACE ( 'NONE', ( #3798, #7166 ), #1745, .T. ) ;
#1436 = CARTESIAN_POINT ( 'NONE',  ( 0.0000000000000000000, 2.415000000000000036, 0.0000000000000000000 ) ) ;
#1437 = CARTESIAN_POINT ( 'NONE',  ( 7.215000000000001634, 2.265000000000000124, 9.865126265847081299 ) ) ;
#1438 = EDGE_LOOP ( 'NONE', ( #2596, #2605 ) ) ;
#1439 = EDGE_CURVE ( 'NONE', #5745, #7946, #262, .T. ) ;
#1440 = CARTESIAN_POINT ( 'NONE',  ( 1.693390225422495066, 2.415000000000000036, 9.721360541961393764 ) ) ;
#1441 = DIRECTION ( 'NONE',  ( 2.716326130063896955E-16, 0.0000000000000000000, -1.000000000000000000 ) ) ;
#1442 = CARTESIAN_POINT ( 'NONE',  ( -1.346454936299120275, 2.415000000000000036, 6.096102403925365287 ) ) ;
#1443 = EDGE_CURVE ( 'NONE', #6772, #3631, #5080, .T. ) ;
#1444 = CARTESIAN_POINT ( 'NONE',  ( 1.519558438881585483, 2.415000000000000036, 9.672202375653432327 ) ) ;
#1445 = ORIENTED_EDGE ( 'NONE', *, *, #8489, .T. ) ;
#1446 = UNCERTAINTY_MEASURE_WITH_UNIT (LENGTH_MEASURE( 1.000000000000000082E-05 ), #8051, 'distance_accuracy_value', 'NONE');
#1447 = CARTESIAN_POINT ( 'NONE',  ( 0.004911590026267479044, 2.415000000000000036, 2.529703183320450854 ) ) ;
#1448 = ORIENTED_EDGE ( 'NONE', *, *, #6053, .F. ) ;
#1449 = VERTEX_POINT ( 'NONE', #7950 ) ;
#1450 = DIRECTION ( 'NONE',  ( 0.0000000000000000000, 1.000000000000000000, 0.0000000000000000000 ) ) ;
#1451 = DIRECTION ( 'NONE',  ( -1.000000000000000000, 0.0000000000000000000, 0.0000000000000000000 ) ) ;
#1452 =( NAMED_UNIT ( * ) PLANE_ANGLE_UNIT ( ) SI_UNIT ( $, .RADIAN. ) );
#1453 = CARTESIAN_POINT ( 'NONE',  ( -1.478860035283627861, 2.415000000000000036, 5.118778562054747461 ) ) ;
#1454 = CARTESIAN_POINT ( 'NONE',  ( -0.5554088709570742521, 2.415000000000000036, 5.549170794567793052 ) ) ;
#1455 = UNCERTAINTY_MEASURE_WITH_UNIT (LENGTH_MEASURE( 1.000000000000000082E-05 ), #3116, 'distance_accuracy_value', 'NONE');
#1456 =( LENGTH_UNIT ( ) NAMED_UNIT ( * ) SI_UNIT ( .MILLI., .METRE. ) );
#1457 = ORIENTED_EDGE ( 'NONE', *, *, #6489, .F. ) ;
#1458 = ORIENTED_EDGE ( 'NONE', *, *, #4384, .F. ) ;
#1459 = STYLED_ITEM ( 'NONE', ( #7493 ), #1706 ) ;
#1460 = MECHANICAL_DESIGN_GEOMETRIC_PRESENTATION_REPRESENTATION (  '', ( #1755 ), #5318 ) ;
#1461 =( NAMED_UNIT ( * ) SI_UNIT ( $, .STERADIAN. ) SOLID_ANGLE_UNIT ( ) );
#1462 = FILL_AREA_STYLE ('',( #2824 ) ) ;
#1463 = CARTESIAN_POINT ( 'NONE',  ( 2.731867965644037444, 2.265000000000000124, 1.016000000000000902 ) ) ;
#1464 = FILL_AREA_STYLE_COLOUR ( '', #6225 ) ;
#1465 = STYLED_ITEM ( 'NONE', ( #3215 ), #2185 ) ;
#1466 = AXIS2_PLACEMENT_3D ( 'NONE', #1367, #8357, #6117 ) ;
#1467 = CARTESIAN_POINT ( 'NONE',  ( 0.2159312859942131013, 2.415000000000000036, 7.735776473595585401 ) ) ;
#1468 = ORIENTED_EDGE ( 'NONE', *, *, #3914, .T. ) ;
#1469 = EDGE_CURVE ( 'NONE', #1641, #2350, #4751, .T. ) ;
#1470 = CARTESIAN_POINT ( 'NONE',  ( -7.214999999999999858, -2.410000000000000142, 1.166000000000000814 ) ) ;
#1471 = COLOUR_RGB ( '',0.8274509803921568096, 0.8392156862745098200, 0.8274509803921568096 ) ;
#1472 = CARTESIAN_POINT ( 'NONE',  ( -0.2966943602014240344, 2.415000000000000036, 2.090599946612317517 ) ) ;
#1473 = CARTESIAN_POINT ( 'NONE',  ( -1.746159629317229678, 2.415000000000000036, 9.561934926420166292 ) ) ;
#1474 = DIRECTION ( 'NONE',  ( 0.0000000000000000000, 0.0000000000000000000, -1.000000000000000000 ) ) ;
#1475 = DIRECTION ( 'NONE',  ( 0.0000000000000000000, 1.000000000000000000, 0.0000000000000000000 ) ) ;
#1476 = DIRECTION ( 'NONE',  ( -0.0000000000000000000, -0.0000000000000000000, -1.000000000000000000 ) ) ;
#1477 = PRESENTATION_LAYER_ASSIGNMENT (  '', '', ( #3474 ) ) ;
#1478 = CARTESIAN_POINT ( 'NONE',  ( -0.3041189688467130225, 2.415000000000000036, 5.346213300465198159 ) ) ;
#1479 = VERTEX_POINT ( 'NONE', #4326 ) ;
#1480 = CARTESIAN_POINT ( 'NONE',  ( -0.8643762840496143074, 2.415000000000000036, 5.551501143362224333 ) ) ;
#1481 = EDGE_CURVE ( 'NONE', #7391, #5575, #3467, .T. ) ;
#1482 = CARTESIAN_POINT ( 'NONE',  ( 3.164669091783232968, 2.415000000000000036, 9.970159031184120835 ) ) ;
#1483 = DIRECTION ( 'NONE',  ( -0.0000000000000000000, -1.000000000000000000, -0.0000000000000000000 ) ) ;
#1484 = CARTESIAN_POINT ( 'NONE',  ( -0.3533042050043217475, 2.415000000000000036, 5.714753771845062502 ) ) ;
#1485 = VERTEX_POINT ( 'NONE', #1780 ) ;
#1486 = EDGE_CURVE ( 'NONE', #5882, #5771, #6345, .T. ) ;
#1487 = SURFACE_SIDE_STYLE ('',( #144 ) ) ;
#1488 = ORIENTED_EDGE ( 'NONE', *, *, #8387, .F. ) ;
#1489 = PRESENTATION_LAYER_ASSIGNMENT (  '', '', ( #3484 ) ) ;
#1490 =( LENGTH_UNIT ( ) NAMED_UNIT ( * ) SI_UNIT ( .MILLI., .METRE. ) );
#1491 = ORIENTED_EDGE ( 'NONE', *, *, #6856, .T. ) ;
#1492 = B_SPLINE_CURVE_WITH_KNOTS ( 'NONE', 3,
 ( #1162, #7299, #3889, #473, #4607, #3210, #4471, #3107, #5948, #7339, #5186 ),
 .UNSPECIFIED., .F., .F.,
 ( 4, 1, 1, 1, 1, 1, 1, 1, 4 ),
 ( 0.0000000000000000000, 0.08808332083853749606, 0.1808520377660936262, 0.2823447059803935733, 0.3956710135729979982, 0.5219054782284291427, 0.6653044822653563228, 0.8242262800202829753, 1.000000000000000000 ),
 .UNSPECIFIED. ) ;
#1493 = CARTESIAN_POINT ( 'NONE',  ( -0.03762597547107442153, 2.415000000000000036, 9.790700952061191842 ) ) ;
#1494 = CARTESIAN_POINT ( 'NONE',  ( 1.687771968441996062, 2.415000000000000036, 5.567608359068915824 ) ) ;
#1495 = AXIS2_PLACEMENT_3D ( 'NONE', #828, #874, #2915 ) ;
#1496 = CARTESIAN_POINT ( 'NONE',  ( 0.02536744935509280263, 2.415000000000000036, 9.269284467529134375 ) ) ;
#1497 = CARTESIAN_POINT ( 'NONE',  ( -0.5471294745796186909, 2.415000000000000036, 5.457590400999247748 ) ) ;
#1498 = CARTESIAN_POINT ( 'NONE',  ( 0.3992730629904645001, 2.415000000000000036, 9.689739413599653517 ) ) ;
#1499 = ORIENTED_EDGE ( 'NONE', *, *, #2820, .F. ) ;
#1500 = CARTESIAN_POINT ( 'NONE',  ( -1.187273563168970369, 2.415000000000000036, 5.056943240347414381 ) ) ;
#1501 = VERTEX_POINT ( 'NONE', #4369 ) ;
#1502 = FILL_AREA_STYLE ('',( #8315 ) ) ;
#1503 = LINE ( 'NONE', #2210, #1327 ) ;
#1504 = CARTESIAN_POINT ( 'NONE',  ( -1.082463152348837943, 2.415000000000000036, 2.443877460846400673 ) ) ;
#1505 = CARTESIAN_POINT ( 'NONE',  ( 0.2189398475162465108, 2.415000000000000036, 9.642273354253124040 ) ) ;
#1506 = DIRECTION ( 'NONE',  ( 0.0000000000000000000, 0.0000000000000000000, 1.000000000000000000 ) ) ;
#1507 = CARTESIAN_POINT ( 'NONE',  ( -1.884111689169582382, 2.415000000000000036, 9.236752964470221983 ) ) ;
#1508 = SURFACE_SIDE_STYLE ('',( #4999 ) ) ;
#1509 = SURFACE_STYLE_FILL_AREA ( #1423 ) ;
#1510 = CARTESIAN_POINT ( 'NONE',  ( 0.7454269091443107564, 2.415000000000000036, 9.523072746932985666 ) ) ;
#1511 = CARTESIAN_POINT ( 'NONE',  ( -1.584119921743912363, 2.415000000000000036, 9.840057865897170686 ) ) ;
#1512 = ORIENTED_EDGE ( 'NONE', *, *, #3908, .T. ) ;
#1513 = FILL_AREA_STYLE_COLOUR ( '', #1196 ) ;
#1514 = SPHERICAL_SURFACE ( 'NONE', #4101, 0.1499999999999999944 ) ;
#1515 = CYLINDRICAL_SURFACE ( 'NONE', #6144, 0.1500000000000008271 ) ;
#1516 =( NAMED_UNIT ( * ) SI_UNIT ( $, .STERADIAN. ) SOLID_ANGLE_UNIT ( ) );
#1517 = CARTESIAN_POINT ( 'NONE',  ( 0.7640550287044748368, 2.415000000000000036, 8.019260902701304872 ) ) ;
#1518 = DIRECTION ( 'NONE',  ( 0.0000000000000000000, -1.000000000000000000, 0.0000000000000000000 ) ) ;
#1519 =( NAMED_UNIT ( * ) SI_UNIT ( $, .STERADIAN. ) SOLID_ANGLE_UNIT ( ) );
#1520 = CARTESIAN_POINT ( 'NONE',  ( -2.261221780447928875, 2.415000000000000036, 7.487911238713715889 ) ) ;
#1521 = SURFACE_STYLE_USAGE ( .BOTH. , #3630 ) ;
#1522 = ORIENTED_EDGE ( 'NONE', *, *, #2184, .F. ) ;
#1523 = SURFACE_STYLE_FILL_AREA ( #7679 ) ;
#1524 = COLOUR_RGB ( '',0.2509803921568627416, 0.2509803921568627416, 0.2509803921568627416 ) ;
#1525 = CARTESIAN_POINT ( 'NONE',  ( 1.373582668828152276, 2.415000000000000036, 9.984323109697866627 ) ) ;
#1526 = FILL_AREA_STYLE_COLOUR ( '', #1384 ) ;
#1527 = CARTESIAN_POINT ( 'NONE',  ( -2.459792727309756177, 2.415000000000000036, 7.510336044906004815 ) ) ;
#1528 = CARTESIAN_POINT ( 'NONE',  ( 0.0000000000000000000, 2.415000000000000036, 0.0000000000000000000 ) ) ;
#1529 = EDGE_CURVE ( 'NONE', #5666, #1610, #2717, .T. ) ;
#1530 = CIRCLE ( 'NONE', #6550, 0.1500000000000000777 ) ;
#1531 = ORIENTED_EDGE ( 'NONE', *, *, #1720, .T. ) ;
#1532 = UNCERTAINTY_MEASURE_WITH_UNIT (LENGTH_MEASURE( 1.000000000000000082E-05 ), #8074, 'distance_accuracy_value', 'NONE');
#1533 = LINE ( 'NONE', #4173, #8769 ) ;
#1534 = EDGE_LOOP ( 'NONE', ( #1884, #3340, #1914 ) ) ;
#1535 = VERTEX_POINT ( 'NONE', #2492 ) ;
#1536 = CARTESIAN_POINT ( 'NONE',  ( 0.0000000000000000000, 2.415000000000000036, 1.166000000000000814 ) ) ;
#1537 = TOROIDAL_SURFACE ( 'NONE', #6558, 0.2049999999999996547, 0.2000000000000000111 ) ;
#1538 = CARTESIAN_POINT ( 'NONE',  ( -2.831496167778767337, 2.415000000000000036, 7.982047105907344786 ) ) ;
#1539 = EDGE_CURVE ( 'NONE', #920, #1819, #1771, .T. ) ;
#1540 = DIRECTION ( 'NONE',  ( 1.000000000000000000, 0.0000000000000000000, 0.0000000000000000000 ) ) ;
#1541 = FILL_AREA_STYLE_COLOUR ( '', #6777 ) ;
#1542 = ADVANCED_FACE ( 'NONE', ( #3787 ), #374, .T. ) ;
#1543 = DIRECTION ( 'NONE',  ( 0.5740021610682837228, 0.0000000000000000000, 0.8188537837055771540 ) ) ;
#1544 = EDGE_CURVE ( 'NONE', #1610, #7857, #1878, .T. ) ;
#1545 = CARTESIAN_POINT ( 'NONE',  ( -7.214999999999999858, -2.260000000000000231, 1.166000000000000814 ) ) ;
#1546 = UNCERTAINTY_MEASURE_WITH_UNIT (LENGTH_MEASURE( 1.000000000000000082E-05 ), #7344, 'distance_accuracy_value', 'NONE');
#1547 = AXIS2_PLACEMENT_3D ( 'NONE', #7746, #1758, #8360 ) ;
#1548 = CARTESIAN_POINT ( 'NONE',  ( -2.779990522712127099, 2.415000000000000036, 9.600657730839941451 ) ) ;
#1549 = VERTEX_POINT ( 'NONE', #2536 ) ;
#1550 = STYLED_ITEM ( 'NONE', ( #6922 ), #4856 ) ;
#1551 = VERTEX_POINT ( 'NONE', #556 ) ;
#1552 = ORIENTED_EDGE ( 'NONE', *, *, #6424, .T. ) ;
#1553 = CARTESIAN_POINT ( 'NONE',  ( 1.794581358629352641, 2.415000000000000036, 7.787059418071337724 ) ) ;
#1554 = LINE ( 'NONE', #1417, #307 ) ;
#1555 = MECHANICAL_DESIGN_GEOMETRIC_PRESENTATION_REPRESENTATION (  '', ( #4570 ), #2112 ) ;
#1556 = CARTESIAN_POINT ( 'NONE',  ( 0.9956205339291418488, 2.415000000000000036, 5.805699185350095881 ) ) ;
#1557 = CARTESIAN_POINT ( 'NONE',  ( 0.2195007786034185171, 2.415000000000000036, 9.615836666695184221 ) ) ;
#1558 = CARTESIAN_POINT ( 'NONE',  ( 2.011066017177983944, 2.265000000000000124, 2.011066017177983056 ) ) ;
#1559 = STYLED_ITEM ( 'NONE', ( #570 ), #6372 ) ;
#1560 = CARTESIAN_POINT ( 'NONE',  ( -2.045116598024068644, 2.415000000000000036, 9.363451661861843078 ) ) ;
#1561 = B_SPLINE_CURVE_WITH_KNOTS ( 'NONE', 3,
 ( #8911, #779, #4946, #158, #3564, #2708, #2868, #7612, #2783, #7564, #2167 ),
 .UNSPECIFIED., .F., .F.,
 ( 4, 1, 1, 1, 1, 1, 1, 1, 4 ),
 ( 0.0000000000000000000, 0.1359654890698157315, 0.2706972393068069471, 0.4064835063001381865, 0.5432907370448758488, 0.6742090440554078246, 0.7932353975048078709, 0.9017426476171569449, 1.000000000000000000 ),
 .UNSPECIFIED. ) ;
#1562 = EDGE_CURVE ( 'NONE', #7228, #2250, #4053, .T. ) ;
#1563 = CARTESIAN_POINT ( 'NONE',  ( -1.629255310542620849, 2.415000000000000036, 5.946320147075654816 ) ) ;
#1564 = ORIENTED_EDGE ( 'NONE', *, *, #8438, .F. ) ;
#1565 =( GEOMETRIC_REPRESENTATION_CONTEXT ( 3 ) GLOBAL_UNCERTAINTY_ASSIGNED_CONTEXT ( ( #6477 ) ) GLOBAL_UNIT_ASSIGNED_CONTEXT ( ( #7460, #2063, #1321 ) ) REPRESENTATION_CONTEXT ( 'NONE', 'WORKASPACE' ) );
#1566 =( NAMED_UNIT ( * ) SI_UNIT ( $, .STERADIAN. ) SOLID_ANGLE_UNIT ( ) );
#1567 = SURFACE_SIDE_STYLE ('',( #787 ) ) ;
#1568 =( LENGTH_UNIT ( ) NAMED_UNIT ( * ) SI_UNIT ( .MILLI., .METRE. ) );
#1569 = FACE_BOUND ( 'NONE', #4534, .T. ) ;
#1570 = CARTESIAN_POINT ( 'NONE',  ( -5.715000000000000746, 0.0000000000000000000, -3.299999999999999822 ) ) ;
#1571 = CARTESIAN_POINT ( 'NONE',  ( 0.8230236724674971915, 2.415000000000000036, 8.093239469932953511 ) ) ;
#1572 = CARTESIAN_POINT ( 'NONE',  ( -0.3768661259684701892, 2.415000000000000036, 7.322481751361396007 ) ) ;
#1573 = STYLED_ITEM ( 'NONE', ( #7663 ), #8607 ) ;
#1574 = MECHANICAL_DESIGN_GEOMETRIC_PRESENTATION_REPRESENTATION (  '', ( #2970 ), #269 ) ;
#1575 = CARTESIAN_POINT ( 'NONE',  ( 1.046543957640628131, 2.415000000000000036, 7.777126209556874059 ) ) ;
#1576 = CARTESIAN_POINT ( 'NONE',  ( -2.293034629317227235, 2.415000000000000036, 7.410132041804780911 ) ) ;
#1577 = CARTESIAN_POINT ( 'NONE',  ( -0.3369610932824996241, 2.415000000000000036, 5.394361612259255701 ) ) ;
#1578 = EDGE_LOOP ( 'NONE', ( #2162, #6161, #5332 ) ) ;
#1579 = DIRECTION ( 'NONE',  ( -0.3746227327780723426, 0.0000000000000000000, 0.9271773336778078578 ) ) ;
#1580 = CARTESIAN_POINT ( 'NONE',  ( -2.511799665531463610, 2.415000000000000036, 9.810145363356582493 ) ) ;
#1581 =( GEOMETRIC_REPRESENTATION_CONTEXT ( 3 ) GLOBAL_UNCERTAINTY_ASSIGNED_CONTEXT ( ( #1446 ) ) GLOBAL_UNIT_ASSIGNED_CONTEXT ( ( #8051, #7384, #6084 ) ) REPRESENTATION_CONTEXT ( 'NONE', 'WORKASPACE' ) );
#1582 = CARTESIAN_POINT ( 'NONE',  ( -2.472270460212093290, 2.415000000000000036, 7.430913673256977603 ) ) ;
#1583 = PRESENTATION_STYLE_ASSIGNMENT (( #8573 ) ) ;
#1584 = CARTESIAN_POINT ( 'NONE',  ( 2.003239409144310201, 2.415000000000000036, 5.902559926420166470 ) ) ;
#1585 = ORIENTED_EDGE ( 'NONE', *, *, #7993, .F. ) ;
#1586 =( LENGTH_UNIT ( ) NAMED_UNIT ( * ) SI_UNIT ( .MILLI., .METRE. ) );
#1587 = VERTEX_POINT ( 'NONE', #3296 ) ;
#1588 = ORIENTED_EDGE ( 'NONE', *, *, #3239, .F. ) ;
#1589 = CARTESIAN_POINT ( 'NONE',  ( -5.510000000000000675, 0.0000000000000000000, -3.500000000000000000 ) ) ;
#1590 = SURFACE_SIDE_STYLE ('',( #5026 ) ) ;
#1591 =( NAMED_UNIT ( * ) SI_UNIT ( $, .STERADIAN. ) SOLID_ANGLE_UNIT ( ) );
#1592 = SURFACE_STYLE_USAGE ( .BOTH. , #1009 ) ;
#1593 = FILL_AREA_STYLE ('',( #1637 ) ) ;
#1594 = VERTEX_POINT ( 'NONE', #640 ) ;
#1595 = EDGE_CURVE ( 'NONE', #4117, #4127, #4558, .T. ) ;
#1596 = CARTESIAN_POINT ( 'NONE',  ( 5.040126265847094444, 2.265000000000000124, 12.03999999999999915 ) ) ;
#1597 = ORIENTED_EDGE ( 'NONE', *, *, #2728, .F. ) ;
#1598 = VERTEX_POINT ( 'NONE', #6757 ) ;
#1599 = CARTESIAN_POINT ( 'NONE',  ( 1.766744939978191153, 2.415000000000000036, 7.810048285776253429 ) ) ;
#1600 = EDGE_CURVE ( 'NONE', #1549, #2834, #5381, .T. ) ;
#1601 = CARTESIAN_POINT ( 'NONE',  ( 2.129123957196154659, 2.415000000000000036, 9.812779667896158742 ) ) ;
#1602 = PRESENTATION_LAYER_ASSIGNMENT (  '', '', ( #4164 ) ) ;
#1603 =( NAMED_UNIT ( * ) PLANE_ANGLE_UNIT ( ) SI_UNIT ( $, .RADIAN. ) );
#1604 = CARTESIAN_POINT ( 'NONE',  ( -0.1143133947501589476, 2.415000000000000036, 9.983847250662149619 ) ) ;
#1605 = DIRECTION ( 'NONE',  ( 0.0000000000000000000, 0.0000000000000000000, 1.000000000000000000 ) ) ;
#1606 = FACE_OUTER_BOUND ( 'NONE', #4726, .T. ) ;
#1607 = CARTESIAN_POINT ( 'NONE',  ( -2.088083080508968958, 2.415000000000000036, 7.938021041699513169 ) ) ;
#1608 = PLANE ( 'NONE',  #4584 ) ;
#1609 = CARTESIAN_POINT ( 'NONE',  ( -2.370624098159557214, 2.415000000000000036, 9.585375990136853375 ) ) ;
#1610 = VERTEX_POINT ( 'NONE', #5985 ) ;
#1611 = EDGE_CURVE ( 'NONE', #6347, #1203, #5330, .T. ) ;
#1612 = VECTOR ( 'NONE', #8878, 1000.000000000000000 ) ;
#1613 = CARTESIAN_POINT ( 'NONE',  ( -1.536079581712618713, 2.415000000000000036, 6.022484398001323846 ) ) ;
#1614 = VERTEX_POINT ( 'NONE', #3548 ) ;
#1615 = PRESENTATION_STYLE_ASSIGNMENT (( #2920 ) ) ;
#1616 = CARTESIAN_POINT ( 'NONE',  ( -1.883178860086460737, 2.415000000000000036, 9.680524670009909016 ) ) ;
#1617 = SURFACE_SIDE_STYLE ('',( #3022 ) ) ;
#1618 = SURFACE_STYLE_FILL_AREA ( #788 ) ;
#1619 = CARTESIAN_POINT ( 'NONE',  ( 1.669705755298156236, 2.415000000000000036, 7.708008644368883111 ) ) ;
#1620 = CARTESIAN_POINT ( 'NONE',  ( 0.8377138795005036886, 2.415000000000000036, 8.104650613430695927 ) ) ;
#1621 = CARTESIAN_POINT ( 'NONE',  ( -1.754730943603448390, 2.415000000000000036, 9.776378038905372492 ) ) ;
#1622 = CARTESIAN_POINT ( 'NONE',  ( -0.2836719345461534703, 2.415000000000000036, 8.007368324973294094 ) ) ;
#1623 = CARTESIAN_POINT ( 'NONE',  ( -0.2784926048912217400, 2.415000000000000036, 5.320528379161761912 ) ) ;
#1624 = ORIENTED_EDGE ( 'NONE', *, *, #6579, .T. ) ;
#1625 = CARTESIAN_POINT ( 'NONE',  ( -0.03762597547107442153, 2.415000000000000036, 9.790700952061191842 ) ) ;
#1626 = CARTESIAN_POINT ( 'NONE',  ( -0.3351019370095359995, 2.415000000000000036, 9.457968580266319591 ) ) ;
#1627 = CARTESIAN_POINT ( 'NONE',  ( 1.894265050169951170, 2.415000000000000036, 7.982047105907344786 ) ) ;
#1628 = CARTESIAN_POINT ( 'NONE',  ( -1.810611524808720008, 2.415000000000000036, 9.395030096285639232 ) ) ;
#1629 = CARTESIAN_POINT ( 'NONE',  ( 7.214999999999999858, -2.410000000000000142, 1.166000000000000814 ) ) ;
#1630 = CARTESIAN_POINT ( 'NONE',  ( 1.824469975582801995, 2.415000000000000036, 5.299156308494767487 ) ) ;
#1631 = ORIENTED_EDGE ( 'NONE', *, *, #5035, .T. ) ;
#1632 = DIRECTION ( 'NONE',  ( -1.423070940095821945E-16, 0.0000000000000000000, -1.000000000000000000 ) ) ;
#1633 = VERTEX_POINT ( 'NONE', #149 ) ;
#1634 = COLOUR_RGB ( '',0.2509803921568627416, 0.2509803921568627416, 0.2509803921568627416 ) ;
#1635 = CARTESIAN_POINT ( 'NONE',  ( -3.190470526753126368, 2.415000000000000036, 7.982047105907344786 ) ) ;
#1636 = DIRECTION ( 'NONE',  ( 1.000000000000000000, 0.0000000000000000000, 0.0000000000000000000 ) ) ;
#1637 = FILL_AREA_STYLE_COLOUR ( '', #3999 ) ;
#1638 =( GEOMETRIC_REPRESENTATION_CONTEXT ( 3 ) GLOBAL_UNCERTAINTY_ASSIGNED_CONTEXT ( ( #3242 ) ) GLOBAL_UNIT_ASSIGNED_CONTEXT ( ( #6605, #530, #1305 ) ) REPRESENTATION_CONTEXT ( 'NONE', 'WORKASPACE' ) );
#1639 = ORIENTED_EDGE ( 'NONE', *, *, #7676, .F. ) ;
#1640 = VERTEX_POINT ( 'NONE', #4843 ) ;
#1641 = VERTEX_POINT ( 'NONE', #683 ) ;
#1642 = AXIS2_PLACEMENT_3D ( 'NONE', #2443, #7997, #7951 ) ;
#1643 = FACE_OUTER_BOUND ( 'NONE', #5711, .T. ) ;
#1644 = LINE ( 'NONE', #3786, #2427 ) ;
#1645 = CARTESIAN_POINT ( 'NONE',  ( -3.600057579838965793, 2.415000000000000036, 9.616898336483615140 ) ) ;
#1646 = FILL_AREA_STYLE ('',( #4194 ) ) ;
#1647 = CARTESIAN_POINT ( 'NONE',  ( -0.2207812925776700130, 2.415000000000000036, 2.120838858886292755 ) ) ;
#1648 = CARTESIAN_POINT ( 'NONE',  ( -1.216311872906972180, 2.415000000000000036, 8.161534285394525412 ) ) ;
#1649 = FACE_BOUND ( 'NONE', #8302, .T. ) ;
#1650 = ADVANCED_FACE ( 'NONE', ( #4764 ), #4889, .T. ) ;
#1651 = ORIENTED_EDGE ( 'NONE', *, *, #4665, .F. ) ;
#1652 = CARTESIAN_POINT ( 'NONE',  ( -3.417071308254969964, 2.415000000000000036, 9.809674290890475490 ) ) ;
#1653 = VERTEX_POINT ( 'NONE', #1493 ) ;
#1654 = CARTESIAN_POINT ( 'NONE',  ( 2.973220491456766812, 2.415000000000000036, 9.822467158394939446 ) ) ;
#1655 = CARTESIAN_POINT ( 'NONE',  ( -2.794000000000000483, -2.410000000000000142, 1.015999999999999348 ) ) ;
#1656 =( NAMED_UNIT ( * ) SI_UNIT ( $, .STERADIAN. ) SOLID_ANGLE_UNIT ( ) );
#1657 = LINE ( 'NONE', #7818, #3415 ) ;
#1658 = FILL_AREA_STYLE_COLOUR ( '', #6061 ) ;
#1659 = CARTESIAN_POINT ( 'NONE',  ( 1.644476582114764440, 2.415000000000000036, 7.728121455067415546 ) ) ;
#1660 = EDGE_CURVE ( 'NONE', #7529, #7206, #6971, .T. ) ;
#1661 = CARTESIAN_POINT ( 'NONE',  ( -2.659394154312224146, 2.415000000000000036, 9.249312417980348755 ) ) ;
#1662 = CARTESIAN_POINT ( 'NONE',  ( -0.5580234503591422479, 2.415000000000000036, 7.422963197605564112 ) ) ;
#1663 = EDGE_CURVE ( 'NONE', #778, #1594, #8554, .T. ) ;
#1664 = CARTESIAN_POINT ( 'NONE',  ( 2.130042293759694783, 2.415000000000000036, 8.161534285394525412 ) ) ;
#1665 = CARTESIAN_POINT ( 'NONE',  ( -0.7455699469287200287, 2.415000000000000036, 2.325836228234699821 ) ) ;
#1666 = VERTEX_POINT ( 'NONE', #1898 ) ;
#1667 = DIRECTION ( 'NONE',  ( 0.0000000000000000000, -0.0000000000000000000, 1.000000000000000000 ) ) ;
#1668 = PRESENTATION_STYLE_ASSIGNMENT (( #5695 ) ) ;
#1669 = DIRECTION ( 'NONE',  ( 0.0000000000000000000, 0.0000000000000000000, 1.000000000000000000 ) ) ;
#1670 = CARTESIAN_POINT ( 'NONE',  ( 0.01285479375969520235, 2.415000000000000036, 6.082047105907345319 ) ) ;
#1671 = FILL_AREA_STYLE ('',( #2513 ) ) ;
#1672 = ORIENTED_EDGE ( 'NONE', *, *, #5084, .F. ) ;
#1673 = CARTESIAN_POINT ( 'NONE',  ( 1.731415516444337888, 2.415000000000000036, 5.670267438600134824 ) ) ;
#1674 = AXIS2_PLACEMENT_3D ( 'NONE', #5418, #1441, #6106 ) ;
#1675 = ORIENTED_EDGE ( 'NONE', *, *, #497, .F. ) ;
#1676 = SURFACE_STYLE_USAGE ( .BOTH. , #4505 ) ;
#1677 = CARTESIAN_POINT ( 'NONE',  ( -0.2777372167385643298, 2.415000000000000036, 9.411346556812389963 ) ) ;
#1678 = FACE_OUTER_BOUND ( 'NONE', #4308, .T. ) ;
#1679 = VECTOR ( 'NONE', #5681, 1000.000000000000000 ) ;
#1680 = SURFACE_SIDE_STYLE ('',( #8635 ) ) ;
#1681 = CARTESIAN_POINT ( 'NONE',  ( -2.747701972599771114, 2.415000000000000036, 9.485358772559377982 ) ) ;
#1682 = VERTEX_POINT ( 'NONE', #3363 ) ;
#1683 = CARTESIAN_POINT ( 'NONE',  ( 6.120000000000000107, 0.0000000000000000000, 1.016000000000000902 ) ) ;
#1684 = ORIENTED_EDGE ( 'NONE', *, *, #1529, .F. ) ;
#1685 = MECHANICAL_DESIGN_GEOMETRIC_PRESENTATION_REPRESENTATION (  '', ( #5382 ), #3090 ) ;
#1686 = ORIENTED_EDGE ( 'NONE', *, *, #3839, .T. ) ;
#1687 = DIRECTION ( 'NONE',  ( -5.782411586589358033E-15, 0.0000000000000000000, -1.000000000000000000 ) ) ;
#1688 = CARTESIAN_POINT ( 'NONE',  ( -2.767393603676203462, 2.415000000000000036, 9.889458964881704617 ) ) ;
#1689 =( GEOMETRIC_REPRESENTATION_CONTEXT ( 3 ) GLOBAL_UNCERTAINTY_ASSIGNED_CONTEXT ( ( #8775 ) ) GLOBAL_UNIT_ASSIGNED_CONTEXT ( ( #4490, #3862, #1804 ) ) REPRESENTATION_CONTEXT ( 'NONE', 'WORKASPACE' ) );
#1690 = CARTESIAN_POINT ( 'NONE',  ( 1.669705755298156236, 2.415000000000000036, 7.708008644368883111 ) ) ;
#1691 = CARTESIAN_POINT ( 'NONE',  ( -2.532836366453635524, 2.415000000000000036, 9.398311039196146410 ) ) ;
#1692 = ORIENTED_EDGE ( 'NONE', *, *, #7401, .F. ) ;
#1693 = CARTESIAN_POINT ( 'NONE',  ( -3.443506045541415705, 2.415000000000000036, 9.816510525062717818 ) ) ;
#1694 = ORIENTED_EDGE ( 'NONE', *, *, #6746, .F. ) ;
#1695 = SURFACE_SIDE_STYLE ('',( #8652 ) ) ;
#1696 = CARTESIAN_POINT ( 'NONE',  ( -2.013299134949355196, 2.415000000000000036, 9.589689804641052362 ) ) ;
#1697 = FACE_OUTER_BOUND ( 'NONE', #8125, .T. ) ;
#1698 = CIRCLE ( 'NONE', #5990, 0.1500000000000000777 ) ;
#1699 = EDGE_CURVE ( 'NONE', #2909, #4458, #4739, .T. ) ;
#1700 = FILL_AREA_STYLE_COLOUR ( '', #2416 ) ;
#1701 = CARTESIAN_POINT ( 'NONE',  ( 1.910214899564723678, 2.415000000000000036, 9.892587603057490853 ) ) ;
#1702 = CARTESIAN_POINT ( 'NONE',  ( -2.686735605556207940, 2.415000000000000036, 9.262374164617126482 ) ) ;
#1703 = CARTESIAN_POINT ( 'NONE',  ( -1.813590216569431979, 2.415000000000000036, 9.817802833941499330 ) ) ;
#1704 = CIRCLE ( 'NONE', #4140, 0.1499999999999999944 ) ;
#1705 = TOROIDAL_SURFACE ( 'NONE', #3127, 0.2050000000000000155, 0.2000000000000000111 ) ;
#1706 = ADVANCED_FACE ( 'NONE', ( #6742 ), #8112, .T. ) ;
#1707 = EDGE_CURVE ( 'NONE', #3559, #3495, #5415, .T. ) ;
#1708 =( NAMED_UNIT ( * ) SI_UNIT ( $, .STERADIAN. ) SOLID_ANGLE_UNIT ( ) );
#1709 = VERTEX_POINT ( 'NONE', #1190 ) ;
#1710 = B_SPLINE_CURVE_WITH_KNOTS ( 'NONE', 3,
 ( #6886, #2116, #1371, #1333, #5348, #6760, #1289, #8132, #4098, #1954, #6838 ),
 .UNSPECIFIED., .F., .F.,
 ( 4, 1, 1, 1, 1, 1, 1, 1, 4 ),
 ( 0.0000000000000000000, 0.1423135575131074249, 0.2786677694907708780, 0.4096984271359098706, 0.5351184206965080570, 0.6556627211419737700, 0.7721586180583762671, 0.8865999336076418880, 1.000000000000000000 ),
 .UNSPECIFIED. ) ;
#1711 = LINE ( 'NONE', #1627, #7102 ) ;
#1712 = EDGE_CURVE ( 'NONE', #8349, #2055, #6149, .T. ) ;
#1713 = MECHANICAL_DESIGN_GEOMETRIC_PRESENTATION_REPRESENTATION (  '', ( #2263 ), #1286 ) ;
#1714 = CARTESIAN_POINT ( 'NONE',  ( 2.270010152150727212, 2.415000000000000036, 9.781524434628934728 ) ) ;
#1715 = LINE ( 'NONE', #7272, #7815 ) ;
#1716 = DIRECTION ( 'NONE',  ( 0.0000000000000000000, 0.0000000000000000000, 1.000000000000000000 ) ) ;
#1717 = FACE_OUTER_BOUND ( 'NONE', #5561, .T. ) ;
#1718 = ORIENTED_EDGE ( 'NONE', *, *, #96, .F. ) ;
#1719 = CARTESIAN_POINT ( 'NONE',  ( 1.790298704016105358, 2.415000000000000036, 5.378521464881703906 ) ) ;
#1720 = EDGE_CURVE ( 'NONE', #6815, #6402, #8200, .T. ) ;
#1721 = CARTESIAN_POINT ( 'NONE',  ( -1.498989349700403650, 2.415000000000000036, 5.393118080580868501 ) ) ;
#1722 = ORIENTED_EDGE ( 'NONE', *, *, #7024, .F. ) ;
#1723 = VECTOR ( 'NONE', #3295, 1000.000000000000000 ) ;
#1724 = CARTESIAN_POINT ( 'NONE',  ( 1.771586589201773254, 2.415000000000000036, 8.145177069205486120 ) ) ;
#1725 = EDGE_CURVE ( 'NONE', #624, #1640, #2621, .T. ) ;
#1726 = FILL_AREA_STYLE_COLOUR ( '', #8055 ) ;
#1727 = CARTESIAN_POINT ( 'NONE',  ( -0.2115980205079305843, 2.415000000000000036, 9.386486054445164484 ) ) ;
#1728 = LINE ( 'NONE', #7741, #1761 ) ;
#1729 = VECTOR ( 'NONE', #4295, 1000.000000000000000 ) ;
#1730 = FILL_AREA_STYLE ('',( #5752 ) ) ;
#1731 = UNCERTAINTY_MEASURE_WITH_UNIT (LENGTH_MEASURE( 1.000000000000000082E-05 ), #3513, 'distance_accuracy_value', 'NONE');
#1732 = CARTESIAN_POINT ( 'NONE',  ( -7.365000000000000213, -2.410000000000000142, 8.673617379884035472E-16 ) ) ;
#1733 = ORIENTED_EDGE ( 'NONE', *, *, #4813, .T. ) ;
#1734 = ORIENTED_EDGE ( 'NONE', *, *, #7628, .T. ) ;
#1735 = CARTESIAN_POINT ( 'NONE',  ( 2.049438319806082820, 2.415000000000000036, 9.717920925828867240 ) ) ;
#1736 = CARTESIAN_POINT ( 'NONE',  ( 3.017167512251471173, 2.415000000000000036, 9.228532683977244133 ) ) ;
#1737 = SURFACE_STYLE_USAGE ( .BOTH. , #5900 ) ;
#1738 = CARTESIAN_POINT ( 'NONE',  ( -1.905000000000000027, 0.0000000000000000000, 1.015999999999999126 ) ) ;
#1739 = DIRECTION ( 'NONE',  ( 1.000000000000000000, 0.0000000000000000000, 0.0000000000000000000 ) ) ;
#1740 = ORIENTED_EDGE ( 'NONE', *, *, #4924, .F. ) ;
#1741 = VERTEX_POINT ( 'NONE', #2610 ) ;
#1742 =( GEOMETRIC_REPRESENTATION_CONTEXT ( 3 ) GLOBAL_UNCERTAINTY_ASSIGNED_CONTEXT ( ( #8413 ) ) GLOBAL_UNIT_ASSIGNED_CONTEXT ( ( #7967, #7916, #4434 ) ) REPRESENTATION_CONTEXT ( 'NONE', 'WORKASPACE' ) );
#1743 = CARTESIAN_POINT ( 'NONE',  ( 2.943757993405212936, 2.415000000000000036, 9.811569581571113474 ) ) ;
#1744 = CARTESIAN_POINT ( 'NONE',  ( 2.876055518383426435, 2.415000000000000036, 9.451901532336902889 ) ) ;
#1745 = PLANE ( 'NONE',  #1344 ) ;
#1746 = VECTOR ( 'NONE', #5693, 1000.000000000000000 ) ;
#1747 = CARTESIAN_POINT ( 'NONE',  ( -1.764099340503979985, 2.415000000000000036, 9.798717695500197777 ) ) ;
#1748 = CARTESIAN_POINT ( 'NONE',  ( -1.575085911368512059, 2.415000000000000036, 9.780083964881706393 ) ) ;
#1749 = EDGE_CURVE ( 'NONE', #1112, #3301, #7326, .T. ) ;
#1750 = ORIENTED_EDGE ( 'NONE', *, *, #7123, .F. ) ;
#1751 = EDGE_LOOP ( 'NONE', ( #918, #5350, #3582, #7253 ) ) ;
#1752 = CARTESIAN_POINT ( 'NONE',  ( 0.02263109326199274490, 2.415000000000000036, 9.712441088540021639 ) ) ;
#1753 = DIRECTION ( 'NONE',  ( 0.0000000000000000000, 0.0000000000000000000, 1.000000000000000000 ) ) ;
#1754 = LINE ( 'NONE', #7223, #8291 ) ;
#1755 = STYLED_ITEM ( 'NONE', ( #3981 ), #602 ) ;
#1756 = FILL_AREA_STYLE_COLOUR ( '', #6708 ) ;
#1757 =( NAMED_UNIT ( * ) PLANE_ANGLE_UNIT ( ) SI_UNIT ( $, .RADIAN. ) );
#1758 = DIRECTION ( 'NONE',  ( 1.224646799147353207E-16, 1.000000000000000000, -0.0000000000000000000 ) ) ;
#1759 = ORIENTED_EDGE ( 'NONE', *, *, #8095, .F. ) ;
#1760 = VECTOR ( 'NONE', #4427, 1000.000000000000000 ) ;
#1761 = VECTOR ( 'NONE', #7888, 1000.000000000000000 ) ;
#1762 = EDGE_CURVE ( 'NONE', #2055, #7958, #7727, .T. ) ;
#1763 = CARTESIAN_POINT ( 'NONE',  ( 1.675226783680745513, 2.415000000000000036, 5.811862272113681449 ) ) ;
#1764 = CARTESIAN_POINT ( 'NONE',  ( 0.9122502957988830596, 2.415000000000000036, 7.882364313928198918 ) ) ;
#1765 = VERTEX_POINT ( 'NONE', #3583 ) ;
#1766 =( LENGTH_UNIT ( ) NAMED_UNIT ( * ) SI_UNIT ( .MILLI., .METRE. ) );
#1767 = CARTESIAN_POINT ( 'NONE',  ( -0.2156267414952967587, 2.415000000000000036, 6.061751415028793666 ) ) ;
#1768 = CYLINDRICAL_SURFACE ( 'NONE', #5293, 0.1500000000000000777 ) ;
#1769 = CARTESIAN_POINT ( 'NONE',  ( -2.310000000000000053, 4.959819536546782449E-17, 1.015999999999998904 ) ) ;
#1770 = LINE ( 'NONE', #3237, #2173 ) ;
#1771 = CIRCLE ( 'NONE', #3032, 0.1499999999999999667 ) ;
#1772 = EDGE_CURVE ( 'NONE', #1843, #6114, #4301, .T. ) ;
#1773 = DIRECTION ( 'NONE',  ( 0.0000000000000000000, 0.0000000000000000000, -1.000000000000000000 ) ) ;
#1774 = DIRECTION ( 'NONE',  ( 0.0000000000000000000, -0.0000000000000000000, 1.000000000000000000 ) ) ;
#1775 = EDGE_LOOP ( 'NONE', ( #8799, #7763, #910, #3768, #1403, #8840, #2704, #4335, #5499, #7894, #1800, #1734, #2327, #8688 ) ) ;
#1776 = LINE ( 'NONE', #5221, #7273 ) ;
#1777 = ORIENTED_EDGE ( 'NONE', *, *, #600, .T. ) ;
#1778 = CARTESIAN_POINT ( 'NONE',  ( 2.059029413927623064, 2.415000000000000036, 9.750655203372277313 ) ) ;
#1779 = CARTESIAN_POINT ( 'NONE',  ( 0.7710679347853354182, 2.415000000000000036, 5.082047105907345319 ) ) ;
#1780 = CARTESIAN_POINT ( 'NONE',  ( -1.098935331544104832, 2.415000000000000036, 2.454041356439828014 ) ) ;
#1781 = DIRECTION ( 'NONE',  ( -0.0000000000000000000, -0.0000000000000000000, -1.000000000000000000 ) ) ;
#1782 = CARTESIAN_POINT ( 'NONE',  ( 2.989016652734053814, 2.415000000000000036, 7.161534285394524524 ) ) ;
#1783 = CARTESIAN_POINT ( 'NONE',  ( -2.837933982822018031, -2.410000000000000142, 0.9720660171779816894 ) ) ;
#1784 = FACE_BOUND ( 'NONE', #1211, .T. ) ;
#1785 = FILL_AREA_STYLE ('',( #2446 ) ) ;
#1786 = VERTEX_POINT ( 'NONE', #753 ) ;
#1787 = PRESENTATION_STYLE_ASSIGNMENT (( #5859 ) ) ;
#1788 = EDGE_LOOP ( 'NONE', ( #2563, #2372, #7310, #2771 ) ) ;
#1789 = AXIS2_PLACEMENT_3D ( 'NONE', #2138, #3360, #791 ) ;
#1790 = B_SPLINE_CURVE_WITH_KNOTS ( 'NONE', 3,
 ( #2525, #1198, #6668, #3240, #5975, #1484, #2147, #4168, #2194, #6918, #4882 ),
 .UNSPECIFIED., .F., .F.,
 ( 4, 1, 1, 1, 1, 1, 1, 1, 4 ),
 ( 0.0000000000000000000, 0.1422803651953278292, 0.2774356878172640206, 0.4064876620789402706, 0.5299178484712792070, 0.6501338750155658541, 0.7668446678449148957, 0.8834990802796655052, 1.000000000000000000 ),
 .UNSPECIFIED. ) ;
#1791 = CARTESIAN_POINT ( 'NONE',  ( 3.004565168113604745, 2.415000000000000036, 9.829649361861704904 ) ) ;
#1792 = SURFACE_STYLE_FILL_AREA ( #7075 ) ;
#1793 = DIRECTION ( 'NONE',  ( 0.0000000000000000000, 0.0000000000000000000, -1.000000000000000000 ) ) ;
#1794 = DIRECTION ( 'NONE',  ( 1.000000000000000000, 0.0000000000000000000, -1.423070940095820959E-16 ) ) ;
#1795 = SURFACE_STYLE_USAGE ( .BOTH. , #7913 ) ;
#1796 = CARTESIAN_POINT ( 'NONE',  ( -0.9025433192071280475, 2.415000000000000036, 5.748683652037127167 ) ) ;
#1797 = STYLED_ITEM ( 'NONE', ( #5854 ), #3238 ) ;
#1798 =( LENGTH_UNIT ( ) NAMED_UNIT ( * ) SI_UNIT ( .MILLI., .METRE. ) );
#1799 = CARTESIAN_POINT ( 'NONE',  ( 0.04029870401610607944, 2.415000000000000036, 7.663537490522730700 ) ) ;
#1800 = ORIENTED_EDGE ( 'NONE', *, *, #773, .T. ) ;
#1801 = ORIENTED_EDGE ( 'NONE', *, *, #761, .T. ) ;
#1802 = SURFACE_SIDE_STYLE ('',( #398 ) ) ;
#1803 = LINE ( 'NONE', #528, #792 ) ;
#1804 =( NAMED_UNIT ( * ) SI_UNIT ( $, .STERADIAN. ) SOLID_ANGLE_UNIT ( ) );
#1805 = FACE_OUTER_BOUND ( 'NONE', #2588, .T. ) ;
#1806 = CARTESIAN_POINT ( 'NONE',  ( 0.9116610080326690291, 2.415000000000000036, 6.014723175916893538 ) ) ;
#1807 = ORIENTED_EDGE ( 'NONE', *, *, #6039, .F. ) ;
#1808 = UNCERTAINTY_MEASURE_WITH_UNIT (LENGTH_MEASURE( 1.000000000000000082E-05 ), #3500, 'distance_accuracy_value', 'NONE');
#1809 = LINE ( 'NONE', #8628, #1265 ) ;
#1810 = VERTEX_POINT ( 'NONE', #3489 ) ;
#1811 = CARTESIAN_POINT ( 'NONE',  ( 2.239016652734054258, 2.415000000000000036, 6.082047105907345319 ) ) ;
#1812 = CARTESIAN_POINT ( 'NONE',  ( 2.130042293759694783, 2.415000000000000036, 8.161534285394525412 ) ) ;
#1813 = CARTESIAN_POINT ( 'NONE',  ( -2.731867965644036111, 2.265000000000000124, 1.015999999999999348 ) ) ;
#1814 = CARTESIAN_POINT ( 'NONE',  ( 1.501923916918428192, 2.415000000000000036, 7.458148424140222055 ) ) ;
#1815 = EDGE_CURVE ( 'NONE', #4651, #3222, #4963, .T. ) ;
#1816 = COLOUR_RGB ( '',0.2509803921568627416, 0.2509803921568627416, 0.2509803921568627416 ) ;
#1817 = UNCERTAINTY_MEASURE_WITH_UNIT (LENGTH_MEASURE( 1.000000000000000082E-05 ), #7284, 'distance_accuracy_value', 'NONE');
#1818 = LINE ( 'NONE', #3050, #6287 ) ;
#1819 = VERTEX_POINT ( 'NONE', #2848 ) ;
#1820 = FILL_AREA_STYLE_COLOUR ( '', #8031 ) ;
#1821 = VERTEX_POINT ( 'NONE', #5595 ) ;
#1822 = ADVANCED_FACE ( 'NONE', ( #8394 ), #2188, .T. ) ;
#1823 = CARTESIAN_POINT ( 'NONE',  ( 1.323351588631489495, 2.415000000000000036, 9.394867618727857916 ) ) ;
#1824 = EDGE_CURVE ( 'NONE', #2250, #2148, #306, .T. ) ;
#1825 = CARTESIAN_POINT ( 'NONE',  ( -0.9942659156923516761, 2.415000000000000036, 6.064227889044827791 ) ) ;
#1826 = CARTESIAN_POINT ( 'NONE',  ( 3.418956262475042251, 2.415000000000000036, 9.525674389415296872 ) ) ;
#1827 = CARTESIAN_POINT ( 'NONE',  ( -0.1327502269164599624, 2.415000000000000036, 2.152836418040213751 ) ) ;
#1828 = EDGE_LOOP ( 'NONE', ( #5100, #3108, #1499, #6704 ) ) ;
#1829 = AXIS2_PLACEMENT_3D ( 'NONE', #8582, #2242, #1636 ) ;
#1830 = ORIENTED_EDGE ( 'NONE', *, *, #8837, .F. ) ;
#1831 = CARTESIAN_POINT ( 'NONE',  ( -2.943999999999999950, 2.415000000000000036, 1.078132034355963498 ) ) ;
#1832 = CARTESIAN_POINT ( 'NONE',  ( 1.699999999999999956, 2.510525938252074371E-17, -3.299999999999999822 ) ) ;
#1833 = PRESENTATION_LAYER_ASSIGNMENT (  '', '', ( #674 ) ) ;
#1834 = CIRCLE ( 'NONE', #1258, 0.4049999999999999711 ) ;
#1835 = DIRECTION ( 'NONE',  ( -0.0000000000000000000, -1.000000000000000000, -0.0000000000000000000 ) ) ;
#1836 = CARTESIAN_POINT ( 'NONE',  ( 1.190562296173984791, 2.415000000000000036, 9.773805656678975495 ) ) ;
#1837 = CARTESIAN_POINT ( 'NONE',  ( 0.8161243744122317345, 2.415000000000000036, 5.790109863406690316 ) ) ;
#1838 = DIRECTION ( 'NONE',  ( 0.0000000000000000000, 0.0000000000000000000, -1.000000000000000000 ) ) ;
#1839 = SURFACE_STYLE_FILL_AREA ( #8004 ) ;
#1840 = B_SPLINE_CURVE_WITH_KNOTS ( 'NONE', 3,
 ( #7514, #6803, #3341, #3468, #6217, #7560, #5520, #5480, #1997, #6081, #6126, #8907, #2705, #5434, #8223, #2042, #4769, #2780, #1373, #8269, #2075, #2955, #3645, #6391, #8506, #3691, #2293 ),
 .UNSPECIFIED., .F., .F.,
 ( 4, 1, 1, 1, 1, 1, 1, 1, 1, 1, 1, 1, 1, 1, 1, 1, 1, 1, 1, 1, 1, 1, 1, 1, 4 ),
 ( 0.0000000000000000000, 0.04599305169989641867, 0.09065324987011620650, 0.1341422768399382626, 0.1773550811254478166, 0.2192951219513563366, 0.2609405477042049948, 0.3021401008403987176, 0.3432656944119734654, 0.3841470995195069849, 0.4243476564811819451, 0.4643880209929408531, 0.5039781071758012709, 0.5437948186130655559, 0.5837810790690174390, 0.6244035073478952924, 0.6653460961073801583, 0.7066522459369690701, 0.7476608764988090794, 0.7888620716729515259, 0.8301927816968598384, 0.8716868548477725298, 0.9137203501046637921, 0.9565810325459704888, 1.000000000000000000 ),
 .UNSPECIFIED. ) ;
#1841 = PRESENTATION_STYLE_ASSIGNMENT (( #8006 ) ) ;
#1842 = CARTESIAN_POINT ( 'NONE',  ( -2.027518832708331331, 2.415000000000000036, 9.887960378395298733 ) ) ;
#1843 = VERTEX_POINT ( 'NONE', #6601 ) ;
#1844 = VERTEX_POINT ( 'NONE', #8616 ) ;
#1845 = CARTESIAN_POINT ( 'NONE',  ( 1.611346420430933346, 2.415000000000000036, 5.357845253102232697 ) ) ;
#1846 = FACE_OUTER_BOUND ( 'NONE', #8187, .T. ) ;
#1847 = DIRECTION ( 'NONE',  ( 0.0000000000000000000, 1.000000000000000000, 0.0000000000000000000 ) ) ;
#1848 = DIRECTION ( 'NONE',  ( 0.0000000000000000000, -1.000000000000000000, -0.0000000000000000000 ) ) ;
#1849 = CARTESIAN_POINT ( 'NONE',  ( -0.4853423216249206362, 2.415000000000000036, 9.386454157189398018 ) ) ;
#1850 = VECTOR ( 'NONE', #3003, 1000.000000000000000 ) ;
#1851 = CARTESIAN_POINT ( 'NONE',  ( 0.8715583104316269036, 2.415000000000000036, 5.973288479501824177 ) ) ;
#1852 = DIRECTION ( 'NONE',  ( -0.7071067811865474617, 0.0000000000000000000, -0.7071067811865476838 ) ) ;
#1853 = VERTEX_POINT ( 'NONE', #2983 ) ;
#1854 = CARTESIAN_POINT ( 'NONE',  ( -0.4554636823801724299, 2.415000000000000036, 9.850551692335892895 ) ) ;
#1855 = ORIENTED_EDGE ( 'NONE', *, *, #5824, .F. ) ;
#1856 = AXIS2_PLACEMENT_3D ( 'NONE', #2411, #5151, #5623 ) ;
#1857 = AXIS2_PLACEMENT_3D ( 'NONE', #5174, #2291, #1773 ) ;
#1858 = CARTESIAN_POINT ( 'NONE',  ( 2.694430485806945885, 2.415000000000000036, 9.753674892040653077 ) ) ;
#1859 =( NAMED_UNIT ( * ) SI_UNIT ( $, .STERADIAN. ) SOLID_ANGLE_UNIT ( ) );
#1860 = CARTESIAN_POINT ( 'NONE',  ( -3.810000000000000053, -2.410000000000000142, 0.2121320343559643939 ) ) ;
#1861 = DIRECTION ( 'NONE',  ( -0.7071067811865472397, -0.0000000000000000000, 0.7071067811865480168 ) ) ;
#1862 = DIRECTION ( 'NONE',  ( 0.0000000000000000000, 0.0000000000000000000, -1.000000000000000000 ) ) ;
#1863 = STYLED_ITEM ( 'NONE', ( #6798 ), #7620 ) ;
#1864 = VERTEX_POINT ( 'NONE', #3177 ) ;
#1865 = ORIENTED_EDGE ( 'NONE', *, *, #7353, .T. ) ;
#1866 = EDGE_CURVE ( 'NONE', #1653, #3002, #2918, .T. ) ;
#1867 = CARTESIAN_POINT ( 'NONE',  ( 1.437569805496010211, 2.415000000000000036, 9.428403872170102673 ) ) ;
#1868 = CARTESIAN_POINT ( 'NONE',  ( -0.9692526891819628343, 2.415000000000000036, 6.052723671627481039 ) ) ;
#1869 = CARTESIAN_POINT ( 'NONE',  ( 0.02021013941178866069, 2.415000000000000036, 2.171086657951652121 ) ) ;
#1870 = LINE ( 'NONE', #2493, #6352 ) ;
#1871 = FILL_AREA_STYLE_COLOUR ( '', #1079 ) ;
#1872 = B_SPLINE_CURVE_WITH_KNOTS ( 'NONE', 3,
 ( #7432, #3385, #8183, #6768, #4145, #4855, #695, #7476, #3475, #6088, #4025, #4690, #3434, #6263, #6175, #1380, #6223, #2668, #69 ),
 .UNSPECIFIED., .F., .F.,
 ( 4, 1, 1, 1, 1, 1, 1, 1, 1, 1, 1, 1, 1, 1, 1, 1, 4 ),
 ( 0.0000000000000000000, 0.08026411360750683455, 0.1584807277536660342, 0.2362171838365447196, 0.3147238196688085798, 0.3928458216771421596, 0.4686444438773679777, 0.5426992484824938456, 0.6172920148740468349, 0.6559515662731425500, 0.6970397339065309561, 0.7406598521388926271, 0.7867731540855944505, 0.8355683813850602881, 0.8872421605004023881, 0.9418938819013507047, 1.000000000000000000 ),
 .UNSPECIFIED. ) ;
#1873 = CARTESIAN_POINT ( 'NONE',  ( 1.706965370682771654, 2.415000000000000036, 9.605003836676576867 ) ) ;
#1874 = ORIENTED_EDGE ( 'NONE', *, *, #4177, .T. ) ;
#1875 = ORIENTED_EDGE ( 'NONE', *, *, #3449, .T. ) ;
#1876 = ADVANCED_FACE ( 'NONE', ( #7221 ), #5059, .T. ) ;
#1877 = FILL_AREA_STYLE ('',( #2500 ) ) ;
#1878 = B_SPLINE_CURVE_WITH_KNOTS ( 'NONE', 3,
 ( #2582, #8167, #5309, #1330, #3932, #4645, #8824, #4604, #1913, #3973, #469, #1285, #2625, #8739, #5266, #1826, #7293, #2699, #7337 ),
 .UNSPECIFIED., .F., .F.,
 ( 4, 1, 1, 1, 1, 1, 1, 1, 1, 1, 1, 1, 1, 1, 1, 1, 4 ),
 ( 0.0000000000000000000, 0.06897055422588860285, 0.1350748552500022071, 0.1988690541480266916, 0.2611837068468418344, 0.3221253256245187324, 0.3830044665471976639, 0.4443004452987851516, 0.5063459889551673587, 0.5681665311004815422, 0.6289232869698960782, 0.6890560064643441729, 0.7487806366016985793, 0.8090843570037237198, 0.8709220967906540212, 0.9343723606941118920, 1.000000000000000000 ),
 .UNSPECIFIED. ) ;
#1879 = DIRECTION ( 'NONE',  ( 0.0000000000000000000, 0.0000000000000000000, 1.000000000000000000 ) ) ;
#1880 = CARTESIAN_POINT ( 'NONE',  ( 0.8417582280250036630, 2.415000000000000036, 5.670926420049634764 ) ) ;
#1881 = CARTESIAN_POINT ( 'NONE',  ( 2.220483411261429563, 2.415000000000000036, 9.965197126689153251 ) ) ;
#1882 = CARTESIAN_POINT ( 'NONE',  ( -1.110027661658469000, 2.415000000000000036, 5.914768768047864889 ) ) ;
#1883 = EDGE_CURVE ( 'NONE', #5994, #7798, #7623, .T. ) ;
#1884 = ORIENTED_EDGE ( 'NONE', *, *, #8890, .T. ) ;
#1885 = ORIENTED_EDGE ( 'NONE', *, *, #7929, .F. ) ;
#1886 = CARTESIAN_POINT ( 'NONE',  ( -2.003190967644054243, 2.415000000000000036, 8.130305719066640791 ) ) ;
#1887 = CARTESIAN_POINT ( 'NONE',  ( -2.599774033453251310, 2.415000000000000036, 9.979007032963925994 ) ) ;
#1888 = SURFACE_SIDE_STYLE ('',( #4583 ) ) ;
#1889 =( GEOMETRIC_REPRESENTATION_CONTEXT ( 3 ) GLOBAL_UNCERTAINTY_ASSIGNED_CONTEXT ( ( #3424 ) ) GLOBAL_UNIT_ASSIGNED_CONTEXT ( ( #8802, #527, #3224 ) ) REPRESENTATION_CONTEXT ( 'NONE', 'WORKASPACE' ) );
#1890 = CARTESIAN_POINT ( 'NONE',  ( -2.731867965644036111, 2.265000000000000124, 0.8659999999999993259 ) ) ;
#1891 = ORIENTED_EDGE ( 'NONE', *, *, #875, .T. ) ;
#1892 = UNCERTAINTY_MEASURE_WITH_UNIT (LENGTH_MEASURE( 1.000000000000000082E-05 ), #2479, 'distance_accuracy_value', 'NONE');
#1893 = CARTESIAN_POINT ( 'NONE',  ( 1.875719298952550629, 2.415000000000000036, 5.730561106289076889 ) ) ;
#1894 = AXIS2_PLACEMENT_3D ( 'NONE', #7777, #7971, #7872 ) ;
#1895 = CARTESIAN_POINT ( 'NONE',  ( -1.321385309509958361, 2.415000000000000036, 5.246317762413183594 ) ) ;
#1896 = ORIENTED_EDGE ( 'NONE', *, *, #4143, .T. ) ;
#1897 = AXIS2_PLACEMENT_3D ( 'NONE', #5126, #238, #5180 ) ;
#1898 = CARTESIAN_POINT ( 'NONE',  ( 0.8159397296571303526, 2.415000000000000036, 5.797992618727858094 ) ) ;
#1899 = DIRECTION ( 'NONE',  ( -5.782411586589358033E-15, 0.0000000000000000000, 1.000000000000000000 ) ) ;
#1900 = CARTESIAN_POINT ( 'NONE',  ( 4.826000000000001400, -2.260000000000000231, 1.016000000000000902 ) ) ;
#1901 = B_SPLINE_CURVE_WITH_KNOTS ( 'NONE', 3,
 ( #8576, #7834, #7133, #4444, #2371, #998, #5160, #3723, #5106, #3588, #1047 ),
 .UNSPECIFIED., .F., .F.,
 ( 4, 1, 1, 1, 1, 1, 1, 1, 4 ),
 ( 0.0000000000000000000, 0.1344469729957892545, 0.2638071572604059334, 0.3892412375756167386, 0.5114964050416211938, 0.6324272219006811246, 0.7534387150183177173, 0.8752597545988098915, 1.000000000000000000 ),
 .UNSPECIFIED. ) ;
#1902 = DIRECTION ( 'NONE',  ( 1.000000000000000000, 0.0000000000000000000, 0.0000000000000000000 ) ) ;
#1903 = CARTESIAN_POINT ( 'NONE',  ( 0.8939479218358614698, 2.415000000000000036, 7.628083423980925204 ) ) ;
#1904 = PRESENTATION_LAYER_ASSIGNMENT (  '', '', ( #7787 ) ) ;
#1905 = DIRECTION ( 'NONE',  ( 0.7071067811865476838, 0.0000000000000000000, -0.7071067811865474617 ) ) ;
#1906 = UNCERTAINTY_MEASURE_WITH_UNIT (LENGTH_MEASURE( 1.000000000000000082E-05 ), #6219, 'distance_accuracy_value', 'NONE');
#1907 = ORIENTED_EDGE ( 'NONE', *, *, #4049, .T. ) ;
#1908 = CARTESIAN_POINT ( 'NONE',  ( 0.0000000000000000000, 2.415000000000000036, 0.0000000000000000000 ) ) ;
#1909 = ORIENTED_EDGE ( 'NONE', *, *, #703, .T. ) ;
#1910 = PRESENTATION_LAYER_ASSIGNMENT (  '', '', ( #465 ) ) ;
#1911 = CARTESIAN_POINT ( 'NONE',  ( -5.304063536672308565, 2.415000000000000036, 2.171990074388546521 ) ) ;
#1912 = CARTESIAN_POINT ( 'NONE',  ( -0.5366243729069718471, 2.415000000000000036, 9.595388452061191842 ) ) ;
#1913 = CARTESIAN_POINT ( 'NONE',  ( 3.291875996104287161, 2.415000000000000036, 9.309464622997362326 ) ) ;
#1914 = ORIENTED_EDGE ( 'NONE', *, *, #1699, .F. ) ;
#1915 = FILL_AREA_STYLE ('',( #4527 ) ) ;
#1916 = ORIENTED_EDGE ( 'NONE', *, *, #384, .T. ) ;
#1917 = LINE ( 'NONE', #3344, #4179 ) ;
#1918 = STYLED_ITEM ( 'NONE', ( #6297 ), #2686 ) ;
#1919 = LINE ( 'NONE', #5353, #726 ) ;
#1920 = FACE_OUTER_BOUND ( 'NONE', #5033, .T. ) ;
#1921 = CARTESIAN_POINT ( 'NONE',  ( -0.03082635718513023274, 2.415000000000000036, 2.530964433362904664 ) ) ;
#1922 = LINE ( 'NONE', #7386, #2987 ) ;
#1923 = PRESENTATION_STYLE_ASSIGNMENT (( #4481 ) ) ;
#1924 = EDGE_CURVE ( 'NONE', #785, #6280, #5720, .T. ) ;
#1925 = SURFACE_STYLE_FILL_AREA ( #6596 ) ;
#1926 =( GEOMETRIC_REPRESENTATION_CONTEXT ( 3 ) GLOBAL_UNCERTAINTY_ASSIGNED_CONTEXT ( ( #365 ) ) GLOBAL_UNIT_ASSIGNED_CONTEXT ( ( #840, #4296, #301 ) ) REPRESENTATION_CONTEXT ( 'NONE', 'WORKASPACE' ) );
#1927 = ORIENTED_EDGE ( 'NONE', *, *, #4062, .F. ) ;
#1928 = VERTEX_POINT ( 'NONE', #8010 ) ;
#1929 = DIRECTION ( 'NONE',  ( 0.0000000000000000000, 0.0000000000000000000, -1.000000000000000000 ) ) ;
#1930 = EDGE_CURVE ( 'NONE', #4484, #1083, #6094, .T. ) ;
#1931 = EDGE_CURVE ( 'NONE', #7992, #2384, #5322, .T. ) ;
#1932 = SURFACE_STYLE_USAGE ( .BOTH. , #5324 ) ;
#1933 = B_SPLINE_CURVE_WITH_KNOTS ( 'NONE', 3,
 ( #4108, #1424, #2714, #2050, #3435, #8875, #741, #4146, #8185, #5442, #2671 ),
 .UNSPECIFIED., .F., .F.,
 ( 4, 1, 1, 1, 1, 1, 1, 1, 4 ),
 ( 0.0000000000000000000, 0.06791869833774133447, 0.1514723528642966666, 0.2512073818760285349, 0.3682880949147517846, 0.5001359860041706407, 0.6509403976092053012, 0.8166511496462243169, 1.000000000000000000 ),
 .UNSPECIFIED. ) ;
#1934 =( LENGTH_UNIT ( ) NAMED_UNIT ( * ) SI_UNIT ( .MILLI., .METRE. ) );
#1935 = DIRECTION ( 'NONE',  ( 0.0000000000000000000, -0.0000000000000000000, 1.000000000000000000 ) ) ;
#1936 = CARTESIAN_POINT ( 'NONE',  ( -2.472521808804407417, 2.415000000000000036, 7.420548708471447874 ) ) ;
#1937 = ORIENTED_EDGE ( 'NONE', *, *, #1323, .T. ) ;
#1938 = CARTESIAN_POINT ( 'NONE',  ( 1.855659368303477663, 2.415000000000000036, 5.772914626711330932 ) ) ;
#1939 = ORIENTED_EDGE ( 'NONE', *, *, #5518, .T. ) ;
#1940 = CARTESIAN_POINT ( 'NONE',  ( -2.777017464024317039, 2.415000000000000036, 9.652731602465268068 ) ) ;
#1941 = SURFACE_SIDE_STYLE ('',( #8113 ) ) ;
#1942 = CARTESIAN_POINT ( 'NONE',  ( -0.5176717948389196744, 2.415000000000000036, 5.788988279000236048 ) ) ;
#1943 = CARTESIAN_POINT ( 'NONE',  ( -1.811835690885439831, 2.415000000000000036, 9.716662612023716505 ) ) ;
#1944 =( LENGTH_UNIT ( ) NAMED_UNIT ( * ) SI_UNIT ( .MILLI., .METRE. ) );
#1945 = CARTESIAN_POINT ( 'NONE',  ( 1.629213038412540060, 2.415000000000000036, 7.685744084306120882 ) ) ;
#1946 = FILL_AREA_STYLE_COLOUR ( '', #1969 ) ;
#1947 = VERTEX_POINT ( 'NONE', #3948 ) ;
#1948 = CARTESIAN_POINT ( 'NONE',  ( -2.100693094316384624, 2.415000000000000036, 7.977759887996758614 ) ) ;
#1949 = VERTEX_POINT ( 'NONE', #1177 ) ;
#1950 = PRESENTATION_STYLE_ASSIGNMENT (( #2623 ) ) ;
#1951 = VECTOR ( 'NONE', #7127, 999.9999999999998863 ) ;
#1952 = PRESENTATION_STYLE_ASSIGNMENT (( #8129 ) ) ;
#1953 = CARTESIAN_POINT ( 'NONE',  ( 1.046911347318562724, 2.415000000000000036, 5.715152714682078638 ) ) ;
#1954 = CARTESIAN_POINT ( 'NONE',  ( -0.7747043470008437849, 2.415000000000000036, 1.967250642343819411 ) ) ;
#1955 = VERTEX_POINT ( 'NONE', #616 ) ;
#1956 = ORIENTED_EDGE ( 'NONE', *, *, #7394, .T. ) ;
#1957 = CARTESIAN_POINT ( 'NONE',  ( 1.130042293759694561, 2.415000000000000036, 9.886654477702217392 ) ) ;
#1958 = LINE ( 'NONE', #4573, #8784 ) ;
#1959 = FACE_BOUND ( 'NONE', #1438, .T. ) ;
#1960 = CARTESIAN_POINT ( 'NONE',  ( 0.6492730629904638340, 2.415000000000000036, 5.082047105907345319 ) ) ;
#1961 =( NAMED_UNIT ( * ) SI_UNIT ( $, .STERADIAN. ) SOLID_ANGLE_UNIT ( ) );
#1962 = CYLINDRICAL_SURFACE ( 'NONE', #3267, 0.1500000000000001055 ) ;
#1963 = VERTEX_POINT ( 'NONE', #573 ) ;
#1964 = EDGE_LOOP ( 'NONE', ( #7575, #2529, #8458, #3724, #7944, #7785, #2855, #2575, #5412, #1374, #5957, #5187 ) ) ;
#1965 = CARTESIAN_POINT ( 'NONE',  ( 1.785349773440600307, 2.415000000000000036, 5.107613553653878036 ) ) ;
#1966 =( NAMED_UNIT ( * ) PLANE_ANGLE_UNIT ( ) SI_UNIT ( $, .RADIAN. ) );
#1967 = CARTESIAN_POINT ( 'NONE',  ( 3.037293896323796982, 2.415000000000000036, 9.830765054625294042 ) ) ;
#1968 = COLOUR_RGB ( '',0.2509803921568627416, 0.2509803921568627416, 0.2509803921568627416 ) ;
#1969 = COLOUR_RGB ( '',0.2509803921568627416, 0.2509803921568627416, 0.2509803921568627416 ) ;
#1970 =( LENGTH_UNIT ( ) NAMED_UNIT ( * ) SI_UNIT ( .MILLI., .METRE. ) );
#1971 = ORIENTED_EDGE ( 'NONE', *, *, #4517, .T. ) ;
#1972 = EDGE_CURVE ( 'NONE', #8245, #1641, #8060, .T. ) ;
#1973 = CARTESIAN_POINT ( 'NONE',  ( -2.011066017177981280, 2.265000000000000124, 2.011066017177982168 ) ) ;
#1974 = EDGE_LOOP ( 'NONE', ( #614, #5490, #235, #5643, #3256, #1989, #5451, #3455 ) ) ;
#1975 = DIRECTION ( 'NONE',  ( -0.0000000000000000000, 0.0000000000000000000, -1.000000000000000000 ) ) ;
#1976 = EDGE_CURVE ( 'NONE', #3191, #394, #5825, .T. ) ;
#1977 = AXIS2_PLACEMENT_3D ( 'NONE', #4754, #1363, #8893 ) ;
#1978 = FILL_AREA_STYLE_COLOUR ( '', #2004 ) ;
#1979 = FACE_OUTER_BOUND ( 'NONE', #6657, .T. ) ;
#1980 = PRESENTATION_STYLE_ASSIGNMENT (( #4914 ) ) ;
#1981 =( NAMED_UNIT ( * ) SI_UNIT ( $, .STERADIAN. ) SOLID_ANGLE_UNIT ( ) );
#1982 = EDGE_CURVE ( 'NONE', #8417, #5556, #6052, .T. ) ;
#1983 = UNCERTAINTY_MEASURE_WITH_UNIT (LENGTH_MEASURE( 1.000000000000000082E-05 ), #6040, 'distance_accuracy_value', 'NONE');
#1984 = CARTESIAN_POINT ( 'NONE',  ( 1.001837165554566367, 2.415000000000000036, 5.538377234112473957 ) ) ;
#1985 = VERTEX_POINT ( 'NONE', #4660 ) ;
#1986 = PRESENTATION_LAYER_ASSIGNMENT (  '', '', ( #5849 ) ) ;
#1987 = VECTOR ( 'NONE', #3325, 1000.000000000000000 ) ;
#1988 = FACE_OUTER_BOUND ( 'NONE', #4734, .T. ) ;
#1989 = ORIENTED_EDGE ( 'NONE', *, *, #5983, .T. ) ;
#1990 = VECTOR ( 'NONE', #560, 1000.000000000000114 ) ;
#1991 =( LENGTH_UNIT ( ) NAMED_UNIT ( * ) SI_UNIT ( .MILLI., .METRE. ) );
#1992 = DIRECTION ( 'NONE',  ( -1.000000000000000000, 0.0000000000000000000, 0.0000000000000000000 ) ) ;
#1993 = SURFACE_STYLE_USAGE ( .BOTH. , #7417 ) ;
#1994 = CARTESIAN_POINT ( 'NONE',  ( -0.002896305553111350184, 2.415000000000000036, 2.171689796142313611 ) ) ;
#1995 = CARTESIAN_POINT ( 'NONE',  ( 1.075450070959541149, 2.415000000000000036, 5.706235161585568427 ) ) ;
#1996 = CARTESIAN_POINT ( 'NONE',  ( -0.5558551421377407875, 2.415000000000000036, 5.568024670009910082 ) ) ;
#1997 = CARTESIAN_POINT ( 'NONE',  ( 0.007438151990522751111, 2.415000000000000036, 7.503606256505380934 ) ) ;
#1998 = ORIENTED_EDGE ( 'NONE', *, *, #6847, .F. ) ;
#1999 = PRESENTATION_STYLE_ASSIGNMENT (( #606 ) ) ;
#2000 = FILL_AREA_STYLE ('',( #8136 ) ) ;
#2001 = CARTESIAN_POINT ( 'NONE',  ( 2.870026268118668344, 2.415000000000000036, 9.457968580266319591 ) ) ;
#2002 = SURFACE_STYLE_FILL_AREA ( #694 ) ;
#2003 = DIRECTION ( 'NONE',  ( 0.0000000000000000000, 1.000000000000000000, 0.0000000000000000000 ) ) ;
#2004 = COLOUR_RGB ( '',0.7529411764705882248, 0.7529411764705882248, 0.7529411764705882248 ) ;
#2005 = DIRECTION ( 'NONE',  ( -0.4512830391435770361, 0.0000000000000000000, -0.8923808708064828732 ) ) ;
#2006 = EDGE_LOOP ( 'NONE', ( #7481, #760, #5312, #8133 ) ) ;
#2007 = VERTEX_POINT ( 'NONE', #2008 ) ;
#2008 = CARTESIAN_POINT ( 'NONE',  ( -0.5360234113685103940, 2.415000000000000036, 9.561534285394525767 ) ) ;
#2009 =( GEOMETRIC_REPRESENTATION_CONTEXT ( 3 ) GLOBAL_UNCERTAINTY_ASSIGNED_CONTEXT ( ( #534 ) ) GLOBAL_UNIT_ASSIGNED_CONTEXT ( ( #4879, #4213, #7683 ) ) REPRESENTATION_CONTEXT ( 'NONE', 'WORKASPACE' ) );
#2010 = CARTESIAN_POINT ( 'NONE',  ( -2.294216338079652306, 2.415000000000000036, 9.336068132777539219 ) ) ;
#2011 = CARTESIAN_POINT ( 'NONE',  ( 3.107074033226211895, 2.415000000000000036, 9.821652007091914882 ) ) ;
#2012 = CARTESIAN_POINT ( 'NONE',  ( -2.731867965644036111, -2.410000000000000142, 0.8659999999999993259 ) ) ;
#2013 = AXIS2_PLACEMENT_3D ( 'NONE', #2844, #3529, #213 ) ;
#2014 = CARTESIAN_POINT ( 'NONE',  ( 0.2116688359766853156, 2.415000000000000036, 7.553195991008786692 ) ) ;
#2015 = EDGE_LOOP ( 'NONE', ( #3571, #1005, #4962, #8545 ) ) ;
#2016 = ORIENTED_EDGE ( 'NONE', *, *, #6317, .T. ) ;
#2017 = CARTESIAN_POINT ( 'NONE',  ( -1.260777123057781557, 2.415000000000000036, 5.056935373618277829 ) ) ;
#2018 = FILL_AREA_STYLE ('',( #6066 ) ) ;
#2019 = SURFACE_SIDE_STYLE ('',( #2654 ) ) ;
#2020 = CARTESIAN_POINT ( 'NONE',  ( 7.214999999999999858, -2.410000000000000142, 1.016000000000000902 ) ) ;
#2021 = SURFACE_STYLE_FILL_AREA ( #8402 ) ;
#2022 = ADVANCED_FACE ( 'NONE', ( #8841 ), #1042, .T. ) ;
#2023 = VECTOR ( 'NONE', #7362, 1000.000000000000000 ) ;
#2024 = CARTESIAN_POINT ( 'NONE',  ( 0.8510456018424350511, 2.415000000000000036, 5.653080174116277057 ) ) ;
#2025 = ORIENTED_EDGE ( 'NONE', *, *, #8498, .F. ) ;
#2026 = CARTESIAN_POINT ( 'NONE',  ( -2.088749230123486011, 2.415000000000000036, 7.954580298253813631 ) ) ;
#2027 = ORIENTED_EDGE ( 'NONE', *, *, #3289, .F. ) ;
#2028 = EDGE_CURVE ( 'NONE', #1821, #3401, #2643, .T. ) ;
#2029 = SURFACE_STYLE_FILL_AREA ( #766 ) ;
#2030 = FILL_AREA_STYLE_COLOUR ( '', #7195 ) ;
#2031 = B_SPLINE_CURVE_WITH_KNOTS ( 'NONE', 3,
 ( #3142, #1764, #4500, #7231, #8676, #1093, #6562, #2474, #5884, #5211, #7982 ),
 .UNSPECIFIED., .F., .F.,
 ( 4, 1, 1, 1, 1, 1, 1, 1, 4 ),
 ( 0.0000000000000000000, 0.1378062206656130440, 0.2673772014749017378, 0.3904968549838202518, 0.5100669096501192490, 0.6294591408419090151, 0.7477951423576393308, 0.8718680751696906706, 0.9999999999999998890 ),
 .UNSPECIFIED. ) ;
#2032 = AXIS2_PLACEMENT_3D ( 'NONE', #8316, #7705, #5619 ) ;
#2033 = CARTESIAN_POINT ( 'NONE',  ( -0.2820170011120998188, 2.415000000000000036, 5.822431721291962070 ) ) ;
#2034 = CARTESIAN_POINT ( 'NONE',  ( -1.905000000000000027, 0.0000000000000000000, -3.500000000000000000 ) ) ;
#2035 = PRESENTATION_STYLE_ASSIGNMENT (( #4720 ) ) ;
#2036 = CARTESIAN_POINT ( 'NONE',  ( -0.1705490304409652269, 2.415000000000000036, 5.883264611163837365 ) ) ;
#2037 = ADVANCED_FACE ( 'NONE', ( #6854, #4860, #4816 ), #4149, .T. ) ;
#2038 =( LENGTH_UNIT ( ) NAMED_UNIT ( * ) SI_UNIT ( .MILLI., .METRE. ) );
#2039 = ORIENTED_EDGE ( 'NONE', *, *, #7400, .F. ) ;
#2040 = COLOUR_RGB ( '',0.7529411764705882248, 0.7529411764705882248, 0.7529411764705882248 ) ;
#2041 = MECHANICAL_DESIGN_GEOMETRIC_PRESENTATION_REPRESENTATION (  '', ( #2738 ), #896 ) ;
#2042 = CARTESIAN_POINT ( 'NONE',  ( -0.08703434777349798590, 2.415000000000000036, 7.384414265785919973 ) ) ;
#2043 = ORIENTED_EDGE ( 'NONE', *, *, #3343, .T. ) ;
#2044 = CARTESIAN_POINT ( 'NONE',  ( -0.8675687050743123852, 2.415000000000000036, 2.343534124510616934 ) ) ;
#2045 = CARTESIAN_POINT ( 'NONE',  ( -2.402386058047450756, 2.415000000000000036, 9.958502251176268416 ) ) ;
#2046 =( GEOMETRIC_REPRESENTATION_CONTEXT ( 3 ) GLOBAL_UNCERTAINTY_ASSIGNED_CONTEXT ( ( #6669 ) ) GLOBAL_UNIT_ASSIGNED_CONTEXT ( ( #8229, #7568, #8276 ) ) REPRESENTATION_CONTEXT ( 'NONE', 'WORKASPACE' ) );
#2047 = CARTESIAN_POINT ( 'NONE',  ( 7.365000000000001990, -2.410000000000000142, 1.166000000000000814 ) ) ;
#2048 = CARTESIAN_POINT ( 'NONE',  ( -5.715000000000000746, 0.0000000000000000000, -3.500000000000000000 ) ) ;
#2049 = CARTESIAN_POINT ( 'NONE',  ( 1.796109019693454600, 2.415000000000000036, 5.339460579325683298 ) ) ;
#2050 = CARTESIAN_POINT ( 'NONE',  ( 2.330428833527529608, 2.415000000000000036, 9.656090318639897419 ) ) ;
#2051 = VERTEX_POINT ( 'NONE', #3519 ) ;
#2052 = CARTESIAN_POINT ( 'NONE',  ( -0.4162198506868974301, 2.415000000000000036, 7.146066545140638659 ) ) ;
#2053 = CARTESIAN_POINT ( 'NONE',  ( -5.996371228980001078, 2.415000000000000036, 2.171990074388546521 ) ) ;
#2054 = CARTESIAN_POINT ( 'NONE',  ( -0.09165704536964272564, 2.415000000000000036, 7.171994747964669514 ) ) ;
#2055 = VERTEX_POINT ( 'NONE', #8922 ) ;
#2056 = ORIENTED_EDGE ( 'NONE', *, *, #1048, .F. ) ;
#2057 = AXIS2_PLACEMENT_3D ( 'NONE', #6629, #7901, #3208 ) ;
#2058 = CARTESIAN_POINT ( 'NONE',  ( 3.424068052644451132, 2.415000000000000036, 9.642273354253124040 ) ) ;
#2059 = PLANE ( 'NONE',  #4287 ) ;
#2060 = UNCERTAINTY_MEASURE_WITH_UNIT (LENGTH_MEASURE( 1.000000000000000082E-05 ), #8293, 'distance_accuracy_value', 'NONE');
#2061 = FILL_AREA_STYLE ('',( #1946 ) ) ;
#2062 = ORIENTED_EDGE ( 'NONE', *, *, #507, .T. ) ;
#2063 =( NAMED_UNIT ( * ) PLANE_ANGLE_UNIT ( ) SI_UNIT ( $, .RADIAN. ) );
#2064 = ORIENTED_EDGE ( 'NONE', *, *, #4451, .T. ) ;
#2065 = B_SPLINE_CURVE_WITH_KNOTS ( 'NONE', 3,
 ( #2764, #5501, #4162, #6913, #754, #6237, #84, #1419, #6131, #2749, #6723, #6894, #651, #2045, #4810, #1295, #8319, #2634, #4065 ),
 .UNSPECIFIED., .F., .F.,
 ( 4, 1, 1, 1, 1, 1, 1, 1, 1, 1, 1, 1, 1, 1, 1, 1, 4 ),
 ( 0.0000000000000000000, 0.07102127342872120719, 0.1393161413814325011, 0.2054842218292858569, 0.2696122624458456851, 0.3325923026663334392, 0.3950354537402747668, 0.4575842021011603533, 0.5210590599662776601, 0.5836117159143707767, 0.6440498612691817337, 0.7034930385063433711, 0.7616517723655820138, 0.8198346665943008205, 0.8783401382927099599, 0.9384091365451155964, 1.000000000000000000 ),
 .UNSPECIFIED. ) ;
#2066 = ADVANCED_FACE ( 'NONE', ( #743 ), #2836, .T. ) ;
#2067 = LINE ( 'NONE', #1407, #2313 ) ;
#2068 = DIRECTION ( 'NONE',  ( 0.0000000000000000000, 1.000000000000000000, 0.0000000000000000000 ) ) ;
#2069 = CARTESIAN_POINT ( 'NONE',  ( -1.718691261945187065, 2.415000000000000036, 5.486743072257057818 ) ) ;
#2070 = LINE ( 'NONE', #6759, #3982 ) ;
#2071 = DIRECTION ( 'NONE',  ( 0.0000000000000000000, 0.0000000000000000000, 1.000000000000000000 ) ) ;
#2072 = ORIENTED_EDGE ( 'NONE', *, *, #7814, .T. ) ;
#2073 = EDGE_CURVE ( 'NONE', #1947, #7652, #175, .T. ) ;
#2074 = ADVANCED_FACE ( 'NONE', ( #8521 ), #7909, .T. ) ;
#2075 = CARTESIAN_POINT ( 'NONE',  ( -0.1853754671252979547, 2.415000000000000036, 7.332466465550945500 ) ) ;
#2076 = VERTEX_POINT ( 'NONE', #7862 ) ;
#2077 = EDGE_CURVE ( 'NONE', #5058, #3735, #4476, .T. ) ;
#2078 = LINE ( 'NONE', #2747, #6625 ) ;
#2079 = CARTESIAN_POINT ( 'NONE',  ( 1.101761712963262640, 2.415000000000000036, 5.898730439618034893 ) ) ;
#2080 = DIRECTION ( 'NONE',  ( -1.000000000000000000, 0.0000000000000000000, 0.0000000000000000000 ) ) ;
#2081 = B_SPLINE_CURVE_WITH_KNOTS ( 'NONE', 3,
 ( #595, #1237, #8780, #4556, #467, #2579, #3832, #6674, #8036, #3971, #7291, #1283, #3292, #3203, #4603 ),
 .UNSPECIFIED., .F., .F.,
 ( 4, 1, 1, 1, 1, 1, 1, 1, 1, 1, 1, 1, 4 ),
 ( 0.0000000000000000000, 0.1069075789813495325, 0.2129712669917878942, 0.3197687773320229687, 0.4290967245094233773, 0.4858706658259013822, 0.5465710498247189353, 0.6114422587143291121, 0.6802238570057392852, 0.7535897040172155892, 0.8307570496354701461, 0.9131352203072903295, 1.000000000000000000 ),
 .UNSPECIFIED. ) ;
#2082 = VECTOR ( 'NONE', #137, 1000.000000000000000 ) ;
#2083 = EDGE_CURVE ( 'NONE', #4632, #6203, #7816, .T. ) ;
#2084 = ORIENTED_EDGE ( 'NONE', *, *, #1663, .T. ) ;
#2085 = DIRECTION ( 'NONE',  ( 0.0000000000000000000, 1.000000000000000000, 0.0000000000000000000 ) ) ;
#2086 = EDGE_CURVE ( 'NONE', #324, #7300, #340, .T. ) ;
#2087 = CARTESIAN_POINT ( 'NONE',  ( 1.018967119029398960, 2.415000000000000036, 7.601016793124701465 ) ) ;
#2088 = CARTESIAN_POINT ( 'NONE',  ( -2.439465989482482389, 2.415000000000000036, 9.242845025388710667 ) ) ;
#2089 = FILL_AREA_STYLE_COLOUR ( '', #8337 ) ;
#2090 = CARTESIAN_POINT ( 'NONE',  ( -0.6984484698527866353, 2.415000000000000036, 7.301235816159262093 ) ) ;
#2091 = CARTESIAN_POINT ( 'NONE',  ( -1.617581700344036033, 2.415000000000000036, 9.658871819396082969 ) ) ;
#2092 = CARTESIAN_POINT ( 'NONE',  ( -0.3383007940210995823, 2.415000000000000036, 7.316524914640806010 ) ) ;
#2093 = DIRECTION ( 'NONE',  ( -1.423070940095821945E-16, 0.0000000000000000000, -1.000000000000000000 ) ) ;
#2094 = CARTESIAN_POINT ( 'NONE',  ( -2.292033842622144491, 2.415000000000000036, 7.427428293042616758 ) ) ;
#2095 = CIRCLE ( 'NONE', #2385, 0.4049999999999999711 ) ;
#2096 = ORIENTED_EDGE ( 'NONE', *, *, #4517, .F. ) ;
#2097 = CARTESIAN_POINT ( 'NONE',  ( -0.8892172564325945272, 2.415000000000000036, 5.451187124688191332 ) ) ;
#2098 = CARTESIAN_POINT ( 'NONE',  ( 1.361813127093027820, 2.415000000000000036, 9.984611208471447341 ) ) ;
#2099 = CARTESIAN_POINT ( 'NONE',  ( 3.262607849312843200, 2.415000000000000036, 9.923997247313565140 ) ) ;
#2100 = CARTESIAN_POINT ( 'NONE',  ( -0.4503722564264503458, 2.415000000000000036, 8.167209669741538391 ) ) ;
#2101 = LINE ( 'NONE', #3535, #2804 ) ;
#2102 = VECTOR ( 'NONE', #1483, 1000.000000000000000 ) ;
#2103 = SURFACE_SIDE_STYLE ('',( #5421 ) ) ;
#2104 = FACE_OUTER_BOUND ( 'NONE', #6135, .T. ) ;
#2105 = VERTEX_POINT ( 'NONE', #5004 ) ;
#2106 = STYLED_ITEM ( 'NONE', ( #6490 ), #5816 ) ;
#2107 = AXIS2_PLACEMENT_3D ( 'NONE', #6607, #1852, #7444 ) ;
#2108 =( NAMED_UNIT ( * ) SI_UNIT ( $, .STERADIAN. ) SOLID_ANGLE_UNIT ( ) );
#2109 =( NAMED_UNIT ( * ) PLANE_ANGLE_UNIT ( ) SI_UNIT ( $, .RADIAN. ) );
#2110 = SURFACE_STYLE_FILL_AREA ( #2324 ) ;
#2111 = CARTESIAN_POINT ( 'NONE',  ( -1.081496167778767115, 2.415000000000000036, 7.366662490522729811 ) ) ;
#2112 =( GEOMETRIC_REPRESENTATION_CONTEXT ( 3 ) GLOBAL_UNCERTAINTY_ASSIGNED_CONTEXT ( ( #1983 ) ) GLOBAL_UNIT_ASSIGNED_CONTEXT ( ( #6040, #2543, #3938 ) ) REPRESENTATION_CONTEXT ( 'NONE', 'WORKASPACE' ) );
#2113 = CARTESIAN_POINT ( 'NONE',  ( -0.4974803216701014774, 2.415000000000000036, 5.309378508878126013 ) ) ;
#2114 = COLOUR_RGB ( '',0.2509803921568627416, 0.2509803921568627416, 0.2509803921568627416 ) ;
#2115 = EDGE_CURVE ( 'NONE', #7596, #4908, #6577, .T. ) ;
#2116 = CARTESIAN_POINT ( 'NONE',  ( -1.084780260396442264, 2.415000000000000036, 2.084852139629703949 ) ) ;
#2117 = ORIENTED_EDGE ( 'NONE', *, *, #6867, .T. ) ;
#2118 = FACE_BOUND ( 'NONE', #658, .T. ) ;
#2119 = ORIENTED_EDGE ( 'NONE', *, *, #8046, .T. ) ;
#2120 = CARTESIAN_POINT ( 'NONE',  ( -2.090630589737197731, 2.415000000000000036, 7.347388396122949139 ) ) ;
#2121 = MECHANICAL_DESIGN_GEOMETRIC_PRESENTATION_REPRESENTATION (  '', ( #5560 ), #7434 ) ;
#2122 =( NAMED_UNIT ( * ) SI_UNIT ( $, .STERADIAN. ) SOLID_ANGLE_UNIT ( ) );
#2123 = AXIS2_PLACEMENT_3D ( 'NONE', #7769, #1835, #1879 ) ;
#2124 = CARTESIAN_POINT ( 'NONE',  ( -0.7455699469287200287, 2.415000000000000036, 2.325836228234699821 ) ) ;
#2125 =( NAMED_UNIT ( * ) PLANE_ANGLE_UNIT ( ) SI_UNIT ( $, .RADIAN. ) );
#2126 = FACE_OUTER_BOUND ( 'NONE', #3602, .T. ) ;
#2127 =( NAMED_UNIT ( * ) PLANE_ANGLE_UNIT ( ) SI_UNIT ( $, .RADIAN. ) );
#2128 = ADVANCED_FACE ( 'NONE', ( #7207 ), #385, .F. ) ;
#2129 = CARTESIAN_POINT ( 'NONE',  ( 0.09603917145456632165, 2.415000000000000036, 8.010383365233245456 ) ) ;
#2130 = COLOUR_RGB ( '',0.2509803921568627416, 0.2509803921568627416, 0.2509803921568627416 ) ;
#2131 = VERTEX_POINT ( 'NONE', #7426 ) ;
#2132 = FILL_AREA_STYLE ('',( #6269 ) ) ;
#2133 = LINE ( 'NONE', #1387, #5597 ) ;
#2134 = DIRECTION ( 'NONE',  ( 0.0000000000000000000, -0.0000000000000000000, 1.000000000000000000 ) ) ;
#2135 = CARTESIAN_POINT ( 'NONE',  ( 0.9505551142725150449, 2.415000000000000036, 10.26666249052273017 ) ) ;
#2136 = ADVANCED_FACE ( 'NONE', ( #3163 ), #6585, .T. ) ;
#2137 = CARTESIAN_POINT ( 'NONE',  ( -1.576494039213577336, 2.415000000000000036, 9.748034833462083881 ) ) ;
#2138 = CARTESIAN_POINT ( 'NONE',  ( 2.944000000000002171, -2.260000000000000231, 1.078132034355965274 ) ) ;
#2139 = DIRECTION ( 'NONE',  ( 0.0000000000000000000, 1.000000000000000000, 0.0000000000000000000 ) ) ;
#2140 = CARTESIAN_POINT ( 'NONE',  ( -2.167117942684515519, 2.415000000000000036, 7.576953495010195994 ) ) ;
#2141 = CARTESIAN_POINT ( 'NONE',  ( -0.3760181511105835650, 2.415000000000000036, 5.545828488143498269 ) ) ;
#2142 = EDGE_LOOP ( 'NONE', ( #6679, #1445, #7983 ) ) ;
#2143 =( NAMED_UNIT ( * ) SI_UNIT ( $, .STERADIAN. ) SOLID_ANGLE_UNIT ( ) );
#2144 = SURFACE_STYLE_USAGE ( .BOTH. , #9 ) ;
#2145 = CARTESIAN_POINT ( 'NONE',  ( -0.4791626630481612414, 2.415000000000000036, 8.158395209236797285 ) ) ;
#2146 = CARTESIAN_POINT ( 'NONE',  ( -1.315656894958496803, 2.415000000000000036, 6.101386450421889762 ) ) ;
#2147 = CARTESIAN_POINT ( 'NONE',  ( -0.3402875372272766152, 2.415000000000000036, 5.745341295615338240 ) ) ;
#2148 = VERTEX_POINT ( 'NONE', #5995 ) ;
#2149 = VERTEX_POINT ( 'NONE', #1831 ) ;
#2150 = ORIENTED_EDGE ( 'NONE', *, *, #8104, .T. ) ;
#2151 = B_SPLINE_CURVE_WITH_KNOTS ( 'NONE', 3,
 ( #204, #8519, #5087, #5002, #4422, #4376, #7812, #3745, #5814, #3018, #1073 ),
 .UNSPECIFIED., .F., .F.,
 ( 4, 1, 1, 1, 1, 1, 1, 1, 4 ),
 ( 0.0000000000000000000, 0.1659680032058094834, 0.3174339204318795127, 0.4569838129428462348, 0.5844769941495902010, 0.6998242646790737709, 0.8068152543001224641, 0.9061092305100313382, 1.000000000000000000 ),
 .UNSPECIFIED. ) ;
#2152 = CARTESIAN_POINT ( 'NONE',  ( 1.765535044983781665, 2.415000000000000036, 7.938978664952573538 ) ) ;
#2153 = PRESENTATION_STYLE_ASSIGNMENT (( #3458 ) ) ;
#2154 = AXIS2_PLACEMENT_3D ( 'NONE', #7374, #1157, #1207 ) ;
#2155 = VECTOR ( 'NONE', #171, 1000.000000000000000 ) ;
#2156 = CARTESIAN_POINT ( 'NONE',  ( -0.08123738736105685920, 2.415000000000000036, 9.234134596149200291 ) ) ;
#2157 = FILL_AREA_STYLE_COLOUR ( '', #1168 ) ;
#2158 = UNCERTAINTY_MEASURE_WITH_UNIT (LENGTH_MEASURE( 1.000000000000000082E-05 ), #8080, 'distance_accuracy_value', 'NONE');
#2159 = CARTESIAN_POINT ( 'NONE',  ( 5.715000000000000746, 0.0000000000000000000, -3.500000000000000000 ) ) ;
#2160 = VERTEX_POINT ( 'NONE', #5352 ) ;
#2161 = DIRECTION ( 'NONE',  ( 0.0000000000000000000, 0.0000000000000000000, -1.000000000000000000 ) ) ;
#2162 = ORIENTED_EDGE ( 'NONE', *, *, #1539, .T. ) ;
#2163 = ORIENTED_EDGE ( 'NONE', *, *, #6197, .T. ) ;
#2164 =( GEOMETRIC_REPRESENTATION_CONTEXT ( 3 ) GLOBAL_UNCERTAINTY_ASSIGNED_CONTEXT ( ( #4316 ) ) GLOBAL_UNIT_ASSIGNED_CONTEXT ( ( #7618, #4237, #5535 ) ) REPRESENTATION_CONTEXT ( 'NONE', 'WORKASPACE' ) );
#2165 = PRESENTATION_LAYER_ASSIGNMENT (  '', '', ( #4746 ) ) ;
#2166 = SURFACE_STYLE_FILL_AREA ( #1502 ) ;
#2167 = CARTESIAN_POINT ( 'NONE',  ( -1.805053860086460737, 2.415000000000000036, 9.394867618727857916 ) ) ;
#2168 = CARTESIAN_POINT ( 'NONE',  ( -0.7851607520960205422, 2.415000000000000036, 2.327078312711213570 ) ) ;
#2169 = SURFACE_STYLE_USAGE ( .BOTH. , #6399 ) ;
#2170 = LINE ( 'NONE', #2964, #1361 ) ;
#2171 = CARTESIAN_POINT ( 'NONE',  ( -2.102003322263884755, 2.415000000000000036, 7.898041954413360877 ) ) ;
#2172 = CARTESIAN_POINT ( 'NONE',  ( -1.003771808804408083, 2.415000000000000036, 7.161534285394524524 ) ) ;
#2173 = VECTOR ( 'NONE', #3323, 1000.000000000000000 ) ;
#2174 = CARTESIAN_POINT ( 'NONE',  ( -2.223329868240448537, 2.415000000000000036, 7.321994150013446223 ) ) ;
#2175 = VERTEX_POINT ( 'NONE', #1115 ) ;
#2176 = CARTESIAN_POINT ( 'NONE',  ( 3.167502229657130464, 2.415000000000000036, 9.790700952061193618 ) ) ;
#2177 = EDGE_CURVE ( 'NONE', #3559, #4484, #33, .T. ) ;
#2178 = SURFACE_SIDE_STYLE ('',( #5683 ) ) ;
#2179 = PLANE ( 'NONE',  #4463 ) ;
#2180 = CARTESIAN_POINT ( 'NONE',  ( 1.565939729657130686, 2.415000000000000036, 7.900716977702216148 ) ) ;
#2181 = CARTESIAN_POINT ( 'NONE',  ( 0.7964542426334765279, 2.415000000000000036, 8.067093543365469799 ) ) ;
#2182 = FILL_AREA_STYLE ('',( #2759 ) ) ;
#2183 = CARTESIAN_POINT ( 'NONE',  ( -2.944000000000000394, -2.410000000000000142, 1.078132034355963720 ) ) ;
#2184 = EDGE_CURVE ( 'NONE', #3288, #6671, #1917, .T. ) ;
#2185 = ADVANCED_FACE ( 'NONE', ( #8176 ), #5523, .T. ) ;
#2186 = CARTESIAN_POINT ( 'NONE',  ( -0.3742599685225608264, 2.415000000000000036, 5.521070661244963595 ) ) ;
#2187 = VERTEX_POINT ( 'NONE', #1212 ) ;
#2188 = PLANE ( 'NONE',  #454 ) ;
#2189 = CARTESIAN_POINT ( 'NONE',  ( 1.495049839388446822, 2.415000000000000036, 9.958502251176271969 ) ) ;
#2190 = CARTESIAN_POINT ( 'NONE',  ( -2.014989757522355429, 2.415000000000000036, 7.443585567445806461 ) ) ;
#2191 = EDGE_CURVE ( 'NONE', #3631, #8123, #5394, .T. ) ;
#2192 = DIRECTION ( 'NONE',  ( 0.0000000000000000000, 0.0000000000000000000, 1.000000000000000000 ) ) ;
#2193 = AXIS2_PLACEMENT_3D ( 'NONE', #6249, #99, #1087 ) ;
#2194 = CARTESIAN_POINT ( 'NONE',  ( -0.3046567825155575004, 2.415000000000000036, 5.799504068027387937 ) ) ;
#2195 = ORIENTED_EDGE ( 'NONE', *, *, #3043, .T. ) ;
#2196 = CARTESIAN_POINT ( 'NONE',  ( -7.214999999999999858, -2.260000000000000231, 8.460156738869662501E-16 ) ) ;
#2197 = EDGE_LOOP ( 'NONE', ( #6661, #4076, #2715 ) ) ;
#2198 = MECHANICAL_DESIGN_GEOMETRIC_PRESENTATION_REPRESENTATION (  '', ( #8254 ), #4068 ) ;
#2199 = VERTEX_POINT ( 'NONE', #4061 ) ;
#2200 = ADVANCED_FACE ( 'NONE', ( #7517 ), #4727, .T. ) ;
#2201 = SURFACE_STYLE_USAGE ( .BOTH. , #1590 ) ;
#2202 = CARTESIAN_POINT ( 'NONE',  ( 1.803069148766735852, 2.415000000000000036, 7.966285504514983629 ) ) ;
#2203 = LINE ( 'NONE', #7548, #8692 ) ;
#2204 = DIRECTION ( 'NONE',  ( -1.423070940095821945E-16, -0.0000000000000000000, -1.000000000000000000 ) ) ;
#2205 = SURFACE_STYLE_USAGE ( .BOTH. , #8412 ) ;
#2206 = DIRECTION ( 'NONE',  ( 0.0000000000000000000, 0.0000000000000000000, 1.000000000000000000 ) ) ;
#2207 = ORIENTED_EDGE ( 'NONE', *, *, #1328, .T. ) ;
#2208 = VERTEX_POINT ( 'NONE', #4899 ) ;
#2209 = CARTESIAN_POINT ( 'NONE',  ( 1.780869241629411404, 2.415000000000000036, 7.796140984478451941 ) ) ;
#2210 = CARTESIAN_POINT ( 'NONE',  ( -3.190470526753126368, 2.415000000000000036, 7.789739413599653162 ) ) ;
#2211 = CARTESIAN_POINT ( 'NONE',  ( -1.883178860086460737, 2.415000000000000036, 9.680524670009909016 ) ) ;
#2212 = CARTESIAN_POINT ( 'NONE',  ( -1.811539189801141703, 2.415000000000000036, 9.228381814002796446 ) ) ;
#2213 = DIRECTION ( 'NONE',  ( 0.0000000000000000000, 1.000000000000000000, 0.0000000000000000000 ) ) ;
#2214 = CARTESIAN_POINT ( 'NONE',  ( -2.574084308804409194, 2.415000000000000036, 9.394867618727857916 ) ) ;
#2215 = CARTESIAN_POINT ( 'NONE',  ( -1.488589909921428145, 2.415000000000000036, 6.049829467150854789 ) ) ;
#2216 = ORIENTED_EDGE ( 'NONE', *, *, #8387, .T. ) ;
#2217 = CARTESIAN_POINT ( 'NONE',  ( 1.045895546363726281, 2.415000000000000036, 7.599510098424846483 ) ) ;
#2218 =( NAMED_UNIT ( * ) PLANE_ANGLE_UNIT ( ) SI_UNIT ( $, .RADIAN. ) );
#2219 = FILL_AREA_STYLE_COLOUR ( '', #7203 ) ;
#2220 = CARTESIAN_POINT ( 'NONE',  ( 1.860998404166280373, 2.415000000000000036, 9.730277723631093778 ) ) ;
#2221 = CARTESIAN_POINT ( 'NONE',  ( 0.7846056774437770720, 2.415000000000000036, 8.052210504979436578 ) ) ;
#2222 = CARTESIAN_POINT ( 'NONE',  ( 0.4697858835032844849, 2.415000000000000036, 6.082047105907345319 ) ) ;
#2223 = VECTOR ( 'NONE', #1142, 1000.000000000000000 ) ;
#2224 = CARTESIAN_POINT ( 'NONE',  ( 1.125050089830791356, 2.415000000000000036, 9.542036908495035163 ) ) ;
#2225 = CARTESIAN_POINT ( 'NONE',  ( 2.006907982606153773, 2.415000000000000036, 5.517845154802438756 ) ) ;
#2226 = ORIENTED_EDGE ( 'NONE', *, *, #5142, .F. ) ;
#2227 = COLOUR_RGB ( '',0.2509803921568627416, 0.2509803921568627416, 0.2509803921568627416 ) ;
#2228 = CARTESIAN_POINT ( 'NONE',  ( 1.606755393783483310, 2.415000000000000036, 9.878524735873014606 ) ) ;
#2229 = CARTESIAN_POINT ( 'NONE',  ( -3.779663735124036528, 2.415000000000000036, 9.749903105415388183 ) ) ;
#2230 = CARTESIAN_POINT ( 'NONE',  ( -2.416992462247869788, 2.415000000000000036, 7.593472757596591016 ) ) ;
#2231 = EDGE_CURVE ( 'NONE', #3318, #197, #4752, .T. ) ;
#2232 = DIRECTION ( 'NONE',  ( 0.7071067811865503483, 0.0000000000000000000, 0.7071067811865445751 ) ) ;
#2233 = EDGE_LOOP ( 'NONE', ( #3827, #5574, #864, #7609, #3274, #8906, #6967, #1855, #817, #8403, #7449, #2319 ) ) ;
#2234 = UNCERTAINTY_MEASURE_WITH_UNIT (LENGTH_MEASURE( 1.000000000000000082E-05 ), #68, 'distance_accuracy_value', 'NONE');
#2235 = ADVANCED_FACE ( 'NONE', ( #732 ), #7202, .T. ) ;
#2236 = CARTESIAN_POINT ( 'NONE',  ( -0.1942153476522791855, 2.415000000000000036, 9.983768617225596387 ) ) ;
#2237 = ORIENTED_EDGE ( 'NONE', *, *, #3725, .F. ) ;
#2238 = ORIENTED_EDGE ( 'NONE', *, *, #6606, .F. ) ;
#2239 = LINE ( 'NONE', #5795, #5669 ) ;
#2240 = AXIS2_PLACEMENT_3D ( 'NONE', #5969, #4591, #8725 ) ;
#2241 = STYLED_ITEM ( 'NONE', ( #2464 ), #4447 ) ;
#2242 = DIRECTION ( 'NONE',  ( 0.0000000000000000000, 0.0000000000000000000, 1.000000000000000000 ) ) ;
#2243 = DIRECTION ( 'NONE',  ( 0.0000000000000000000, 0.0000000000000000000, 1.000000000000000000 ) ) ;
#2244 = EDGE_CURVE ( 'NONE', #3401, #4847, #6980, .T. ) ;
#2245 = CYLINDRICAL_SURFACE ( 'NONE', #1857, 0.1499999999999999667 ) ;
#2246 = CARTESIAN_POINT ( 'NONE',  ( -0.4441445528407482191, 2.415000000000000036, 5.228433977806463240 ) ) ;
#2247 = UNCERTAINTY_MEASURE_WITH_UNIT (LENGTH_MEASURE( 1.000000000000000082E-05 ), #7323, 'distance_accuracy_value', 'NONE');
#2248 = VECTOR ( 'NONE', #907, 1000.000000000000000 ) ;
#2249 =( NAMED_UNIT ( * ) PLANE_ANGLE_UNIT ( ) SI_UNIT ( $, .RADIAN. ) );
#2250 = VERTEX_POINT ( 'NONE', #456 ) ;
#2251 = COLOUR_RGB ( '',0.2509803921568627416, 0.2509803921568627416, 0.2509803921568627416 ) ;
#2252 = LINE ( 'NONE', #3608, #7637 ) ;
#2253 =( GEOMETRIC_REPRESENTATION_CONTEXT ( 3 ) GLOBAL_UNCERTAINTY_ASSIGNED_CONTEXT ( ( #3326 ) ) GLOBAL_UNIT_ASSIGNED_CONTEXT ( ( #6582, #2631, #7957 ) ) REPRESENTATION_CONTEXT ( 'NONE', 'WORKASPACE' ) );
#2254 = SURFACE_STYLE_FILL_AREA ( #1646 ) ;
#2255 = PRESENTATION_LAYER_ASSIGNMENT (  '', '', ( #1134 ) ) ;
#2256 = CARTESIAN_POINT ( 'NONE',  ( 3.048517717866896515, 2.415000000000000036, 9.382211048671814879 ) ) ;
#2257 = CARTESIAN_POINT ( 'NONE',  ( -2.022612987171471755, 2.415000000000000036, 9.325647605490965830 ) ) ;
#2258 = DIRECTION ( 'NONE',  ( 0.7071067811865459074, 0.0000000000000000000, -0.7071067811865492381 ) ) ;
#2259 = CARTESIAN_POINT ( 'NONE',  ( 1.905000000000000027, 0.0000000000000000000, -3.299999999999999822 ) ) ;
#2260 = CARTESIAN_POINT ( 'NONE',  ( -1.738812004695632796, 2.415000000000000036, 9.976613102634104280 ) ) ;
#2261 = VERTEX_POINT ( 'NONE', #1811 ) ;
#2262 = PRESENTATION_LAYER_ASSIGNMENT (  '', '', ( #3389 ) ) ;
#2263 = STYLED_ITEM ( 'NONE', ( #2999 ), #8169 ) ;
#2264 = CIRCLE ( 'NONE', #2701, 0.1500000000000000777 ) ;
#2265 = CARTESIAN_POINT ( 'NONE',  ( 3.026235393730142498, 2.415000000000000036, 9.830388080266846629 ) ) ;
#2266 =( LENGTH_UNIT ( ) NAMED_UNIT ( * ) SI_UNIT ( .MILLI., .METRE. ) );
#2267 = SURFACE_STYLE_USAGE ( .BOTH. , #6950 ) ;
#2268 = CARTESIAN_POINT ( 'NONE',  ( 1.925915691195591917, 2.415000000000000036, 9.909290695650936343 ) ) ;
#2269 = AXIS2_PLACEMENT_3D ( 'NONE', #6655, #6176, #8232 ) ;
#2270 = CARTESIAN_POINT ( 'NONE',  ( 4.826000000000001400, 2.265000000000000124, 1.016000000000000902 ) ) ;
#2271 = DIRECTION ( 'NONE',  ( -1.000000000000000000, 0.0000000000000000000, 0.0000000000000000000 ) ) ;
#2272 = CARTESIAN_POINT ( 'NONE',  ( -0.5973214882915862667, 2.415000000000000036, 7.862255439240678712 ) ) ;
#2273 = VERTEX_POINT ( 'NONE', #8022 ) ;
#2274 = MECHANICAL_DESIGN_GEOMETRIC_PRESENTATION_REPRESENTATION (  '', ( #4012 ), #8193 ) ;
#2275 = CARTESIAN_POINT ( 'NONE',  ( 1.138951488433726844, 2.415000000000000036, 9.313011506706818210 ) ) ;
#2276 = FACE_OUTER_BOUND ( 'NONE', #8672, .T. ) ;
#2277 = VECTOR ( 'NONE', #300, 1000.000000000000000 ) ;
#2278 = CARTESIAN_POINT ( 'NONE',  ( -0.7289320652146631385, 2.415000000000000036, 7.988056721291960649 ) ) ;
#2279 = CARTESIAN_POINT ( 'NONE',  ( -3.780214116496718013, 2.415000000000000036, 9.720188131548370691 ) ) ;
#2280 = SURFACE_STYLE_USAGE ( .BOTH. , #4092 ) ;
#2281 = DIRECTION ( 'NONE',  ( -0.7071067811865446862, -1.226634733346694814E-14, 0.7071067811865504593 ) ) ;
#2282 = ORIENTED_EDGE ( 'NONE', *, *, #4661, .F. ) ;
#2283 =( NAMED_UNIT ( * ) SI_UNIT ( $, .STERADIAN. ) SOLID_ANGLE_UNIT ( ) );
#2284 = ORIENTED_EDGE ( 'NONE', *, *, #8781, .T. ) ;
#2285 = ORIENTED_EDGE ( 'NONE', *, *, #3406, .F. ) ;
#2286 = CARTESIAN_POINT ( 'NONE',  ( 1.765859601452002492, 2.415000000000000036, 8.143705759753499862 ) ) ;
#2287 = FACE_BOUND ( 'NONE', #3233, .T. ) ;
#2288 =( LENGTH_UNIT ( ) NAMED_UNIT ( * ) SI_UNIT ( .MILLI., .METRE. ) );
#2289 = CARTESIAN_POINT ( 'NONE',  ( -3.190470526753126368, 2.415000000000000036, 7.982047105907344786 ) ) ;
#2290 = EDGE_CURVE ( 'NONE', #3002, #4941, #2252, .T. ) ;
#2291 = DIRECTION ( 'NONE',  ( 1.000000000000000000, -0.0000000000000000000, 2.716326130063896955E-16 ) ) ;
#2292 = EDGE_LOOP ( 'NONE', ( #7020, #2336, #8109, #1448 ) ) ;
#2293 = CARTESIAN_POINT ( 'NONE',  ( -0.2986436036762016855, 2.415000000000000036, 7.315380439240679600 ) ) ;
#2294 = ORIENTED_EDGE ( 'NONE', *, *, #4330, .F. ) ;
#2295 = EDGE_CURVE ( 'NONE', #2641, #3977, #7333, .T. ) ;
#2296 = ORIENTED_EDGE ( 'NONE', *, *, #5362, .T. ) ;
#2297 = EDGE_CURVE ( 'NONE', #1819, #2652, #6339, .T. ) ;
#2298 = MECHANICAL_DESIGN_GEOMETRIC_PRESENTATION_REPRESENTATION (  '', ( #1035 ), #1889 ) ;
#2299 = ADVANCED_FACE ( 'NONE', ( #1095 ), #6394, .T. ) ;
#2300 = CARTESIAN_POINT ( 'NONE',  ( -2.366829679153291011, 2.415000000000000036, 7.652263312190465072 ) ) ;
#2301 = CARTESIAN_POINT ( 'NONE',  ( -3.471119565214666469, 2.415000000000000036, 9.817944541804781267 ) ) ;
#2302 = CARTESIAN_POINT ( 'NONE',  ( -0.2494244499261157877, 2.415000000000000036, 2.109443332350606770 ) ) ;
#2303 = CARTESIAN_POINT ( 'NONE',  ( 8.540063132923556566, 2.265000000000000124, 8.540063132923515710 ) ) ;
#2304 = FACE_BOUND ( 'NONE', #4018, .T. ) ;
#2305 = CARTESIAN_POINT ( 'NONE',  ( -2.443927681346575564, 2.415000000000000036, 9.440896566974995352 ) ) ;
#2306 = EDGE_LOOP ( 'NONE', ( #8518, #4542, #1750, #5046 ) ) ;
#2307 = COLOUR_RGB ( '',0.8274509803921568096, 0.8392156862745098200, 0.8274509803921568096 ) ;
#2308 = VECTOR ( 'NONE', #8227, 1000.000000000000000 ) ;
#2309 = ORIENTED_EDGE ( 'NONE', *, *, #5983, .F. ) ;
#2310 = FILL_AREA_STYLE_COLOUR ( '', #2736 ) ;
#2311 = FILL_AREA_STYLE_COLOUR ( '', #7858 ) ;
#2312 = CARTESIAN_POINT ( 'NONE',  ( 1.281357825654976468, 2.415000000000000036, 9.814745112095241808 ) ) ;
#2313 = VECTOR ( 'NONE', #4132, 1000.000000000000000 ) ;
#2314 = CARTESIAN_POINT ( 'NONE',  ( 2.059529473246874520, 2.415000000000000036, 5.684611208471448407 ) ) ;
#2315 = DIRECTION ( 'NONE',  ( 0.0000000000000000000, 0.0000000000000000000, 1.000000000000000000 ) ) ;
#2316 = DIRECTION ( 'NONE',  ( 1.000000000000000000, -0.0000000000000000000, -0.0000000000000000000 ) ) ;
#2317 = CARTESIAN_POINT ( 'NONE',  ( -0.1074043036453832117, 2.415000000000000036, 7.952281074421827967 ) ) ;
#2318 = CARTESIAN_POINT ( 'NONE',  ( -0.1526932269299035305, 2.415000000000000036, 5.268863963825594077 ) ) ;
#2319 = ORIENTED_EDGE ( 'NONE', *, *, #4446, .F. ) ;
#2320 = VECTOR ( 'NONE', #6711, 1000.000000000000000 ) ;
#2321 = CARTESIAN_POINT ( 'NONE',  ( -2.277977066471573941, 2.415000000000000036, 7.949637001126172997 ) ) ;
#2322 = CARTESIAN_POINT ( 'NONE',  ( 1.905000000000000027, 0.0000000000000000000, -3.500000000000000000 ) ) ;
#2323 = CARTESIAN_POINT ( 'NONE',  ( -1.882494962825989049, 2.415000000000000036, 9.447515334184966918 ) ) ;
#2324 = FILL_AREA_STYLE ('',( #6880 ) ) ;
#2325 = AXIS2_PLACEMENT_3D ( 'NONE', #2566, #8810, #6065 ) ;
#2326 = DIRECTION ( 'NONE',  ( -0.9029272678110971118, 0.0000000000000000000, -0.4297933794780781636 ) ) ;
#2327 = ORIENTED_EDGE ( 'NONE', *, *, #6476, .T. ) ;
#2328 = CARTESIAN_POINT ( 'NONE',  ( 3.810000000000001830, 2.265000000000000124, 0.2121320343559651989 ) ) ;
#2329 = ORIENTED_EDGE ( 'NONE', *, *, #3853, .T. ) ;
#2330 = LINE ( 'NONE', #316, #6446 ) ;
#2331 = DIRECTION ( 'NONE',  ( -0.7071067811865446862, -0.0000000000000000000, 0.7071067811865504593 ) ) ;
#2332 = LINE ( 'NONE', #5750, #3180 ) ;
#2333 = CARTESIAN_POINT ( 'NONE',  ( -3.306401201011170077, 2.415000000000000036, 9.582637202397888743 ) ) ;
#2334 = UNCERTAINTY_MEASURE_WITH_UNIT (LENGTH_MEASURE( 1.000000000000000082E-05 ), #1275, 'distance_accuracy_value', 'NONE');
#2335 = CARTESIAN_POINT ( 'NONE',  ( -0.5973214882915862667, 2.415000000000000036, 7.460813131548370336 ) ) ;
#2336 = ORIENTED_EDGE ( 'NONE', *, *, #6415, .F. ) ;
#2337 = DIRECTION ( 'NONE',  ( 0.3962837852672972394, 0.0000000000000000000, -0.9181280746901396839 ) ) ;
#2338 = ORIENTED_EDGE ( 'NONE', *, *, #703, .F. ) ;
#2339 = ADVANCED_FACE ( 'NONE', ( #3819 ), #5417, .T. ) ;
#2340 = ORIENTED_EDGE ( 'NONE', *, *, #6314, .F. ) ;
#2341 = CARTESIAN_POINT ( 'NONE',  ( -3.605358841402531933, 2.415000000000000036, 9.974461208657762867 ) ) ;
#2342 =( LENGTH_UNIT ( ) NAMED_UNIT ( * ) SI_UNIT ( .MILLI., .METRE. ) );
#2343 = CARTESIAN_POINT ( 'NONE',  ( 2.966357869364067756, 2.415000000000000036, 9.233385325827658363 ) ) ;
#2344 =( NAMED_UNIT ( * ) PLANE_ANGLE_UNIT ( ) SI_UNIT ( $, .RADIAN. ) );
#2345 = ADVANCED_FACE ( 'NONE', ( #498 ), #2481, .T. ) ;
#2346 = SURFACE_STYLE_USAGE ( .BOTH. , #7028 ) ;
#2347 =( NAMED_UNIT ( * ) SI_UNIT ( $, .STERADIAN. ) SOLID_ANGLE_UNIT ( ) );
#2348 = EDGE_CURVE ( 'NONE', #8505, #7228, #6926, .T. ) ;
#2349 = CARTESIAN_POINT ( 'NONE',  ( -0.2321102171140883019, 2.415000000000000036, 8.183198408072072993 ) ) ;
#2350 = VERTEX_POINT ( 'NONE', #8247 ) ;
#2351 = CARTESIAN_POINT ( 'NONE',  ( -1.651808667778766671, 2.415000000000000036, 5.922992618727858094 ) ) ;
#2352 = ORIENTED_EDGE ( 'NONE', *, *, #6141, .F. ) ;
#2353 = ADVANCED_FACE ( 'NONE', ( #4634 ), #2611, .T. ) ;
#2354 = CARTESIAN_POINT ( 'NONE',  ( -1.798933982822017219, 2.265000000000000124, -1.798933982822017663 ) ) ;
#2355 = CARTESIAN_POINT ( 'NONE',  ( -2.053466848215583784, 2.415000000000000036, 9.518062687057099680 ) ) ;
#2356 = PRESENTATION_STYLE_ASSIGNMENT (( #4429 ) ) ;
#2357 = PRESENTATION_STYLE_ASSIGNMENT (( #8563 ) ) ;
#2358 = DIRECTION ( 'NONE',  ( -0.7071067811865389130, 0.0000000000000000000, -0.7071067811865562325 ) ) ;
#2359 = EDGE_CURVE ( 'NONE', #90, #7358, #2518, .T. ) ;
#2360 = PRESENTATION_STYLE_ASSIGNMENT (( #6368 ) ) ;
#2361 = CARTESIAN_POINT ( 'NONE',  ( -0.6510186648774379803, 2.415000000000000036, 2.338656741055212596 ) ) ;
#2362 = EDGE_CURVE ( 'NONE', #2806, #6205, #798, .T. ) ;
#2363 =( LENGTH_UNIT ( ) NAMED_UNIT ( * ) SI_UNIT ( .MILLI., .METRE. ) );
#2364 = VERTEX_POINT ( 'NONE', #5552 ) ;
#2365 =( LENGTH_UNIT ( ) NAMED_UNIT ( * ) SI_UNIT ( .MILLI., .METRE. ) );
#2366 = SURFACE_SIDE_STYLE ('',( #6602 ) ) ;
#2367 = PLANE ( 'NONE',  #6395 ) ;
#2368 =( GEOMETRIC_REPRESENTATION_CONTEXT ( 3 ) GLOBAL_UNCERTAINTY_ASSIGNED_CONTEXT ( ( #5461 ) ) GLOBAL_UNIT_ASSIGNED_CONTEXT ( ( #6551, #3225, #4582 ) ) REPRESENTATION_CONTEXT ( 'NONE', 'WORKASPACE' ) );
#2369 = CARTESIAN_POINT ( 'NONE',  ( 3.810000000000001830, -2.260000000000000231, 0.2121320343559651433 ) ) ;
#2370 = CARTESIAN_POINT ( 'NONE',  ( 1.757803388907274389, 2.415000000000000036, 5.617867448881614045 ) ) ;
#2371 = CARTESIAN_POINT ( 'NONE',  ( -1.413898425348039112, 2.415000000000000036, 5.875745134037676287 ) ) ;
#2372 = ORIENTED_EDGE ( 'NONE', *, *, #342, .F. ) ;
#2373 = CARTESIAN_POINT ( 'NONE',  ( 1.675842654716936941, 2.415000000000000036, 5.793412386129471514 ) ) ;
#2374 = STYLED_ITEM ( 'NONE', ( #8618 ), #3717 ) ;
#2375 = CARTESIAN_POINT ( 'NONE',  ( -1.446616166334372844, 2.415000000000000036, 5.318846367452612078 ) ) ;
#2376 = ORIENTED_EDGE ( 'NONE', *, *, #2413, .T. ) ;
#2377 = CARTESIAN_POINT ( 'NONE',  ( 1.958566912758555878, 2.415000000000000036, 8.161535816954121003 ) ) ;
#2378 = CARTESIAN_POINT ( 'NONE',  ( -3.305855142137743563, 2.415000000000000036, 9.971790695650936343 ) ) ;
#2379 = DIRECTION ( 'NONE',  ( 0.0000000000000000000, 1.000000000000000000, 0.0000000000000000000 ) ) ;
#2380 = DIRECTION ( 'NONE',  ( 1.000000000000000000, 0.0000000000000000000, 0.0000000000000000000 ) ) ;
#2381 = AXIS2_PLACEMENT_3D ( 'NONE', #8429, #4912, #251 ) ;
#2382 =( NAMED_UNIT ( * ) PLANE_ANGLE_UNIT ( ) SI_UNIT ( $, .RADIAN. ) );
#2383 = ORIENTED_EDGE ( 'NONE', *, *, #4711, .F. ) ;
#2384 = VERTEX_POINT ( 'NONE', #4302 ) ;
#2385 = AXIS2_PLACEMENT_3D ( 'NONE', #7236, #5839, #2903 ) ;
#2386 = ORIENTED_EDGE ( 'NONE', *, *, #4619, .T. ) ;
#2387 = CARTESIAN_POINT ( 'NONE',  ( -3.708615561296379592, 2.415000000000000036, 9.915305010904564398 ) ) ;
#2388 = CARTESIAN_POINT ( 'NONE',  ( -3.511901683829489418, 2.415000000000000036, 9.812779667896158742 ) ) ;
#2389 = SURFACE_SIDE_STYLE ('',( #3057 ) ) ;
#2390 = MECHANICAL_DESIGN_GEOMETRIC_PRESENTATION_REPRESENTATION (  '', ( #4822 ), #816 ) ;
#2391 = AXIS2_PLACEMENT_3D ( 'NONE', #6604, #1847, #3911 ) ;
#2392 = CARTESIAN_POINT ( 'NONE',  ( 2.944000000000002171, -2.410000000000000142, 1.078132034355965274 ) ) ;
#2393 = CARTESIAN_POINT ( 'NONE',  ( 1.666878478835508215, 2.415000000000000036, 9.424482526133369120 ) ) ;
#2394 = ORIENTED_EDGE ( 'NONE', *, *, #7348, .F. ) ;
#2395 = CARTESIAN_POINT ( 'NONE',  ( -1.512256991576234721, 2.415000000000000036, 6.036826324012886325 ) ) ;
#2396 = EDGE_LOOP ( 'NONE', ( #7907, #6050, #5414, #4526, #908, #1242, #2847, #4375, #3507 ) ) ;
#2397 = CARTESIAN_POINT ( 'NONE',  ( 2.893401444940950640, 2.415000000000000036, 9.776752511170867521 ) ) ;
#2398 = AXIS2_PLACEMENT_3D ( 'NONE', #5210, #8674, #6609 ) ;
#2399 = FACE_BOUND ( 'NONE', #5137, .T. ) ;
#2400 = CARTESIAN_POINT ( 'NONE',  ( 1.862875008539985444, 2.415000000000000036, 5.840945121497441050 ) ) ;
#2401 = STYLED_ITEM ( 'NONE', ( #4824 ), #6201 ) ;
#2402 = DIRECTION ( 'NONE',  ( 0.0000000000000000000, -0.0000000000000000000, 1.000000000000000000 ) ) ;
#2403 = CARTESIAN_POINT ( 'NONE',  ( 1.748014608307928208, 2.415000000000000036, 7.569568662620766553 ) ) ;
#2404 = CARTESIAN_POINT ( 'NONE',  ( -3.916066017177982417, -2.260000000000000231, 0.1060660171779822525 ) ) ;
#2405 = EDGE_CURVE ( 'NONE', #2834, #1955, #7041, .T. ) ;
#2406 = VECTOR ( 'NONE', #8134, 1000.000000000000000 ) ;
#2407 = CARTESIAN_POINT ( 'NONE',  ( -1.804620286972444809, 2.415000000000000036, 9.817531507466007668 ) ) ;
#2408 = CARTESIAN_POINT ( 'NONE',  ( -7.364999999999998437, -2.410000000000000142, 12.03999999999999915 ) ) ;
#2409 =( GEOMETRIC_REPRESENTATION_CONTEXT ( 3 ) GLOBAL_UNCERTAINTY_ASSIGNED_CONTEXT ( ( #3496 ) ) GLOBAL_UNIT_ASSIGNED_CONTEXT ( ( #3763, #6509, #2465 ) ) REPRESENTATION_CONTEXT ( 'NONE', 'WORKASPACE' ) );
#2410 = STYLED_ITEM ( 'NONE', ( #153 ), #6755 ) ;
#2411 = CARTESIAN_POINT ( 'NONE',  ( 1.905000000000000027, 0.0000000000000000000, -3.299999999999999822 ) ) ;
#2412 = ORIENTED_EDGE ( 'NONE', *, *, #5150, .T. ) ;
#2413 = EDGE_CURVE ( 'NONE', #4036, #7098, #3584, .T. ) ;
#2414 = CARTESIAN_POINT ( 'NONE',  ( -2.187344303922901023, 2.415000000000000036, 8.006735071031332751 ) ) ;
#2415 = CARTESIAN_POINT ( 'NONE',  ( -1.805053860086460737, 2.415000000000000036, 9.394867618727857916 ) ) ;
#2416 = COLOUR_RGB ( '',0.2509803921568627416, 0.2509803921568627416, 0.2509803921568627416 ) ;
#2417 = CARTESIAN_POINT ( 'NONE',  ( -2.652008988291587599, 2.415000000000000036, 7.161534285394524524 ) ) ;
#2418 = CARTESIAN_POINT ( 'NONE',  ( 1.703305900038854404, 2.415000000000000036, 5.580989150840510504 ) ) ;
#2419 = CARTESIAN_POINT ( 'NONE',  ( -3.780214116496718013, 2.415000000000000036, 9.720188131548370691 ) ) ;
#2420 = CARTESIAN_POINT ( 'NONE',  ( -0.1191837014364938857, 2.415000000000000036, 5.085225063696217518 ) ) ;
#2421 = VERTEX_POINT ( 'NONE', #1626 ) ;
#2422 = UNCERTAINTY_MEASURE_WITH_UNIT (LENGTH_MEASURE( 1.000000000000000082E-05 ), #1970, 'distance_accuracy_value', 'NONE');
#2423 = LINE ( 'NONE', #7277, #3542 ) ;
#2424 = B_SPLINE_CURVE_WITH_KNOTS ( 'NONE', 3,
 ( #1576, #4157, #2094, #2762, #7675, #4348, #1520, #8389, #4298, #6907, #7037, #7723, #3486, #2140, #5639 ),
 .UNSPECIFIED., .F., .F.,
 ( 4, 1, 1, 1, 1, 1, 1, 1, 1, 1, 1, 1, 4 ),
 ( 0.0000000000000000000, 0.07633808885964649127, 0.1550735193419842395, 0.2383249699275636346, 0.3278912127025832013, 0.3788652448457358046, 0.4396801623837612860, 0.5098861007471424678, 0.5889205115746199981, 0.6774723407341093351, 0.7755717604100100804, 0.8826489652771022376, 1.000000000000000000 ),
 .UNSPECIFIED. ) ;
#2425 = DIRECTION ( 'NONE',  ( 0.7071067811865481278, 0.0000000000000000000, -0.7071067811865466846 ) ) ;
#2426 = VERTEX_POINT ( 'NONE', #182 ) ;
#2427 = VECTOR ( 'NONE', #924, 1000.000000000000000 ) ;
#2428 = SURFACE_SIDE_STYLE ('',( #8631 ) ) ;
#2429 = LINE ( 'NONE', #5214, #6104 ) ;
#2430 = B_SPLINE_CURVE_WITH_KNOTS ( 'NONE', 3,
 ( #6836, #8264, #7552, #2156, #4890, #7647, #1496, #4222, #4136, #6882, #727, #3462, #6212, #2777, #4509, #4982, #2904, #6568, #3091 ),
 .UNSPECIFIED., .F., .F.,
 ( 4, 1, 1, 1, 1, 1, 1, 1, 1, 1, 1, 1, 1, 1, 1, 1, 4 ),
 ( 0.0000000000000000000, 0.06897055422588860285, 0.1350748552500023736, 0.1988690541480264418, 0.2611837068468422229, 0.3221253256245189545, 0.3830044665471980525, 0.4443004452987852071, 0.5063459889551673587, 0.5681665311004818752, 0.6289232869698963002, 0.6890560064643441729, 0.7487806366016986903, 0.8090843570037238308, 0.8709220967906540212, 0.9343723606941118920, 1.000000000000000000 ),
 .UNSPECIFIED. ) ;
#2431 = DIRECTION ( 'NONE',  ( 1.000000000000000000, 0.0000000000000000000, 0.0000000000000000000 ) ) ;
#2432 = COLOUR_RGB ( '',0.2509803921568627416, 0.2509803921568627416, 0.2509803921568627416 ) ;
#2433 = AXIS2_PLACEMENT_3D ( 'NONE', #6275, #7672, #4154 ) ;
#2434 =( NAMED_UNIT ( * ) PLANE_ANGLE_UNIT ( ) SI_UNIT ( $, .RADIAN. ) );
#2435 = UNCERTAINTY_MEASURE_WITH_UNIT (LENGTH_MEASURE( 1.000000000000000082E-05 ), #1586, 'distance_accuracy_value', 'NONE');
#2436 = DIRECTION ( 'NONE',  ( -1.000000000000000000, 0.0000000000000000000, 0.0000000000000000000 ) ) ;
#2437 = ORIENTED_EDGE ( 'NONE', *, *, #4881, .F. ) ;
#2438 = ORIENTED_EDGE ( 'NONE', *, *, #4049, .F. ) ;
#2439 = FACE_OUTER_BOUND ( 'NONE', #1062, .T. ) ;
#2440 = DIRECTION ( 'NONE',  ( 0.0000000000000000000, 0.0000000000000000000, -1.000000000000000000 ) ) ;
#2441 = CARTESIAN_POINT ( 'NONE',  ( -0.07658425157530722449, 2.415000000000000036, 9.978354436814139916 ) ) ;
#2442 = PRESENTATION_STYLE_ASSIGNMENT (( #2583 ) ) ;
#2443 = CARTESIAN_POINT ( 'NONE',  ( -7.214999999999999858, -2.260000000000000231, 1.166000000000000814 ) ) ;
#2444 = CARTESIAN_POINT ( 'NONE',  ( -1.651808667778766671, 2.415000000000000036, 5.922992618727858094 ) ) ;
#2445 = FACE_BOUND ( 'NONE', #3143, .T. ) ;
#2446 = FILL_AREA_STYLE_COLOUR ( '', #2114 ) ;
#2447 = ORIENTED_EDGE ( 'NONE', *, *, #2086, .T. ) ;
#2448 = VERTEX_POINT ( 'NONE', #2891 ) ;
#2449 = CARTESIAN_POINT ( 'NONE',  ( 4.826000000000001400, -2.260000000000000231, 1.166000000000000814 ) ) ;
#2450 = CARTESIAN_POINT ( 'NONE',  ( -2.097673808368027970, 2.415000000000000036, 7.142751735766593946 ) ) ;
#2451 = LINE ( 'NONE', #7464, #522 ) ;
#2452 =( NAMED_UNIT ( * ) PLANE_ANGLE_UNIT ( ) SI_UNIT ( $, .RADIAN. ) );
#2453 = DIRECTION ( 'NONE',  ( -1.000000000000000000, 0.0000000000000000000, 0.0000000000000000000 ) ) ;
#2454 = CARTESIAN_POINT ( 'NONE',  ( -0.8882840862132748150, 2.415000000000000036, 5.718922486745069200 ) ) ;
#2455 = MECHANICAL_DESIGN_GEOMETRIC_PRESENTATION_REPRESENTATION (  '', ( #1459 ), #879 ) ;
#2456 = COLOUR_RGB ( '',0.2509803921568627416, 0.2509803921568627416, 0.2509803921568627416 ) ;
#2457 = CARTESIAN_POINT ( 'NONE',  ( 7.365000000000000213, -2.410000000000000142, 1.166000000000000814 ) ) ;
#2458 = DIRECTION ( 'NONE',  ( -1.000000000000000000, 0.0000000000000000000, -0.0000000000000000000 ) ) ;
#2459 = VERTEX_POINT ( 'NONE', #8292 ) ;
#2460 = EDGE_LOOP ( 'NONE', ( #7884, #3703, #3425 ) ) ;
#2461 = EDGE_CURVE ( 'NONE', #895, #7640, #3685, .T. ) ;
#2462 = COLOUR_RGB ( '',0.7529411764705882248, 0.7529411764705882248, 0.7529411764705882248 ) ;
#2463 = FILL_AREA_STYLE_COLOUR ( '', #8815 ) ;
#2464 = PRESENTATION_STYLE_ASSIGNMENT (( #6553 ) ) ;
#2465 =( NAMED_UNIT ( * ) SI_UNIT ( $, .STERADIAN. ) SOLID_ANGLE_UNIT ( ) );
#2466 = DIRECTION ( 'NONE',  ( -1.000000000000000000, 0.0000000000000000000, 0.0000000000000000000 ) ) ;
#2467 = CARTESIAN_POINT ( 'NONE',  ( 0.9777626488149609996, 2.415000000000000036, 6.053642250258495672 ) ) ;
#2468 =( NAMED_UNIT ( * ) PLANE_ANGLE_UNIT ( ) SI_UNIT ( $, .RADIAN. ) );
#2469 = ORIENTED_EDGE ( 'NONE', *, *, #2890, .T. ) ;
#2470 = EDGE_CURVE ( 'NONE', #4257, #5617, #948, .T. ) ;
#2471 = EDGE_CURVE ( 'NONE', #195, #186, #2065, .T. ) ;
#2472 = VECTOR ( 'NONE', #2858, 1000.000000000000000 ) ;
#2473 = CARTESIAN_POINT ( 'NONE',  ( -0.4773856328387588999, 2.415000000000000036, 9.820494903314187951 ) ) ;
#2474 = CARTESIAN_POINT ( 'NONE',  ( 0.9385006186248967541, 2.415000000000000036, 7.947302646997571607 ) ) ;
#2475 = ORIENTED_EDGE ( 'NONE', *, *, #7986, .F. ) ;
#2476 = ADVANCED_FACE ( 'NONE', ( #1959, #8138 ), #8181, .T. ) ;
#2477 = CARTESIAN_POINT ( 'NONE',  ( 1.849020898034403615, 2.415000000000000036, 7.768056587752966813 ) ) ;
#2478 = CARTESIAN_POINT ( 'NONE',  ( -0.3382731925246523219, 2.415000000000000036, 6.013692047179335809 ) ) ;
#2479 =( LENGTH_UNIT ( ) NAMED_UNIT ( * ) SI_UNIT ( .MILLI., .METRE. ) );
#2480 = FACE_OUTER_BOUND ( 'NONE', #3453, .T. ) ;
#2481 = TOROIDAL_SURFACE ( 'NONE', #2325, 0.2999999999999999889, 0.1499999999999999944 ) ;
#2482 = CARTESIAN_POINT ( 'NONE',  ( 1.507154129438210033, 2.415000000000000036, 7.512835851590193847 ) ) ;
#2483 = PRESENTATION_LAYER_ASSIGNMENT (  '', '', ( #589 ) ) ;
#2484 = DIRECTION ( 'NONE',  ( 0.0000000000000000000, 0.0000000000000000000, -1.000000000000000000 ) ) ;
#2485 = DIRECTION ( 'NONE',  ( 0.0000000000000000000, 1.000000000000000000, 0.0000000000000000000 ) ) ;
#2486 = ORIENTED_EDGE ( 'NONE', *, *, #5469, .T. ) ;
#2487 =( GEOMETRIC_REPRESENTATION_CONTEXT ( 3 ) GLOBAL_UNCERTAINTY_ASSIGNED_CONTEXT ( ( #8121 ) ) GLOBAL_UNIT_ASSIGNED_CONTEXT ( ( #2537, #6675, #4467 ) ) REPRESENTATION_CONTEXT ( 'NONE', 'WORKASPACE' ) );
#2488 = PRESENTATION_STYLE_ASSIGNMENT (( #6028 ) ) ;
#2489 = VERTEX_POINT ( 'NONE', #3473 ) ;
#2490 = ADVANCED_FACE ( 'NONE', ( #2666 ), #4023, .T. ) ;
#2491 = CARTESIAN_POINT ( 'NONE',  ( 1.524280443520579231, 2.415000000000000036, 9.563557906116852081 ) ) ;
#2492 = CARTESIAN_POINT ( 'NONE',  ( 2.130042293759694783, 2.415000000000000036, 7.161534285394524524 ) ) ;
#2493 = CARTESIAN_POINT ( 'NONE',  ( -0.5360234113685103940, 2.415000000000000036, 9.561534285394525767 ) ) ;
#2494 = AXIS2_PLACEMENT_3D ( 'NONE', #2012, #7673, #1474 ) ;
#2495 = LINE ( 'NONE', #8042, #487 ) ;
#2496 = LINE ( 'NONE', #333, #6268 ) ;
#2497 = EDGE_LOOP ( 'NONE', ( #64, #3264, #8848, #5919 ) ) ;
#2498 = CARTESIAN_POINT ( 'NONE',  ( 0.0000000000000000000, 2.415000000000000036, 0.0000000000000000000 ) ) ;
#2499 = ORIENTED_EDGE ( 'NONE', *, *, #104, .T. ) ;
#2500 = FILL_AREA_STYLE_COLOUR ( '', #5323 ) ;
#2501 = DIRECTION ( 'NONE',  ( -0.7071067811865483499, 0.0000000000000000000, -0.7071067811865466846 ) ) ;
#2502 = CARTESIAN_POINT ( 'NONE',  ( -0.008980142137740718122, 2.415000000000000036, 5.902559926420166470 ) ) ;
#2503 = CARTESIAN_POINT ( 'NONE',  ( 1.175491321294900304, 2.415000000000000036, 9.760345705093545376 ) ) ;
#2504 = CARTESIAN_POINT ( 'NONE',  ( 1.860811524528925176, 2.415000000000000036, 9.720188131548370691 ) ) ;
#2505 = FACE_OUTER_BOUND ( 'NONE', #7934, .T. ) ;
#2506 = CARTESIAN_POINT ( 'NONE',  ( -3.810000000000000053, -2.260000000000000231, -2.032879073410320197E-17 ) ) ;
#2507 = MECHANICAL_DESIGN_GEOMETRIC_PRESENTATION_REPRESENTATION (  '', ( #3359 ), #8566 ) ;
#2508 = CARTESIAN_POINT ( 'NONE',  ( 2.514657678375079364, 2.415000000000000036, 9.241021464881704617 ) ) ;
#2509 = ORIENTED_EDGE ( 'NONE', *, *, #8046, .F. ) ;
#2510 = ORIENTED_EDGE ( 'NONE', *, *, #6038, .F. ) ;
#2511 = CARTESIAN_POINT ( 'NONE',  ( 1.947881881976349039, 2.415000000000000036, 5.082169949692448618 ) ) ;
#2512 = PLANE ( 'NONE',  #4669 ) ;
#2513 = FILL_AREA_STYLE_COLOUR ( '', #8056 ) ;
#2514 = CARTESIAN_POINT ( 'NONE',  ( 1.181778700543773208, 2.415000000000000036, 6.081906209449224221 ) ) ;
#2515 = ADVANCED_FACE ( 'NONE', ( #241 ), #290, .F. ) ;
#2516 =( NAMED_UNIT ( * ) SI_UNIT ( $, .STERADIAN. ) SOLID_ANGLE_UNIT ( ) );
#2517 = ORIENTED_EDGE ( 'NONE', *, *, #5976, .T. ) ;
#2518 = B_SPLINE_CURVE_WITH_KNOTS ( 'NONE', 3,
 ( #6282, #2275, #849, #6329, #5596, #8482, #3633, #8396, #4965, #43, #218 ),
 .UNSPECIFIED., .F., .F.,
 ( 4, 1, 1, 1, 1, 1, 1, 1, 4 ),
 ( 0.0000000000000000000, 0.1411359603954994157, 0.2743846904516009100, 0.4000130800704785883, 0.5190089995316443661, 0.6362113423581375882, 0.7543948833162578138, 0.8752686398511598798, 1.000000000000000000 ),
 .UNSPECIFIED. ) ;
#2519 = CARTESIAN_POINT ( 'NONE',  ( -0.4029854152167716141, 2.415000000000000036, 9.903273139637878586 ) ) ;
#2520 = CARTESIAN_POINT ( 'NONE',  ( 0.2390166527340542024, 2.415000000000000036, 6.082047105907345319 ) ) ;
#2521 = VERTEX_POINT ( 'NONE', #970 ) ;
#2522 = LINE ( 'NONE', #1900, #7390 ) ;
#2523 = CARTESIAN_POINT ( 'NONE',  ( 3.810000000000001830, -2.410000000000000142, 0.2121320343559653099 ) ) ;
#2524 = FILL_AREA_STYLE ('',( #8729 ) ) ;
#2525 = CARTESIAN_POINT ( 'NONE',  ( -0.3763679626505612164, 2.415000000000000036, 5.571229798215037832 ) ) ;
#2526 = EDGE_CURVE ( 'NONE', #3176, #2208, #8462, .T. ) ;
#2527 = UNCERTAINTY_MEASURE_WITH_UNIT (LENGTH_MEASURE( 1.000000000000000082E-05 ), #7700, 'distance_accuracy_value', 'NONE');
#2528 = CARTESIAN_POINT ( 'NONE',  ( -3.365477651159235251, 2.415000000000000036, 9.937014512195910143 ) ) ;
#2529 = ORIENTED_EDGE ( 'NONE', *, *, #3437, .F. ) ;
#2530 = CARTESIAN_POINT ( 'NONE',  ( -0.7238044266523722126, 2.415000000000000036, 5.380695260405623515 ) ) ;
#2531 = VERTEX_POINT ( 'NONE', #114 ) ;
#2532 = CIRCLE ( 'NONE', #5968, 0.1499999999999999667 ) ;
#2533 = EDGE_CURVE ( 'NONE', #6975, #5771, #8514, .T. ) ;
#2534 = DIRECTION ( 'NONE',  ( -1.734723475976797628E-14, 0.0000000000000000000, -1.000000000000000000 ) ) ;
#2535 = CARTESIAN_POINT ( 'NONE',  ( -1.763808014570653837, 2.415000000000000036, 9.229415157420099547 ) ) ;
#2536 = CARTESIAN_POINT ( 'NONE',  ( -0.01440007513384817042, 2.415000000000000036, 2.171990074388546077 ) ) ;
#2537 =( LENGTH_UNIT ( ) NAMED_UNIT ( * ) SI_UNIT ( .MILLI., .METRE. ) );
#2538 = CARTESIAN_POINT ( 'NONE',  ( -1.228932065214663805, 2.415000000000000036, 5.235893259753499507 ) ) ;
#2539 = DIRECTION ( 'NONE',  ( 1.423070940095821945E-16, -0.0000000000000000000, 1.000000000000000000 ) ) ;
#2540 = CARTESIAN_POINT ( 'NONE',  ( 0.009449345041746499974, 2.415000000000000036, 5.082047105907345319 ) ) ;
#2541 = ORIENTED_EDGE ( 'NONE', *, *, #5751, .T. ) ;
#2542 = AXIS2_PLACEMENT_3D ( 'NONE', #5888, #4003, #1902 ) ;
#2543 =( NAMED_UNIT ( * ) PLANE_ANGLE_UNIT ( ) SI_UNIT ( $, .RADIAN. ) );
#2544 = VERTEX_POINT ( 'NONE', #6309 ) ;
#2545 = CARTESIAN_POINT ( 'NONE',  ( 8.540063132923554789, 2.415000000000000036, 8.540063132923513933 ) ) ;
#2546 = CIRCLE ( 'NONE', #8759, 0.1500000000000000777 ) ;
#2547 = SURFACE_STYLE_USAGE ( .BOTH. , #479 ) ;
#2548 = CARTESIAN_POINT ( 'NONE',  ( -2.731867965644036111, -2.260000000000000231, 1.165999999999999259 ) ) ;
#2549 = ORIENTED_EDGE ( 'NONE', *, *, #5373, .F. ) ;
#2550 = VECTOR ( 'NONE', #6714, 1000.000000000000000 ) ;
#2551 = ORIENTED_EDGE ( 'NONE', *, *, #4107, .T. ) ;
#2552 = CARTESIAN_POINT ( 'NONE',  ( -1.983840729869393860, 2.415000000000000036, 8.112903767804802158 ) ) ;
#2553 = DIRECTION ( 'NONE',  ( 1.000000000000000000, -0.0000000000000000000, 2.716326130063896955E-16 ) ) ;
#2554 = FILL_AREA_STYLE_COLOUR ( '', #1244 ) ;
#2555 = DIRECTION ( 'NONE',  ( 1.000000000000000000, 0.0000000000000000000, 0.0000000000000000000 ) ) ;
#2556 = CARTESIAN_POINT ( 'NONE',  ( -4.888132034355963995, 2.265000000000000124, 1.015999999999999348 ) ) ;
#2557 = SURFACE_STYLE_FILL_AREA ( #5205 ) ;
#2558 = COLOUR_RGB ( '',0.7529411764705882248, 0.7529411764705882248, 0.7529411764705882248 ) ;
#2559 = VECTOR ( 'NONE', #2778, 999.9999999999998863 ) ;
#2560 = DIRECTION ( 'NONE',  ( 0.0000000000000000000, 0.0000000000000000000, 1.000000000000000000 ) ) ;
#2561 = VERTEX_POINT ( 'NONE', #4327 ) ;
#2562 = CARTESIAN_POINT ( 'NONE',  ( -1.600582356816266261, 2.415000000000000036, 9.876547549355869648 ) ) ;
#2563 = ORIENTED_EDGE ( 'NONE', *, *, #8204, .T. ) ;
#2564 = CARTESIAN_POINT ( 'NONE',  ( -2.594982464281347490, 2.415000000000000036, 9.817293245814052938 ) ) ;
#2565 = CIRCLE ( 'NONE', #3125, 0.1499999999999999667 ) ;
#2566 = CARTESIAN_POINT ( 'NONE',  ( -4.888132034355963995, -2.260000000000000231, 0.8659999999999993259 ) ) ;
#2567 = CARTESIAN_POINT ( 'NONE',  ( -0.3867383067735987168, 2.415000000000000036, 5.978086610542850288 ) ) ;
#2568 = EDGE_CURVE ( 'NONE', #8111, #7445, #7065, .T. ) ;
#2569 = CIRCLE ( 'NONE', #2123, 0.1499999999999999667 ) ;
#2570 = CARTESIAN_POINT ( 'NONE',  ( -1.098935331544104832, 2.415000000000000036, 2.454041356439828014 ) ) ;
#2571 = LINE ( 'NONE', #5337, #236 ) ;
#2572 = CARTESIAN_POINT ( 'NONE',  ( 0.7326063963237973153, 2.415000000000000036, 7.877479798215037299 ) ) ;
#2573 = VECTOR ( 'NONE', #8720, 1000.000000000000000 ) ;
#2574 = VECTOR ( 'NONE', #7567, 1000.000000000000000 ) ;
#2575 = ORIENTED_EDGE ( 'NONE', *, *, #4143, .F. ) ;
#2576 = DIRECTION ( 'NONE',  ( 0.0000000000000000000, 1.000000000000000000, 0.0000000000000000000 ) ) ;
#2577 = EDGE_CURVE ( 'NONE', #2364, #8744, #4340, .T. ) ;
#2578 = AXIS2_PLACEMENT_3D ( 'NONE', #7886, #7235, #6666 ) ;
#2579 = CARTESIAN_POINT ( 'NONE',  ( -2.302144260855041757, 2.415000000000000036, 8.156005077863888175 ) ) ;
#2580 =( GEOMETRIC_REPRESENTATION_CONTEXT ( 3 ) GLOBAL_UNCERTAINTY_ASSIGNED_CONTEXT ( ( #3039 ) ) GLOBAL_UNIT_ASSIGNED_CONTEXT ( ( #3395, #8475, #7625 ) ) REPRESENTATION_CONTEXT ( 'NONE', 'WORKASPACE' ) );
#2581 = CARTESIAN_POINT ( 'NONE',  ( -1.159631625451414738, 2.415000000000000036, 6.105060853074551375 ) ) ;
#2582 = CARTESIAN_POINT ( 'NONE',  ( 3.043704152734053370, 2.415000000000000036, 9.228200952061190065 ) ) ;
#2583 = SURFACE_STYLE_USAGE ( .BOTH. , #2389 ) ;
#2584 = CARTESIAN_POINT ( 'NONE',  ( -2.446880783163380979, 2.415000000000000036, 8.027920503343242586 ) ) ;
#2585 = VERTEX_POINT ( 'NONE', #160 ) ;
#2586 = ADVANCED_FACE ( 'NONE', ( #926 ), #7706, .T. ) ;
#2587 = DIRECTION ( 'NONE',  ( 0.0000000000000000000, -0.0000000000000000000, 1.000000000000000000 ) ) ;
#2588 = EDGE_LOOP ( 'NONE', ( #2226, #2294, #1692, #8877, #2549, #6804, #2475, #964, #3038, #6832, #1308, #7470, #444, #1564, #4931 ) ) ;
#2589 = ADVANCED_FACE ( 'NONE', ( #8696 ), #7199, .T. ) ;
#2590 = CARTESIAN_POINT ( 'NONE',  ( -1.885682081195915627, 2.415000000000000036, 7.297524958707744425 ) ) ;
#2591 = CARTESIAN_POINT ( 'NONE',  ( 1.130042293759694561, 2.415000000000000036, 9.886654477702217392 ) ) ;
#2592 = CARTESIAN_POINT ( 'NONE',  ( 0.2390166527340542024, 2.415000000000000036, 5.082047105907345319 ) ) ;
#2593 = CARTESIAN_POINT ( 'NONE',  ( 2.140919399525432087, 2.415000000000000036, 9.983983737380324186 ) ) ;
#2594 = CARTESIAN_POINT ( 'NONE',  ( -0.9643637811070445709, 2.415000000000000036, 5.829278790655565423 ) ) ;
#2595 = CARTESIAN_POINT ( 'NONE',  ( 0.9377922069448829667, 2.415000000000000036, 7.809704669716069247 ) ) ;
#2596 = ORIENTED_EDGE ( 'NONE', *, *, #7082, .F. ) ;
#2597 = VERTEX_POINT ( 'NONE', #3835 ) ;
#2598 = CARTESIAN_POINT ( 'NONE',  ( -2.170839116496714460, 2.415000000000000036, 8.187175311035549186 ) ) ;
#2599 = EDGE_CURVE ( 'NONE', #2007, #2105, #1870, .T. ) ;
#2600 = FACE_OUTER_BOUND ( 'NONE', #264, .T. ) ;
#2601 = SURFACE_STYLE_FILL_AREA ( #8717 ) ;
#2602 = FILL_AREA_STYLE ('',( #3991 ) ) ;
#2603 = DIRECTION ( 'NONE',  ( 1.000000000000000000, 0.0000000000000000000, 0.0000000000000000000 ) ) ;
#2604 = SURFACE_STYLE_FILL_AREA ( #6010 ) ;
#2605 = ORIENTED_EDGE ( 'NONE', *, *, #5276, .F. ) ;
#2606 = FILL_AREA_STYLE_COLOUR ( '', #1405 ) ;
#2607 = AXIS2_PLACEMENT_3D ( 'NONE', #1040, #7829, #1667 ) ;
#2608 = ORIENTED_EDGE ( 'NONE', *, *, #2638, .F. ) ;
#2609 = AXIS2_PLACEMENT_3D ( 'NONE', #1832, #478, #3216 ) ;
#2610 = CARTESIAN_POINT ( 'NONE',  ( 1.142862806580207780, 2.415000000000000036, 7.161534285394524524 ) ) ;
#2611 = PLANE ( 'NONE',  #5917 ) ;
#2612 = CARTESIAN_POINT ( 'NONE',  ( -0.4507282851337844343, 2.415000000000000036, 5.908675282946981966 ) ) ;
#2613 = CARTESIAN_POINT ( 'NONE',  ( -1.800171996451478407, 2.415000000000000036, 9.722613492850175732 ) ) ;
#2614 = CARTESIAN_POINT ( 'NONE',  ( 1.142862806580207780, 2.415000000000000036, 7.597431721291959761 ) ) ;
#2615 = CARTESIAN_POINT ( 'NONE',  ( 0.7327420971832256935, 2.415000000000000036, 7.869126577876561335 ) ) ;
#2616 = AXIS2_PLACEMENT_3D ( 'NONE', #2354, #3020, #5772 ) ;
#2617 = UNCERTAINTY_MEASURE_WITH_UNIT (LENGTH_MEASURE( 1.000000000000000082E-05 ), #5062, 'distance_accuracy_value', 'NONE');
#2618 = SURFACE_SIDE_STYLE ('',( #8816 ) ) ;
#2619 = ORIENTED_EDGE ( 'NONE', *, *, #5590, .F. ) ;
#2620 = CARTESIAN_POINT ( 'NONE',  ( -1.968782787530375611, 2.415000000000000036, 7.768607562381211196 ) ) ;
#2621 = B_SPLINE_CURVE_WITH_KNOTS ( 'NONE', 3,
 ( #1262, #5368, #3958, #1940, #8849, #8765, #625, #6103, #5296, #536, #496, #3234, #8246, #6017, #8809, #2684, #2564, #5455, #8067 ),
 .UNSPECIFIED., .F., .F.,
 ( 4, 1, 1, 1, 1, 1, 1, 1, 1, 1, 1, 1, 1, 1, 1, 1, 4 ),
 ( 0.0000000000000000000, 0.06914086260810690943, 0.1350521897477675870, 0.1989986090223759829, 0.2614638467246397369, 0.3224931834162166333, 0.3827689118303010951, 0.4438463552091692077, 0.5051877109935651866, 0.5669792900754698772, 0.6268516683161526881, 0.6871273967302393704, 0.7470518738946101411, 0.8076010732675460435, 0.8697746979122479294, 0.9332803902003500296, 1.000000000000000000 ),
 .UNSPECIFIED. ) ;
#2622 = COLOUR_RGB ( '',0.2509803921568627416, 0.2509803921568627416, 0.2509803921568627416 ) ;
#2623 = SURFACE_STYLE_USAGE ( .BOTH. , #8821 ) ;
#2624 = CARTESIAN_POINT ( 'NONE',  ( -0.1678343088044077225, 2.415000000000000036, 9.830765054625294042 ) ) ;
#2625 = CARTESIAN_POINT ( 'NONE',  ( 3.383867877387241929, 2.415000000000000036, 9.422396425158645172 ) ) ;
#2626 = FACE_OUTER_BOUND ( 'NONE', #956, .T. ) ;
#2627 =( NAMED_UNIT ( * ) SI_UNIT ( $, .STERADIAN. ) SOLID_ANGLE_UNIT ( ) );
#2628 = EDGE_CURVE ( 'NONE', #5068, #4227, #4502, .T. ) ;
#2629 = CARTESIAN_POINT ( 'NONE',  ( 1.687134660719096013, 2.415000000000000036, 7.418947758812863391 ) ) ;
#2630 = VERTEX_POINT ( 'NONE', #6575 ) ;
#2631 =( NAMED_UNIT ( * ) PLANE_ANGLE_UNIT ( ) SI_UNIT ( $, .RADIAN. ) );
#2632 = EDGE_LOOP ( 'NONE', ( #1372, #8558, #247, #571 ) ) ;
#2633 = CARTESIAN_POINT ( 'NONE',  ( 2.059529473246874520, 2.415000000000000036, 5.261534285394525057 ) ) ;
#2634 = CARTESIAN_POINT ( 'NONE',  ( -2.523853228607746413, 2.415000000000000036, 9.984323109697870180 ) ) ;
#2635 = ADVANCED_FACE ( 'NONE', ( #1023 ), #3788, .T. ) ;
#2636 =( NAMED_UNIT ( * ) SI_UNIT ( $, .STERADIAN. ) SOLID_ANGLE_UNIT ( ) );
#2637 = FILL_AREA_STYLE_COLOUR ( '', #7981 ) ;
#2638 = EDGE_CURVE ( 'NONE', #7098, #3288, #375, .T. ) ;
#2639 = COLOUR_RGB ( '',0.7529411764705882248, 0.7529411764705882248, 0.7529411764705882248 ) ;
#2640 = B_SPLINE_CURVE_WITH_KNOTS ( 'NONE', 3,
 ( #6932, #4801, #813, #3422, #1369, #2036, #770, #3599, #6250, #7607, #6300 ),
 .UNSPECIFIED., .F., .F.,
 ( 4, 1, 1, 1, 1, 1, 1, 1, 4 ),
 ( 0.0000000000000000000, 0.1016634760927243170, 0.2076361382691221669, 0.3187445673333751950, 0.4366799415637014903, 0.5635066463765684430, 0.6986812076536839111, 0.8444465558739921995, 0.9999999999999998890 ),
 .UNSPECIFIED. ) ;
#2641 = VERTEX_POINT ( 'NONE', #1158 ) ;
#2642 = ORIENTED_EDGE ( 'NONE', *, *, #7687, .F. ) ;
#2643 = LINE ( 'NONE', #5491, #738 ) ;
#2644 = DIRECTION ( 'NONE',  ( 0.7071067811865459074, 0.0000000000000000000, -0.7071067811865491270 ) ) ;
#2645 = CARTESIAN_POINT ( 'NONE',  ( -2.506191321336789013, 2.415000000000000036, 9.228984473355613005 ) ) ;
#2646 = CARTESIAN_POINT ( 'NONE',  ( 3.167502229657130464, 2.415000000000000036, 9.790700952061193618 ) ) ;
#2647 = EDGE_CURVE ( 'NONE', #410, #4564, #4649, .T. ) ;
#2648 = CIRCLE ( 'NONE', #5792, 0.1500000000000000500 ) ;
#2649 = SURFACE_SIDE_STYLE ('',( #2604 ) ) ;
#2650 = EDGE_LOOP ( 'NONE', ( #7600, #8021, #4034 ) ) ;
#2651 = CARTESIAN_POINT ( 'NONE',  ( 2.335170498887899626, 2.415000000000000036, 9.894466977702217392 ) ) ;
#2652 = VERTEX_POINT ( 'NONE', #6712 ) ;
#2653 =( LENGTH_UNIT ( ) NAMED_UNIT ( * ) SI_UNIT ( .MILLI., .METRE. ) );
#2654 = SURFACE_STYLE_FILL_AREA ( #8070 ) ;
#2655 = CARTESIAN_POINT ( 'NONE',  ( 0.9794113543754019435, 2.415000000000000036, 5.546754111263308751 ) ) ;
#2656 = ORIENTED_EDGE ( 'NONE', *, *, #4806, .T. ) ;
#2657 = CARTESIAN_POINT ( 'NONE',  ( -1.908941402650567776, 2.415000000000000036, 7.921496579763164902 ) ) ;
#2658 =( NAMED_UNIT ( * ) PLANE_ANGLE_UNIT ( ) SI_UNIT ( $, .RADIAN. ) );
#2659 =( NAMED_UNIT ( * ) PLANE_ANGLE_UNIT ( ) SI_UNIT ( $, .RADIAN. ) );
#2660 = CARTESIAN_POINT ( 'NONE',  ( 0.08955340312068800490, 2.415000000000000036, 2.158464113633630888 ) ) ;
#2661 = CARTESIAN_POINT ( 'NONE',  ( 1.715495616608442742, 2.415000000000000036, 7.378643487981947580 ) ) ;
#2662 = ORIENTED_EDGE ( 'NONE', *, *, #6872, .T. ) ;
#2663 = ORIENTED_EDGE ( 'NONE', *, *, #261, .F. ) ;
#2664 = DIRECTION ( 'NONE',  ( 0.0000000000000000000, 0.0000000000000000000, -1.000000000000000000 ) ) ;
#2665 = DIRECTION ( 'NONE',  ( 0.0000000000000000000, 1.000000000000000000, 0.0000000000000000000 ) ) ;
#2666 = FACE_OUTER_BOUND ( 'NONE', #6000, .T. ) ;
#2667 = LINE ( 'NONE', #2047, #7162 ) ;
#2668 = CARTESIAN_POINT ( 'NONE',  ( 1.838907523001989563, 2.415000000000000036, 7.161657129179626935 ) ) ;
#2669 = AXIS2_PLACEMENT_3D ( 'NONE', #4761, #3546, #1540 ) ;
#2670 = FILL_AREA_STYLE ('',( #4106 ) ) ;
#2671 = CARTESIAN_POINT ( 'NONE',  ( 2.335170498887899626, 2.415000000000000036, 9.531886849497091418 ) ) ;
#2672 = ORIENTED_EDGE ( 'NONE', *, *, #692, .T. ) ;
#2673 = VERTEX_POINT ( 'NONE', #4094 ) ;
#2674 = CARTESIAN_POINT ( 'NONE',  ( 1.805292188126747410, 2.415000000000000036, 5.101007926385300983 ) ) ;
#2675 = DIRECTION ( 'NONE',  ( 0.0000000000000000000, 0.0000000000000000000, -1.000000000000000000 ) ) ;
#2676 = CARTESIAN_POINT ( 'NONE',  ( -2.529324623320801990, 2.415000000000000036, 9.228464227052333158 ) ) ;
#2677 = ADVANCED_FACE ( 'NONE', ( #2626 ), #7551, .T. ) ;
#2678 = CARTESIAN_POINT ( 'NONE',  ( 1.778680114272515711, 2.415000000000000036, 5.628521464881704794 ) ) ;
#2679 = CARTESIAN_POINT ( 'NONE',  ( 0.9623434087471958165, 2.415000000000000036, 7.963820817100557115 ) ) ;
#2680 = CARTESIAN_POINT ( 'NONE',  ( 1.898872421964823198, 2.415000000000000036, 7.341021464881704262 ) ) ;
#2681 = ORIENTED_EDGE ( 'NONE', *, *, #7123, .T. ) ;
#2682 = ADVANCED_FACE ( 'NONE', ( #6076 ), #7968, .T. ) ;
#2683 = VERTEX_POINT ( 'NONE', #5387 ) ;
#2684 = CARTESIAN_POINT ( 'NONE',  ( -2.616078071780921110, 2.415000000000000036, 9.814745112095241808 ) ) ;
#2685 =( NAMED_UNIT ( * ) PLANE_ANGLE_UNIT ( ) SI_UNIT ( $, .RADIAN. ) );
#2686 = ADVANCED_FACE ( 'NONE', ( #5740 ), #6072, .T. ) ;
#2687 = MECHANICAL_DESIGN_GEOMETRIC_PRESENTATION_REPRESENTATION (  '', ( #3123 ), #6720 ) ;
#2688 = LINE ( 'NONE', #4929, #7559 ) ;
#2689 =( GEOMETRIC_REPRESENTATION_CONTEXT ( 3 ) GLOBAL_UNCERTAINTY_ASSIGNED_CONTEXT ( ( #3139 ) ) GLOBAL_UNIT_ASSIGNED_CONTEXT ( ( #3628, #259, #7171 ) ) REPRESENTATION_CONTEXT ( 'NONE', 'WORKASPACE' ) );
#2690 = FACE_OUTER_BOUND ( 'NONE', #4046, .T. ) ;
#2691 = UNCERTAINTY_MEASURE_WITH_UNIT (LENGTH_MEASURE( 1.000000000000000082E-05 ), #7248, 'distance_accuracy_value', 'NONE');
#2692 = CARTESIAN_POINT ( 'NONE',  ( 0.9202564525891098191, 2.415000000000000036, 5.579094664551289107 ) ) ;
#2693 = ORIENTED_EDGE ( 'NONE', *, *, #7573, .T. ) ;
#2694 = AXIS2_PLACEMENT_3D ( 'NONE', #4095, #4937, #860 ) ;
#2695 = SURFACE_STYLE_USAGE ( .BOTH. , #8211 ) ;
#2696 = ORIENTED_EDGE ( 'NONE', *, *, #2599, .F. ) ;
#2697 = CARTESIAN_POINT ( 'NONE',  ( 3.703933982822019466, -2.260000000000000231, 0.1060660171779829603 ) ) ;
#2698 = SURFACE_SIDE_STYLE ('',( #4090 ) ) ;
#2699 = CARTESIAN_POINT ( 'NONE',  ( 3.424629612131294021, 2.415000000000000036, 9.589296460677877221 ) ) ;
#2700 = SURFACE_STYLE_FILL_AREA ( #8901 ) ;
#2701 = AXIS2_PLACEMENT_3D ( 'NONE', #4640, #419, #3092 ) ;
#2702 = CARTESIAN_POINT ( 'NONE',  ( 1.811371967884879641, 2.415000000000000036, 6.040702791268132366 ) ) ;
#2703 = CARTESIAN_POINT ( 'NONE',  ( 3.218640562378151326, 2.415000000000000036, 9.731030295958056797 ) ) ;
#2704 = ORIENTED_EDGE ( 'NONE', *, *, #4655, .T. ) ;
#2705 = CARTESIAN_POINT ( 'NONE',  ( -0.03985981917875272562, 2.415000000000000036, 7.429329486899617585 ) ) ;
#2706 = VERTEX_POINT ( 'NONE', #5563 ) ;
#2707 = VECTOR ( 'NONE', #3383, 1000.000000000000114 ) ;
#2708 = CARTESIAN_POINT ( 'NONE',  ( -1.730679360047790771, 2.415000000000000036, 9.415935417619023085 ) ) ;
#2709 = PLANE ( 'NONE',  #851 ) ;
#2710 =( LENGTH_UNIT ( ) NAMED_UNIT ( * ) SI_UNIT ( .MILLI., .METRE. ) );
#2711 = B_SPLINE_CURVE_WITH_KNOTS ( 'NONE', 3,
 ( #161, #8515, #2302, #1647, #7107, #3740, #6488, #1827, #4560, #7297, #7200, #3934, #511 ),
 .UNSPECIFIED., .F., .F.,
 ( 4, 1, 1, 1, 1, 1, 1, 1, 1, 1, 4 ),
 ( 0.0000000000000000000, 0.1224297953158630381, 0.2325351726895675819, 0.3330040233821654483, 0.4238450765809522736, 0.5018682302043661059, 0.5702990627814061853, 0.6277882030480010922, 0.6739754947988064737, 0.8381080826633278136, 1.000000000000000000 ),
 .UNSPECIFIED. ) ;
#2712 = LINE ( 'NONE', #5954, #123 ) ;
#2713 = CARTESIAN_POINT ( 'NONE',  ( -2.310000000000000053, 4.959819536546782449E-17, -3.299999999999999822 ) ) ;
#2714 = CARTESIAN_POINT ( 'NONE',  ( 2.329087063748929598, 2.415000000000000036, 9.668382443598863674 ) ) ;
#2715 = ORIENTED_EDGE ( 'NONE', *, *, #2931, .F. ) ;
#2716 = PRESENTATION_LAYER_ASSIGNMENT (  '', '', ( #7758 ) ) ;
#2717 = B_SPLINE_CURVE_WITH_KNOTS ( 'NONE', 3,
 ( #7105, #5129, #1108, #3834, #1022, #5037, #1068, #5899, #6441, #7900, #3009, #6486, #5763, #8551, #2343, #4414, #1736, #7852, #5225 ),
 .UNSPECIFIED., .F., .F.,
 ( 4, 1, 1, 1, 1, 1, 1, 1, 1, 1, 1, 1, 1, 1, 1, 1, 4 ),
 ( 0.0000000000000000000, 0.06459371775057519416, 0.1276774424521995022, 0.1894208096850479583, 0.2500234037637624196, 0.3097721159034920180, 0.3685318353076165732, 0.4268490460519691054, 0.4854084791826899781, 0.5442404234504853999, 0.6045221745683038161, 0.6656272014530435488, 0.7286031290383242487, 0.7934221680362854023, 0.8598801613667087507, 0.9286843875618743249, 1.000000000000000000 ),
 .UNSPECIFIED. ) ;
#2718 = SURFACE_STYLE_FILL_AREA ( #1 ) ;
#2719 = VECTOR ( 'NONE', #8571, 1000.000000000000000 ) ;
#2720 = CARTESIAN_POINT ( 'NONE',  ( 0.2197858835032855673, 2.415000000000000036, 7.663136849497089287 ) ) ;
#2721 = EDGE_LOOP ( 'NONE', ( #7678, #4352, #8520, #8537 ) ) ;
#2722 = EDGE_CURVE ( 'NONE', #4602, #785, #5185, .T. ) ;
#2723 = ORIENTED_EDGE ( 'NONE', *, *, #5928, .F. ) ;
#2724 = CARTESIAN_POINT ( 'NONE',  ( -1.798933982822017219, 2.415000000000000036, -1.798933982822017663 ) ) ;
#2725 = PRESENTATION_STYLE_ASSIGNMENT (( #2144 ) ) ;
#2726 = PRESENTATION_LAYER_ASSIGNMENT (  '', '', ( #6765 ) ) ;
#2727 = CARTESIAN_POINT ( 'NONE',  ( -0.1050411335430786880, 2.415000000000000036, 9.388503068369875137 ) ) ;
#2728 = EDGE_CURVE ( 'NONE', #6622, #7218, #1715, .T. ) ;
#2729 = COLOUR_RGB ( '',0.2509803921568627416, 0.2509803921568627416, 0.2509803921568627416 ) ;
#2730 = EDGE_CURVE ( 'NONE', #4847, #3815, #448, .T. ) ;
#2731 = DIRECTION ( 'NONE',  ( 0.0000000000000000000, 0.0000000000000000000, 1.000000000000000000 ) ) ;
#2732 = ORIENTED_EDGE ( 'NONE', *, *, #545, .F. ) ;
#2733 = CARTESIAN_POINT ( 'NONE',  ( -0.3365632661859415675, 2.415000000000000036, 8.006503664196051417 ) ) ;
#2734 = ORIENTED_EDGE ( 'NONE', *, *, #4384, .T. ) ;
#2735 = DIRECTION ( 'NONE',  ( 0.7071067811865473507, -0.0000000000000000000, 0.7071067811865476838 ) ) ;
#2736 = COLOUR_RGB ( '',0.2509803921568627416, 0.2509803921568627416, 0.2509803921568627416 ) ;
#2737 = CARTESIAN_POINT ( 'NONE',  ( -4.888132034355963995, -2.410000000000000142, 0.8659999999999993259 ) ) ;
#2738 = STYLED_ITEM ( 'NONE', ( #1950 ), #927 ) ;
#2739 = SURFACE_STYLE_FILL_AREA ( #3417 ) ;
#2740 = ADVANCED_FACE ( 'NONE', ( #8669 ), #5326, .T. ) ;
#2741 = CARTESIAN_POINT ( 'NONE',  ( 2.480803511708412845, 2.415000000000000036, 7.161534285394524524 ) ) ;
#2742 = ADVANCED_FACE ( 'NONE', ( #1805 ), #5244, .T. ) ;
#2743 = CARTESIAN_POINT ( 'NONE',  ( 1.815289453866526070, 2.415000000000000036, 7.345026756764582387 ) ) ;
#2744 = ORIENTED_EDGE ( 'NONE', *, *, #6754, .T. ) ;
#2745 = CARTESIAN_POINT ( 'NONE',  ( -1.395598731881331656, 2.415000000000000036, 9.523072746932985666 ) ) ;
#2746 = SURFACE_STYLE_FILL_AREA ( #823 ) ;
#2747 = CARTESIAN_POINT ( 'NONE',  ( -4.782066017177982076, 2.415000000000000036, 0.9720660171779816894 ) ) ;
#2748 = CARTESIAN_POINT ( 'NONE',  ( -1.050578416052338815, 2.415000000000000036, 2.424203492581491926 ) ) ;
#2749 = CARTESIAN_POINT ( 'NONE',  ( -2.290680503652415378, 2.415000000000000036, 9.878524735873016382 ) ) ;
#2750 = COLOUR_RGB ( '',0.2509803921568627416, 0.2509803921568627416, 0.2509803921568627416 ) ;
#2751 = CARTESIAN_POINT ( 'NONE',  ( 3.081428887122469540, 2.415000000000000036, 9.384752263364186220 ) ) ;
#2752 = CARTESIAN_POINT ( 'NONE',  ( 1.251837165554566367, 2.415000000000000036, 5.517944541804781444 ) ) ;
#2753 = CARTESIAN_POINT ( 'NONE',  ( 0.1363404069515594119, 2.415000000000000036, 7.957795301214850348 ) ) ;
#2754 = ORIENTED_EDGE ( 'NONE', *, *, #5460, .F. ) ;
#2755 = DIRECTION ( 'NONE',  ( -1.423070940095821945E-16, 0.0000000000000000000, -1.000000000000000000 ) ) ;
#2756 = CARTESIAN_POINT ( 'NONE',  ( 1.500000000000000000, 4.959819536546782449E-17, -3.299999999999999822 ) ) ;
#2757 = LINE ( 'NONE', #4866, #8613 ) ;
#2758 = CARTESIAN_POINT ( 'NONE',  ( -1.706762043287331165, 2.415000000000000036, 9.583068860821684964 ) ) ;
#2759 = FILL_AREA_STYLE_COLOUR ( '', #5063 ) ;
#2760 = CIRCLE ( 'NONE', #3490, 0.1499999999999999667 ) ;
#2761 = FILL_AREA_STYLE_COLOUR ( '', #8172 ) ;
#2762 = CARTESIAN_POINT ( 'NONE',  ( -2.287120947250433467, 2.415000000000000036, 7.444671599407880258 ) ) ;
#2763 = ORIENTED_EDGE ( 'NONE', *, *, #1562, .F. ) ;
#2764 = CARTESIAN_POINT ( 'NONE',  ( -2.190470526753126812, 2.415000000000000036, 9.605003836676576867 ) ) ;
#2765 = CARTESIAN_POINT ( 'NONE',  ( 3.319001538655939054, 2.415000000000000036, 9.876270659024751097 ) ) ;
#2766 = FACE_BOUND ( 'NONE', #8859, .T. ) ;
#2767 = CARTESIAN_POINT ( 'NONE',  ( 1.469804227342892622, 2.415000000000000036, 9.759268571765105094 ) ) ;
#2768 = VERTEX_POINT ( 'NONE', #8014 ) ;
#2769 = APPLICATION_CONTEXT ( 'automotive_design' ) ;
#2770 = CARTESIAN_POINT ( 'NONE',  ( -2.136517087983383245, 2.415000000000000036, 8.003212615467552027 ) ) ;
#2771 = ORIENTED_EDGE ( 'NONE', *, *, #5976, .F. ) ;
#2772 = CARTESIAN_POINT ( 'NONE',  ( 2.809529473246874076, 2.415000000000000036, 7.630484605907344786 ) ) ;
#2773 = FILL_AREA_STYLE ('',( #2030 ) ) ;
#2774 = EDGE_CURVE ( 'NONE', #8896, #1614, #3904, .T. ) ;
#2775 = CARTESIAN_POINT ( 'NONE',  ( -1.530418977705385819, 2.415000000000000036, 5.153731716273351360 ) ) ;
#2776 = B_SPLINE_CURVE_WITH_KNOTS ( 'NONE', 3,
 ( #2268, #2923, #1701, #1032, #8382, #7671, #4242, #5634, #8430, #2220, #2504 ),
 .UNSPECIFIED., .F., .F.,
 ( 4, 1, 1, 1, 1, 1, 1, 1, 4 ),
 ( 0.0000000000000000000, 0.1112018615048651349, 0.2232175878984828388, 0.3375570251196237659, 0.4574474917825381848, 0.5812296267255534499, 0.7133954435985836451, 0.8526539205747448724, 1.000000000000000000 ),
 .UNSPECIFIED. ) ;
#2777 = CARTESIAN_POINT ( 'NONE',  ( 0.1940859518457041244, 2.415000000000000036, 9.454993669765284992 ) ) ;
#2778 = DIRECTION ( 'NONE',  ( 0.7071067811865473507, -0.0000000000000000000, -0.7071067811865477948 ) ) ;
#2779 = ORIENTED_EDGE ( 'NONE', *, *, #6716, .T. ) ;
#2780 = CARTESIAN_POINT ( 'NONE',  ( -0.1241408173728725528, 2.415000000000000036, 7.360082622586172185 ) ) ;
#2781 = ORIENTED_EDGE ( 'NONE', *, *, #3774, .F. ) ;
#2782 = EDGE_CURVE ( 'NONE', #180, #3966, #8386, .T. ) ;
#2783 = CARTESIAN_POINT ( 'NONE',  ( -1.787804576025164627, 2.415000000000000036, 9.395908814874594839 ) ) ;
#2784 = CARTESIAN_POINT ( 'NONE',  ( 1.116207528606446786, 2.415000000000000036, 5.900039765057965013 ) ) ;
#2785 = CARTESIAN_POINT ( 'NONE',  ( 3.165360561886042312, 2.415000000000000036, 9.419121408773868609 ) ) ;
#2786 = SURFACE_SIDE_STYLE ('',( #1509 ) ) ;
#2787 = CARTESIAN_POINT ( 'NONE',  ( 1.117221780939181563, 2.415000000000000036, 9.608409285394525767 ) ) ;
#2788 = CARTESIAN_POINT ( 'NONE',  ( 1.854401268118669455, 2.415000000000000036, 5.797191336676576157 ) ) ;
#2789 = ORIENTED_EDGE ( 'NONE', *, *, #7018, .T. ) ;
#2790 =( NAMED_UNIT ( * ) PLANE_ANGLE_UNIT ( ) SI_UNIT ( $, .RADIAN. ) );
#2791 = CARTESIAN_POINT ( 'NONE',  ( -2.377486156712398824, 2.415000000000000036, 9.270055133464991215 ) ) ;
#2792 = CARTESIAN_POINT ( 'NONE',  ( 2.239016652734054258, 2.415000000000000036, 6.082047105907345319 ) ) ;
#2793 = CARTESIAN_POINT ( 'NONE',  ( -0.5240963651657060129, 2.415000000000000036, 2.005144602936954623 ) ) ;
#2794 = LINE ( 'NONE', #8431, #5726 ) ;
#2795 = CARTESIAN_POINT ( 'NONE',  ( 1.008781539147455275, 2.415000000000000036, 7.977272051879999104 ) ) ;
#2796 = CARTESIAN_POINT ( 'NONE',  ( -7.214999999999999858, -2.410000000000000142, 1.016000000000000902 ) ) ;
#2797 = CARTESIAN_POINT ( 'NONE',  ( -0.2952381549582528963, 2.415000000000000036, 8.007688131548370336 ) ) ;
#2798 = AXIS2_PLACEMENT_3D ( 'NONE', #2697, #2735, #8214 ) ;
#2799 = ORIENTED_EDGE ( 'NONE', *, *, #4628, .F. ) ;
#2800 = CARTESIAN_POINT ( 'NONE',  ( 0.0000000000000000000, 2.415000000000000036, 0.0000000000000000000 ) ) ;
#2801 = SURFACE_STYLE_FILL_AREA ( #756 ) ;
#2802 = CARTESIAN_POINT ( 'NONE',  ( -1.220318283163381867, 2.415000000000000036, 6.107688131548370869 ) ) ;
#2803 = VECTOR ( 'NONE', #4524, 1000.000000000000114 ) ;
#2804 = VECTOR ( 'NONE', #7594, 999.9999999999998863 ) ;
#2805 =( LENGTH_UNIT ( ) NAMED_UNIT ( * ) SI_UNIT ( .MILLI., .METRE. ) );
#2806 = VERTEX_POINT ( 'NONE', #4821 ) ;
#2807 = DIRECTION ( 'NONE',  ( -0.9029272678110970007, 0.0000000000000000000, -0.4297933794780784411 ) ) ;
#2808 = VERTEX_POINT ( 'NONE', #8241 ) ;
#2809 = ORIENTED_EDGE ( 'NONE', *, *, #8045, .T. ) ;
#2810 = CIRCLE ( 'NONE', #4969, 0.1500000000000008271 ) ;
#2811 = MECHANICAL_DESIGN_GEOMETRIC_PRESENTATION_REPRESENTATION (  '', ( #2401 ), #7422 ) ;
#2812 =( NAMED_UNIT ( * ) SI_UNIT ( $, .STERADIAN. ) SOLID_ANGLE_UNIT ( ) );
#2813 =( NAMED_UNIT ( * ) SI_UNIT ( $, .STERADIAN. ) SOLID_ANGLE_UNIT ( ) );
#2814 = DIRECTION ( 'NONE',  ( 0.0000000000000000000, -0.0000000000000000000, 1.000000000000000000 ) ) ;
#2815 = CARTESIAN_POINT ( 'NONE',  ( -0.3775020162031361703, 2.415000000000000036, 5.165151147321147107 ) ) ;
#2816 = AXIS2_PLACEMENT_3D ( 'NONE', #1629, #2068, #639 ) ;
#2817 = ORIENTED_EDGE ( 'NONE', *, *, #7628, .F. ) ;
#2818 = SURFACE_STYLE_USAGE ( .BOTH. , #8363 ) ;
#2819 = ORIENTED_EDGE ( 'NONE', *, *, #5708, .F. ) ;
#2820 = EDGE_CURVE ( 'NONE', #2148, #5847, #6508, .T. ) ;
#2821 = ORIENTED_EDGE ( 'NONE', *, *, #4152, .T. ) ;
#2822 = CARTESIAN_POINT ( 'NONE',  ( -2.155861292071698188, 2.415000000000000036, 7.316538506488518223 ) ) ;
#2823 = PRESENTATION_LAYER_ASSIGNMENT (  '', '', ( #2263 ) ) ;
#2824 = FILL_AREA_STYLE_COLOUR ( '', #5448 ) ;
#2825 = AXIS2_PLACEMENT_3D ( 'NONE', #4380, #1119, #5865 ) ;
#2826 = FACE_OUTER_BOUND ( 'NONE', #3441, .T. ) ;
#2827 = FILL_AREA_STYLE ('',( #1464 ) ) ;
#2828 = ADVANCED_FACE ( 'NONE', ( #6099 ), #709, .F. ) ;
#2829 = DIRECTION ( 'NONE',  ( 0.0000000000000000000, -0.0000000000000000000, 1.000000000000000000 ) ) ;
#2830 = EDGE_CURVE ( 'NONE', #5428, #3829, #129, .T. ) ;
#2831 = CIRCLE ( 'NONE', #7462, 0.1499999999999999667 ) ;
#2832 = CARTESIAN_POINT ( 'NONE',  ( -0.006184077562688068512, 2.415000000000000036, 8.098472852652720988 ) ) ;
#2833 = MECHANICAL_DESIGN_GEOMETRIC_PRESENTATION_REPRESENTATION (  '', ( #1573 ), #8343 ) ;
#2834 = VERTEX_POINT ( 'NONE', #6232 ) ;
#2835 = EDGE_CURVE ( 'NONE', #8530, #3497, #5787, .T. ) ;
#2836 = CYLINDRICAL_SURFACE ( 'NONE', #2616, 0.1499999999999999112 ) ;
#2837 = CARTESIAN_POINT ( 'NONE',  ( 0.9553685162205971526, 2.415000000000000036, 7.608617614204914226 ) ) ;
#2838 = DIRECTION ( 'NONE',  ( -1.000000000000000000, 0.0000000000000000000, 0.0000000000000000000 ) ) ;
#2839 = AXIS2_PLACEMENT_3D ( 'NONE', #672, #7495, #6020 ) ;
#2840 = COLOUR_RGB ( '',0.7529411764705882248, 0.7529411764705882248, 0.7529411764705882248 ) ;
#2841 = CARTESIAN_POINT ( 'NONE',  ( 1.013682761968706103, 2.415000000000000036, 8.157535832663354469 ) ) ;
#2842 = SURFACE_STYLE_USAGE ( .BOTH. , #620 ) ;
#2843 = CARTESIAN_POINT ( 'NONE',  ( 7.214999999999999858, 2.415000000000000036, -1.026745683279135589E-15 ) ) ;
#2844 = CARTESIAN_POINT ( 'NONE',  ( -2.731867965644036111, 2.265000000000000124, 0.8659999999999993259 ) ) ;
#2845 = EDGE_CURVE ( 'NONE', #2489, #5815, #3356, .T. ) ;
#2846 = CARTESIAN_POINT ( 'NONE',  ( 1.819633040840435534, 2.415000000000000036, 5.460562920310243484 ) ) ;
#2847 = ORIENTED_EDGE ( 'NONE', *, *, #8660, .F. ) ;
#2848 = CARTESIAN_POINT ( 'NONE',  ( 7.214999999999999858, -2.260000000000000231, 1.016000000000000902 ) ) ;
#2849 = DIRECTION ( 'NONE',  ( -2.891205793294679017E-15, 0.0000000000000000000, 1.000000000000000000 ) ) ;
#2850 = CARTESIAN_POINT ( 'NONE',  ( -1.435746287982838210, 2.415000000000000036, 6.071751041859600129 ) ) ;
#2851 = CYLINDRICAL_SURFACE ( 'NONE', #4134, 0.1499999999999999667 ) ;
#2852 = VERTEX_POINT ( 'NONE', #6820 ) ;
#2853 = UNCERTAINTY_MEASURE_WITH_UNIT (LENGTH_MEASURE( 1.000000000000000082E-05 ), #2342, 'distance_accuracy_value', 'NONE');
#2854 = ORIENTED_EDGE ( 'NONE', *, *, #3666, .T. ) ;
#2855 = ORIENTED_EDGE ( 'NONE', *, *, #327, .F. ) ;
#2856 = AXIS2_PLACEMENT_3D ( 'NONE', #7126, #3860, #1753 ) ;
#2857 = DIRECTION ( 'NONE',  ( 0.0000000000000000000, -0.0000000000000000000, 1.000000000000000000 ) ) ;
#2858 = DIRECTION ( 'NONE',  ( 0.0000000000000000000, 0.0000000000000000000, 1.000000000000000000 ) ) ;
#2859 = FILL_AREA_STYLE_COLOUR ( '', #2307 ) ;
#2860 = PRESENTATION_LAYER_ASSIGNMENT (  '', '', ( #3450 ) ) ;
#2861 = VECTOR ( 'NONE', #7354, 1000.000000000000000 ) ;
#2862 = DIRECTION ( 'NONE',  ( 0.0000000000000000000, 0.0000000000000000000, 1.000000000000000000 ) ) ;
#2863 = FILL_AREA_STYLE ('',( #2157 ) ) ;
#2864 = DIRECTION ( 'NONE',  ( 0.0000000000000000000, 0.0000000000000000000, -1.000000000000000000 ) ) ;
#2865 = ORIENTED_EDGE ( 'NONE', *, *, #892, .F. ) ;
#2866 = VERTEX_POINT ( 'NONE', #665 ) ;
#2867 =( NAMED_UNIT ( * ) PLANE_ANGLE_UNIT ( ) SI_UNIT ( $, .RADIAN. ) );
#2868 = CARTESIAN_POINT ( 'NONE',  ( -1.750656166846923378, 2.415000000000000036, 9.406936143590451493 ) ) ;
#2869 = CARTESIAN_POINT ( 'NONE',  ( 2.264657678375079364, 2.415000000000000036, 7.161534285394524524 ) ) ;
#2870 = DIRECTION ( 'NONE',  ( -0.0000000000000000000, -1.000000000000000000, -0.0000000000000000000 ) ) ;
#2871 = CARTESIAN_POINT ( 'NONE',  ( 5.285680053071279971, 2.415000000000000036, 2.889938792337262363 ) ) ;
#2872 = CIRCLE ( 'NONE', #3459, 0.4049999999999999711 ) ;
#2873 = CARTESIAN_POINT ( 'NONE',  ( 4.952346719737946934, 2.415000000000000036, 1.582246484644954876 ) ) ;
#2874 = CARTESIAN_POINT ( 'NONE',  ( 7.321066017177984442, -2.260000000000000231, 9.971192283025061442 ) ) ;
#2875 = ORIENTED_EDGE ( 'NONE', *, *, #6701, .F. ) ;
#2876 = EDGE_CURVE ( 'NONE', #366, #548, #8654, .T. ) ;
#2877 = DIRECTION ( 'NONE',  ( 1.000000000000000000, 0.0000000000000000000, 0.0000000000000000000 ) ) ;
#2878 = DIRECTION ( 'NONE',  ( -1.000000000000000000, 0.0000000000000000000, 0.0000000000000000000 ) ) ;
#2879 = AXIS2_PLACEMENT_3D ( 'NONE', #4203, #2881, #5007 ) ;
#2880 = FACE_OUTER_BOUND ( 'NONE', #2991, .T. ) ;
#2881 = DIRECTION ( 'NONE',  ( 0.0000000000000000000, 0.0000000000000000000, 1.000000000000000000 ) ) ;
#2882 = CARTESIAN_POINT ( 'NONE',  ( 1.579211265139299991, 2.415000000000000036, 7.820290327890415227 ) ) ;
#2883 = CARTESIAN_POINT ( 'NONE',  ( 0.7485853014550560847, 2.415000000000000036, 7.982796687714770911 ) ) ;
#2884 = CARTESIAN_POINT ( 'NONE',  ( 2.011066017177983944, 2.415000000000000036, 2.011066017177983056 ) ) ;
#2885 = ADVANCED_FACE ( 'NONE', ( #3754 ), #7975, .T. ) ;
#2886 = DIRECTION ( 'NONE',  ( 0.0000000000000000000, -1.000000000000000000, 0.0000000000000000000 ) ) ;
#2887 = CARTESIAN_POINT ( 'NONE',  ( -0.3710327815058770962, 2.415000000000000036, 5.497331966644336987 ) ) ;
#2888 = ORIENTED_EDGE ( 'NONE', *, *, #7115, .F. ) ;
#2889 = CARTESIAN_POINT ( 'NONE',  ( -2.168901209869204205, 2.415000000000000036, 7.828994705198661919 ) ) ;
#2890 = EDGE_CURVE ( 'NONE', #1928, #3859, #7771, .T. ) ;
#2891 = CARTESIAN_POINT ( 'NONE',  ( -0.6840602703428689813, 2.415000000000000036, 5.587055118727858094 ) ) ;
#2892 = CARTESIAN_POINT ( 'NONE',  ( -3.755366693771198694, 2.415000000000000036, 9.852663139364382872 ) ) ;
#2893 = CARTESIAN_POINT ( 'NONE',  ( -0.3622974076281788580, 2.415000000000000036, 8.184218909237070960 ) ) ;
#2894 = CARTESIAN_POINT ( 'NONE',  ( 1.566322543303382053, 2.415000000000000036, 7.922360761214164881 ) ) ;
#2895 = STYLED_ITEM ( 'NONE', ( #8740 ), #2589 ) ;
#2896 = LINE ( 'NONE', #270, #5564 ) ;
#2897 = EDGE_LOOP ( 'NONE', ( #3647, #6414, #4874, #846, #5970 ) ) ;
#2898 = CARTESIAN_POINT ( 'NONE',  ( -0.03082635718513023274, 2.415000000000000036, 2.530964433362904664 ) ) ;
#2899 = ORIENTED_EDGE ( 'NONE', *, *, #6187, .T. ) ;
#2900 = PRESENTATION_LAYER_ASSIGNMENT (  '', '', ( #6941 ) ) ;
#2901 = ORIENTED_EDGE ( 'NONE', *, *, #4555, .T. ) ;
#2902 = DIRECTION ( 'NONE',  ( 0.01774868307192116815, 0.0000000000000000000, -0.9998424797182867696 ) ) ;
#2903 = DIRECTION ( 'NONE',  ( 1.000000000000000000, 0.0000000000000000000, 0.0000000000000000000 ) ) ;
#2904 = CARTESIAN_POINT ( 'NONE',  ( 0.2189418922842041038, 2.415000000000000036, 9.563524776616404210 ) ) ;
#2905 = CARTESIAN_POINT ( 'NONE',  ( -0.5183270824982327829, 2.415000000000000036, 5.355834755010843828 ) ) ;
#2906 = SURFACE_SIDE_STYLE ('',( #194 ) ) ;
#2907 = ORIENTED_EDGE ( 'NONE', *, *, #552, .T. ) ;
#2908 = PRESENTATION_STYLE_ASSIGNMENT (( #865 ) ) ;
#2909 = VERTEX_POINT ( 'NONE', #5822 ) ;
#2910 = EDGE_LOOP ( 'NONE', ( #3362, #5135, #7331, #5433 ) ) ;
#2911 = CARTESIAN_POINT ( 'NONE',  ( 1.833502650199505535, 2.415000000000000036, 7.771454861567309358 ) ) ;
#2912 = CARTESIAN_POINT ( 'NONE',  ( 2.094702979784431207, 2.415000000000000036, 9.796122837335349942 ) ) ;
#2913 = FILL_AREA_STYLE_COLOUR ( '', #5465 ) ;
#2914 = CARTESIAN_POINT ( 'NONE',  ( 3.179280699712110358, 2.415000000000000036, 9.430500212507091362 ) ) ;
#2915 = DIRECTION ( 'NONE',  ( 0.0000000000000000000, -0.0000000000000000000, 1.000000000000000000 ) ) ;
#2916 =( NAMED_UNIT ( * ) SI_UNIT ( $, .STERADIAN. ) SOLID_ANGLE_UNIT ( ) );
#2917 =( LENGTH_UNIT ( ) NAMED_UNIT ( * ) SI_UNIT ( .MILLI., .METRE. ) );
#2918 = B_SPLINE_CURVE_WITH_KNOTS ( 'NONE', 3,
 ( #1625, #5873, #6505, #8570, #4536, #1752, #4489 ),
 .UNSPECIFIED., .F., .F.,
 ( 4, 1, 1, 1, 4 ),
 ( 0.0000000000000000000, 0.2054238738851445478, 0.4393377942323248853, 0.7019779259500352753, 0.9999999999999998890 ),
 .UNSPECIFIED. ) ;
#2919 = ORIENTED_EDGE ( 'NONE', *, *, #3681, .T. ) ;
#2920 = SURFACE_STYLE_USAGE ( .BOTH. , #1695 ) ;
#2921 = PRESENTATION_STYLE_ASSIGNMENT (( #7715 ) ) ;
#2922 = CARTESIAN_POINT ( 'NONE',  ( -0.6844138778041016780, 2.415000000000000036, 5.603369413056977777 ) ) ;
#2923 = CARTESIAN_POINT ( 'NONE',  ( 1.920694830807335274, 2.415000000000000036, 9.903736548030057207 ) ) ;
#2924 = CARTESIAN_POINT ( 'NONE',  ( -1.575557623354500558, 2.415000000000000036, 9.769347752623600556 ) ) ;
#2925 = CIRCLE ( 'NONE', #1674, 0.4049999999999999711 ) ;
#2926 = LINE ( 'NONE', #5097, #5699 ) ;
#2927 = DIRECTION ( 'NONE',  ( 0.0000000000000000000, 1.000000000000000000, 0.0000000000000000000 ) ) ;
#2928 = CARTESIAN_POINT ( 'NONE',  ( 1.790298704016105358, 2.415000000000000036, 5.378521464881703906 ) ) ;
#2929 = VERTEX_POINT ( 'NONE', #2222 ) ;
#2930 = CARTESIAN_POINT ( 'NONE',  ( -3.190470526753126368, 2.415000000000000036, 7.610252234112473424 ) ) ;
#2931 = EDGE_CURVE ( 'NONE', #8111, #35, #6663, .T. ) ;
#2932 = VECTOR ( 'NONE', #3521, 1000.000000000000000 ) ;
#2933 = CARTESIAN_POINT ( 'NONE',  ( 2.809529473246874076, 2.415000000000000036, 7.630484605907344786 ) ) ;
#2934 = CARTESIAN_POINT ( 'NONE',  ( 2.059529473246874520, 2.415000000000000036, 5.517944541804781444 ) ) ;
#2935 = CARTESIAN_POINT ( 'NONE',  ( -0.4853423216249206362, 2.415000000000000036, 9.386454157189398018 ) ) ;
#2936 = CARTESIAN_POINT ( 'NONE',  ( 1.130042293759694561, 2.415000000000000036, 9.886654477702217392 ) ) ;
#2937 = LINE ( 'NONE', #3766, #5861 ) ;
#2938 = VERTEX_POINT ( 'NONE', #2404 ) ;
#2939 = EDGE_CURVE ( 'NONE', #3818, #8224, #4321, .T. ) ;
#2940 = UNCERTAINTY_MEASURE_WITH_UNIT (LENGTH_MEASURE( 1.000000000000000082E-05 ), #449, 'distance_accuracy_value', 'NONE');
#2941 = CARTESIAN_POINT ( 'NONE',  ( 0.04204412621360113789, 2.415000000000000036, 2.523224168073383566 ) ) ;
#2942 = ORIENTED_EDGE ( 'NONE', *, *, #714, .T. ) ;
#2943 = VERTEX_POINT ( 'NONE', #8476 ) ;
#2944 = ADVANCED_FACE ( 'NONE', ( #5008 ), #3662, .T. ) ;
#2945 = CARTESIAN_POINT ( 'NONE',  ( 1.876558362762637211, 2.415000000000000036, 8.159027400625468829 ) ) ;
#2946 = B_SPLINE_CURVE_WITH_KNOTS ( 'NONE', 3,
 ( #5945, #4015, #2535, #1284, #3972, #3833, #5265, #5224, #555, #8823, #4718 ),
 .UNSPECIFIED., .F., .F.,
 ( 4, 1, 1, 1, 1, 1, 1, 1, 4 ),
 ( 0.0000000000000000000, 0.1321078037553209683, 0.2593159876288023691, 0.3820182675870161249, 0.5031131346167833085, 0.6231152526834965455, 0.7454263458051431090, 0.8698709050020640987, 1.000000000000000000 ),
 .UNSPECIFIED. ) ;
#2947 = COLOUR_RGB ( '',0.2509803921568627416, 0.2509803921568627416, 0.2509803921568627416 ) ;
#2948 = VECTOR ( 'NONE', #6690, 1000.000000000000000 ) ;
#2949 = FACE_BOUND ( 'NONE', #4364, .T. ) ;
#2950 = SURFACE_STYLE_USAGE ( .BOTH. , #7054 ) ;
#2951 = PLANE ( 'NONE',  #3026 ) ;
#2952 = DIRECTION ( 'NONE',  ( 1.000000000000000000, 0.0000000000000000000, 0.0000000000000000000 ) ) ;
#2953 = STYLED_ITEM ( 'NONE', ( #7708 ), #5803 ) ;
#2954 = ORIENTED_EDGE ( 'NONE', *, *, #4762, .F. ) ;
#2955 = CARTESIAN_POINT ( 'NONE',  ( -0.2070907676565017230, 2.415000000000000036, 7.326454494349208701 ) ) ;
#2956 = EDGE_LOOP ( 'NONE', ( #3792, #1733, #2150, #1259, #6583 ) ) ;
#2957 = VERTEX_POINT ( 'NONE', #6046 ) ;
#2958 = CARTESIAN_POINT ( 'NONE',  ( -3.553966716850398111, 2.415000000000000036, 9.983972076850950117 ) ) ;
#2959 = VECTOR ( 'NONE', #5573, 1000.000000000000000 ) ;
#2960 = CARTESIAN_POINT ( 'NONE',  ( 1.183594538205786195, 2.415000000000000036, 5.902505462006152115 ) ) ;
#2961 = DIRECTION ( 'NONE',  ( -0.8573969048595110332, 0.0000000000000000000, 0.5146557563433353799 ) ) ;
#2962 = PRESENTATION_STYLE_ASSIGNMENT (( #6943 ) ) ;
#2963 = VECTOR ( 'NONE', #7955, 1000.000000000000114 ) ;
#2964 = CARTESIAN_POINT ( 'NONE',  ( 0.3992730629904645001, 2.415000000000000036, 9.523072746932985666 ) ) ;
#2965 = CARTESIAN_POINT ( 'NONE',  ( -2.104533026753125480, 2.415000000000000036, 7.894306721291962425 ) ) ;
#2966 = CARTESIAN_POINT ( 'NONE',  ( -2.553167835838997757, 2.415000000000000036, 9.395478156604539777 ) ) ;
#2967 = DIRECTION ( 'NONE',  ( 0.0000000000000000000, 0.0000000000000000000, 1.000000000000000000 ) ) ;
#2968 = ORIENTED_EDGE ( 'NONE', *, *, #5157, .F. ) ;
#2969 = COLOUR_RGB ( '',0.8274509803921568096, 0.8392156862745098200, 0.8274509803921568096 ) ;
#2970 = STYLED_ITEM ( 'NONE', ( #5006 ), #7069 ) ;
#2971 = CARTESIAN_POINT ( 'NONE',  ( -7.214999999999998082, -2.260000000000000231, 12.03999999999999915 ) ) ;
#2972 = LINE ( 'NONE', #3623, #2932 ) ;
#2973 = CARTESIAN_POINT ( 'NONE',  ( 1.224016452763651008, 2.415000000000000036, 9.795558085414999283 ) ) ;
#2974 = CARTESIAN_POINT ( 'NONE',  ( 2.514657678375079364, 2.415000000000000036, 9.971790695650936343 ) ) ;
#2975 = LINE ( 'NONE', #986, #5130 ) ;
#2976 = FILL_AREA_STYLE ('',( #257 ) ) ;
#2977 = STYLED_ITEM ( 'NONE', ( #7686 ), #8340 ) ;
#2978 = AXIS2_PLACEMENT_3D ( 'NONE', #1329, #902, #3460 ) ;
#2979 = FILL_AREA_STYLE_COLOUR ( '', #8320 ) ;
#2980 = FILL_AREA_STYLE ('',( #7216 ) ) ;
#2981 = CARTESIAN_POINT ( 'NONE',  ( -0.2501292894955920998, 2.415000000000000036, 5.299950339663638488 ) ) ;
#2982 = EDGE_LOOP ( 'NONE', ( #5701, #5958, #5870, #5802, #6015 ) ) ;
#2983 = CARTESIAN_POINT ( 'NONE',  ( 4.439526206917434159, 2.415000000000000036, 2.069425971824442101 ) ) ;
#2984 = AXIS2_PLACEMENT_3D ( 'NONE', #2523, #5253, #5796 ) ;
#2985 = DIRECTION ( 'NONE',  ( -1.000000000000000000, 0.0000000000000000000, 0.0000000000000000000 ) ) ;
#2986 =( NAMED_UNIT ( * ) SI_UNIT ( $, .STERADIAN. ) SOLID_ANGLE_UNIT ( ) );
#2987 = VECTOR ( 'NONE', #1247, 1000.000000000000000 ) ;
#2988 = CARTESIAN_POINT ( 'NONE',  ( 0.7454269091443107564, 2.415000000000000036, 9.689739413599653517 ) ) ;
#2989 = CARTESIAN_POINT ( 'NONE',  ( 1.611068895271149159, 2.415000000000000036, 5.392725562853319055 ) ) ;
#2990 = EDGE_CURVE ( 'NONE', #4600, #4651, #362, .T. ) ;
#2991 = EDGE_LOOP ( 'NONE', ( #7342, #4388, #7711, #5604 ) ) ;
#2992 = SURFACE_STYLE_USAGE ( .BOTH. , #2618 ) ;
#2993 = EDGE_LOOP ( 'NONE', ( #7524, #7790, #504, #5285 ) ) ;
#2994 = CARTESIAN_POINT ( 'NONE',  ( -4.888132034355963995, 2.415000000000000036, 1.165999999999999259 ) ) ;
#2995 = EDGE_CURVE ( 'NONE', #2866, #8876, #4657, .T. ) ;
#2996 = FILL_AREA_STYLE_COLOUR ( '', #5108 ) ;
#2997 = CARTESIAN_POINT ( 'NONE',  ( 1.905000000000000027, 0.0000000000000000000, -3.299999999999999822 ) ) ;
#2998 = EDGE_CURVE ( 'NONE', #2459, #8764, #2760, .T. ) ;
#2999 = PRESENTATION_STYLE_ASSIGNMENT (( #5799 ) ) ;
#3000 = EDGE_CURVE ( 'NONE', #6402, #180, #3852, .T. ) ;
#3001 = DIRECTION ( 'NONE',  ( -0.6895740745890407419, 0.0000000000000000000, -0.7242151583988476471 ) ) ;
#3002 = VERTEX_POINT ( 'NONE', #5915 ) ;
#3003 = DIRECTION ( 'NONE',  ( 1.000000000000000000, -0.0000000000000000000, 0.0000000000000000000 ) ) ;
#3004 = ORIENTED_EDGE ( 'NONE', *, *, #208, .F. ) ;
#3005 = EDGE_CURVE ( 'NONE', #5506, #5003, #8710, .T. ) ;
#3006 = SURFACE_SIDE_STYLE ('',( #8511 ) ) ;
#3007 = PRESENTATION_LAYER_ASSIGNMENT (  '', '', ( #1035 ) ) ;
#3008 = LINE ( 'NONE', #4325, #7152 ) ;
#3009 = CARTESIAN_POINT ( 'NONE',  ( 2.875937509479705945, 2.415000000000000036, 9.257819258478496849 ) ) ;
#3010 = PRESENTATION_STYLE_ASSIGNMENT (( #2169 ) ) ;
#3011 = CARTESIAN_POINT ( 'NONE',  ( -1.801848731881332544, 2.415000000000000036, 9.228200952061190065 ) ) ;
#3012 = ADVANCED_FACE ( 'NONE', ( #5955 ), #8836, .T. ) ;
#3013 = CARTESIAN_POINT ( 'NONE',  ( -4.782066017177982076, 2.265000000000000124, 0.9720660171779816894 ) ) ;
#3014 = DIRECTION ( 'NONE',  ( 0.0000000000000000000, 0.0000000000000000000, 1.000000000000000000 ) ) ;
#3015 = ORIENTED_EDGE ( 'NONE', *, *, #1170, .T. ) ;
#3016 = COLOUR_RGB ( '',0.2509803921568627416, 0.2509803921568627416, 0.2509803921568627416 ) ;
#3017 = MECHANICAL_DESIGN_GEOMETRIC_PRESENTATION_REPRESENTATION (  '', ( #3607 ), #4172 ) ;
#3018 = CARTESIAN_POINT ( 'NONE',  ( -1.822904582577610455, 2.415000000000000036, 9.817701429080543107 ) ) ;
#3019 = ORIENTED_EDGE ( 'NONE', *, *, #4391, .T. ) ;
#3020 = DIRECTION ( 'NONE',  ( -0.7071067811865476838, 0.0000000000000000000, 0.7071067811865474617 ) ) ;
#3021 = CARTESIAN_POINT ( 'NONE',  ( 2.948609790292638699, 2.415000000000000036, 9.400738407294758403 ) ) ;
#3022 = SURFACE_STYLE_FILL_AREA ( #7716 ) ;
#3023 = FACE_OUTER_BOUND ( 'NONE', #6621, .T. ) ;
#3024 =( NAMED_UNIT ( * ) PLANE_ANGLE_UNIT ( ) SI_UNIT ( $, .RADIAN. ) );
#3025 = MECHANICAL_DESIGN_GEOMETRIC_PRESENTATION_REPRESENTATION (  '', ( #6774 ), #6633 ) ;
#3026 = AXIS2_PLACEMENT_3D ( 'NONE', #8500, #5028, #4404 ) ;
#3027 = CARTESIAN_POINT ( 'NONE',  ( 1.681474407415371353, 2.415000000000000036, 7.463291725126536491 ) ) ;
#3028 = CARTESIAN_POINT ( 'NONE',  ( -7.214999999999999858, 2.265000000000000124, 1.166000000000000814 ) ) ;
#3029 = PRESENTATION_STYLE_ASSIGNMENT (( #3855 ) ) ;
#3030 = PRESENTATION_LAYER_ASSIGNMENT (  '', '', ( #1465 ) ) ;
#3031 = ORIENTED_EDGE ( 'NONE', *, *, #3969, .T. ) ;
#3032 = AXIS2_PLACEMENT_3D ( 'NONE', #4466, #7198, #1687 ) ;
#3033 = DIRECTION ( 'NONE',  ( 1.000000000000000000, 0.0000000000000000000, -0.0000000000000000000 ) ) ;
#3034 =( NAMED_UNIT ( * ) PLANE_ANGLE_UNIT ( ) SI_UNIT ( $, .RADIAN. ) );
#3035 = CARTESIAN_POINT ( 'NONE',  ( 2.169906075810976720, 2.415000000000000036, 9.817944541804781267 ) ) ;
#3036 = AXIS2_PLACEMENT_3D ( 'NONE', #1342, #6810, #7660 ) ;
#3037 = CARTESIAN_POINT ( 'NONE',  ( -0.7455699469287200287, 2.415000000000000036, 2.325836228234699821 ) ) ;
#3038 = ORIENTED_EDGE ( 'NONE', *, *, #5150, .F. ) ;
#3039 = UNCERTAINTY_MEASURE_WITH_UNIT (LENGTH_MEASURE( 1.000000000000000082E-05 ), #3395, 'distance_accuracy_value', 'NONE');
#3040 = CARTESIAN_POINT ( 'NONE',  ( -1.415493909680426432, 2.415000000000000036, 5.290813164706726468 ) ) ;
#3041 = ORIENTED_EDGE ( 'NONE', *, *, #6867, .F. ) ;
#3042 =( GEOMETRIC_REPRESENTATION_CONTEXT ( 3 ) GLOBAL_UNCERTAINTY_ASSIGNED_CONTEXT ( ( #5939 ) ) GLOBAL_UNIT_ASSIGNED_CONTEXT ( ( #6465, #4184, #3079 ) ) REPRESENTATION_CONTEXT ( 'NONE', 'WORKASPACE' ) );
#3043 = EDGE_CURVE ( 'NONE', #6608, #4069, #1872, .T. ) ;
#3044 = FACE_OUTER_BOUND ( 'NONE', #763, .T. ) ;
#3045 = CARTESIAN_POINT ( 'NONE',  ( -3.810000000000000053, 2.265000000000000124, 0.2121320343559644495 ) ) ;
#3046 = DIRECTION ( 'NONE',  ( -0.0000000000000000000, -0.0000000000000000000, -1.000000000000000000 ) ) ;
#3047 = CARTESIAN_POINT ( 'NONE',  ( -3.308831555130590907, 2.415000000000000036, 9.641429976311005845 ) ) ;
#3048 = AXIS2_PLACEMENT_3D ( 'NONE', #5636, #2315, #344 ) ;
#3049 = UNCERTAINTY_MEASURE_WITH_UNIT (LENGTH_MEASURE( 1.000000000000000082E-05 ), #5691, 'distance_accuracy_value', 'NONE');
#3050 = CARTESIAN_POINT ( 'NONE',  ( 2.264657678375079364, 2.415000000000000036, 7.161534285394524524 ) ) ;
#3051 = ORIENTED_EDGE ( 'NONE', *, *, #1725, .F. ) ;
#3052 = VERTEX_POINT ( 'NONE', #1297 ) ;
#3053 = EDGE_LOOP ( 'NONE', ( #5001, #4580, #6686, #4272 ) ) ;
#3054 = EDGE_CURVE ( 'NONE', #7289, #1598, #1346, .T. ) ;
#3055 = FILL_AREA_STYLE ('',( #3648 ) ) ;
#3056 = CARTESIAN_POINT ( 'NONE',  ( -3.594237831989392618, 2.415000000000000036, 9.703168001257127528 ) ) ;
#3057 = SURFACE_STYLE_FILL_AREA ( #7853 ) ;
#3058 = DIRECTION ( 'NONE',  ( -0.7071067811865475727, 0.0000000000000000000, 0.7071067811865475727 ) ) ;
#3059 = CARTESIAN_POINT ( 'NONE',  ( 7.215000000000001634, 2.265000000000000124, 9.865126265847081299 ) ) ;
#3060 = FACE_BOUND ( 'NONE', #1104, .T. ) ;
#3061 = FILL_AREA_STYLE_COLOUR ( '', #4572 ) ;
#3062 = ORIENTED_EDGE ( 'NONE', *, *, #8723, .F. ) ;
#3063 = ADVANCED_FACE ( 'NONE', ( #2126 ), #32, .T. ) ;
#3064 = LINE ( 'NONE', #5626, #6284 ) ;
#3065 = ORIENTED_EDGE ( 'NONE', *, *, #8675, .F. ) ;
#3066 = FILL_AREA_STYLE ('',( #2310 ) ) ;
#3067 = CARTESIAN_POINT ( 'NONE',  ( 3.017268896621219110, 2.415000000000000036, 9.382692135669637779 ) ) ;
#3068 = CARTESIAN_POINT ( 'NONE',  ( 1.924247210216580406, 2.415000000000000036, 5.891924019679620095 ) ) ;
#3069 = CARTESIAN_POINT ( 'NONE',  ( 5.040126265847093556, -2.410000000000000142, 12.03999999999999915 ) ) ;
#3070 = CARTESIAN_POINT ( 'NONE',  ( 0.2197858835032845959, 2.415000000000000036, 9.602399670009909016 ) ) ;
#3071 = CARTESIAN_POINT ( 'NONE',  ( 1.721375293892554170, 2.415000000000000036, 7.550701633349711450 ) ) ;
#3072 = DIRECTION ( 'NONE',  ( -1.000000000000000000, 0.0000000000000000000, 0.0000000000000000000 ) ) ;
#3073 = CARTESIAN_POINT ( 'NONE',  ( -1.822513758789406690, 2.415000000000000036, 9.984262835714115880 ) ) ;
#3074 = PLANE ( 'NONE',  #267 ) ;
#3075 = ORIENTED_EDGE ( 'NONE', *, *, #5702, .T. ) ;
#3076 = PLANE ( 'NONE',  #3737 ) ;
#3077 = DIRECTION ( 'NONE',  ( -0.7071067811865473507, 0.0000000000000000000, -0.7071067811865477948 ) ) ;
#3078 = CARTESIAN_POINT ( 'NONE',  ( 1.722445216899618048, 2.415000000000000036, 8.129335592994506143 ) ) ;
#3079 =( NAMED_UNIT ( * ) SI_UNIT ( $, .STERADIAN. ) SOLID_ANGLE_UNIT ( ) );
#3080 = CARTESIAN_POINT ( 'NONE',  ( 5.040126265847093556, 2.265000000000000124, 12.03999999999999915 ) ) ;
#3081 = CARTESIAN_POINT ( 'NONE',  ( -0.2164614092711739102, 2.415000000000000036, 5.095547587552523794 ) ) ;
#3082 = EDGE_LOOP ( 'NONE', ( #3946, #2551, #7558, #3015 ) ) ;
#3083 = DIRECTION ( 'NONE',  ( -1.000000000000000000, 0.0000000000000000000, 0.0000000000000000000 ) ) ;
#3084 = AXIS2_PLACEMENT_3D ( 'NONE', #7439, #1255, #6056 ) ;
#3085 = CARTESIAN_POINT ( 'NONE',  ( -1.509581103676202574, 2.415000000000000036, 5.415380439240678356 ) ) ;
#3086 = ORIENTED_EDGE ( 'NONE', *, *, #4152, .F. ) ;
#3087 = FILL_AREA_STYLE ('',( #3235 ) ) ;
#3088 = PRESENTATION_STYLE_ASSIGNMENT (( #7185 ) ) ;
#3089 = CARTESIAN_POINT ( 'NONE',  ( -2.837933982822018031, 2.265000000000000124, 0.9720660171779816894 ) ) ;
#3090 =( GEOMETRIC_REPRESENTATION_CONTEXT ( 3 ) GLOBAL_UNCERTAINTY_ASSIGNED_CONTEXT ( ( #1101 ) ) GLOBAL_UNIT_ASSIGNED_CONTEXT ( ( #1944, #5371, #7452 ) ) REPRESENTATION_CONTEXT ( 'NONE', 'WORKASPACE' ) );
#3091 = CARTESIAN_POINT ( 'NONE',  ( 0.2197858835032845959, 2.415000000000000036, 9.602399670009909016 ) ) ;
#3092 = DIRECTION ( 'NONE',  ( 0.7071067811865481278, 2.891205793294677044E-15, -0.7071067811865466846 ) ) ;
#3093 = ORIENTED_EDGE ( 'NONE', *, *, #5928, .T. ) ;
#3094 = FILL_AREA_STYLE ('',( #1820 ) ) ;
#3095 = ORIENTED_EDGE ( 'NONE', *, *, #4265, .T. ) ;
#3096 = VERTEX_POINT ( 'NONE', #115 ) ;
#3097 = CARTESIAN_POINT ( 'NONE',  ( 2.169906075810976720, 2.415000000000000036, 9.817944541804781267 ) ) ;
#3098 = B_SPLINE_CURVE_WITH_KNOTS ( 'NONE', 3,
 ( #1921, #7385, #3117, #5820, #7212, #3167, #5194, #6589, #5912, #8708, #5235 ),
 .UNSPECIFIED., .F., .F.,
 ( 4, 1, 1, 1, 1, 1, 1, 1, 4 ),
 ( 0.0000000000000000000, 0.09110603119158616758, 0.1876119687676823244, 0.2890490197334200650, 0.3959236037138119668, 0.5155235827316462238, 0.6558991627030880123, 0.8175758913011125228, 1.000000000000000000 ),
 .UNSPECIFIED. ) ;
#3099 = CARTESIAN_POINT ( 'NONE',  ( -2.324760663170816866, 2.415000000000000036, 7.691317584682067832 ) ) ;
#3100 = FILL_AREA_STYLE_COLOUR ( '', #7793 ) ;
#3101 = DIRECTION ( 'NONE',  ( 1.000000000000000000, 0.0000000000000000000, 0.0000000000000000000 ) ) ;
#3102 = VECTOR ( 'NONE', #430, 1000.000000000000000 ) ;
#3103 = CARTESIAN_POINT ( 'NONE',  ( -1.098935331544104832, 2.415000000000000036, 2.095066997465468983 ) ) ;
#3104 = MECHANICAL_DESIGN_GEOMETRIC_PRESENTATION_REPRESENTATION (  '', ( #8025 ), #679 ) ;
#3105 = CARTESIAN_POINT ( 'NONE',  ( 2.299313127093028264, 2.415000000000000036, 8.161534285394525412 ) ) ;
#3106 = EDGE_CURVE ( 'NONE', #4365, #6839, #6895, .T. ) ;
#3107 = CARTESIAN_POINT ( 'NONE',  ( -1.838903360080619054, 2.415000000000000036, 9.512532573752640275 ) ) ;
#3108 = ORIENTED_EDGE ( 'NONE', *, *, #8779, .F. ) ;
#3109 = CARTESIAN_POINT ( 'NONE',  ( 2.016660883503284651, 2.415000000000000036, 5.517944541804781444 ) ) ;
#3110 = VERTEX_POINT ( 'NONE', #737 ) ;
#3111 = SURFACE_STYLE_FILL_AREA ( #7113 ) ;
#3112 = CARTESIAN_POINT ( 'NONE',  ( -2.052011683616922877, 2.415000000000000036, 7.155523776049271589 ) ) ;
#3113 = SURFACE_STYLE_USAGE ( .BOTH. , #6539 ) ;
#3114 = VECTOR ( 'NONE', #345, 1000.000000000000000 ) ;
#3115 = SURFACE_SIDE_STYLE ('',( #7165 ) ) ;
#3116 =( LENGTH_UNIT ( ) NAMED_UNIT ( * ) SI_UNIT ( .MILLI., .METRE. ) );
#3117 = CARTESIAN_POINT ( 'NONE',  ( -0.07663037722360926951, 2.415000000000000036, 2.530065630646785468 ) ) ;
#3118 = EDGE_CURVE ( 'NONE', #7289, #7644, #2648, .T. ) ;
#3119 = EDGE_CURVE ( 'NONE', #7643, #7391, #4417, .T. ) ;
#3120 = SURFACE_STYLE_FILL_AREA ( #390 ) ;
#3121 = DIRECTION ( 'NONE',  ( 0.0000000000000000000, -0.0000000000000000000, 1.000000000000000000 ) ) ;
#3122 = EDGE_CURVE ( 'NONE', #8493, #2957, #5485, .T. ) ;
#3123 = STYLED_ITEM ( 'NONE', ( #3426 ), #5255 ) ;
#3124 = CARTESIAN_POINT ( 'NONE',  ( 5.040126265847094444, -2.410000000000000142, 12.03999999999999915 ) ) ;
#3125 = AXIS2_PLACEMENT_3D ( 'NONE', #5300, #1272, #1146 ) ;
#3126 = EDGE_LOOP ( 'NONE', ( #8354, #6523, #7361, #8800, #3342, #1468, #1896, #3916, #1531, #5734, #3371, #2693 ) ) ;
#3127 = AXIS2_PLACEMENT_3D ( 'NONE', #2259, #3014, #7251 ) ;
#3128 = FILL_AREA_STYLE_COLOUR ( '', #4815 ) ;
#3129 = ORIENTED_EDGE ( 'NONE', *, *, #1439, .T. ) ;
#3130 =( LENGTH_UNIT ( ) NAMED_UNIT ( * ) SI_UNIT ( .MILLI., .METRE. ) );
#3131 = FILL_AREA_STYLE_COLOUR ( '', #8667 ) ;
#3132 = CARTESIAN_POINT ( 'NONE',  ( -2.370634096782499700, 2.415000000000000036, 9.630037541849947758 ) ) ;
#3133 = VECTOR ( 'NONE', #4776, 1000.000000000000000 ) ;
#3134 = PRESENTATION_LAYER_ASSIGNMENT (  '', '', ( #2970 ) ) ;
#3135 = DIRECTION ( 'NONE',  ( -1.000000000000000000, 0.0000000000000000000, 5.978271136194193815E-16 ) ) ;
#3136 = CARTESIAN_POINT ( 'NONE',  ( 1.222189729657130242, 2.415000000000000036, 6.082047105907345319 ) ) ;
#3137 = EDGE_CURVE ( 'NONE', #1844, #8019, #4925, .T. ) ;
#3138 = VERTEX_POINT ( 'NONE', #5622 ) ;
#3139 = UNCERTAINTY_MEASURE_WITH_UNIT (LENGTH_MEASURE( 1.000000000000000082E-05 ), #3628, 'distance_accuracy_value', 'NONE');
#3140 = LINE ( 'NONE', #6561, #8163 ) ;
#3141 = PRESENTATION_LAYER_ASSIGNMENT (  '', '', ( #4012 ) ) ;
#3142 = CARTESIAN_POINT ( 'NONE',  ( 0.9120935758109769420, 2.415000000000000036, 7.877680118727859337 ) ) ;
#3143 = EDGE_LOOP ( 'NONE', ( #6112, #5521, #6795, #5481 ) ) ;
#3144 = DIRECTION ( 'NONE',  ( -1.000000000000000000, 0.0000000000000000000, 0.0000000000000000000 ) ) ;
#3145 = CARTESIAN_POINT ( 'NONE',  ( 2.674429751244466580, 2.415000000000000036, 9.678502806177077034 ) ) ;
#3146 = CARTESIAN_POINT ( 'NONE',  ( -2.731867965644036111, -2.410000000000000142, 1.165999999999999259 ) ) ;
#3147 = CARTESIAN_POINT ( 'NONE',  ( 0.7635921708871113989, 2.415000000000000036, 7.743165199195193082 ) ) ;
#3148 = DIRECTION ( 'NONE',  ( -1.000000000000000000, 0.0000000000000000000, 0.0000000000000000000 ) ) ;
#3149 = CARTESIAN_POINT ( 'NONE',  ( 2.525875627093027820, 2.415000000000000036, 8.161534285394525412 ) ) ;
#3150 = ORIENTED_EDGE ( 'NONE', *, *, #6257, .F. ) ;
#3151 = CIRCLE ( 'NONE', #6023, 0.1500000000000008271 ) ;
#3152 =( NAMED_UNIT ( * ) SI_UNIT ( $, .STERADIAN. ) SOLID_ANGLE_UNIT ( ) );
#3153 = DIRECTION ( 'NONE',  ( 0.0000000000000000000, 0.0000000000000000000, 1.000000000000000000 ) ) ;
#3154 = CARTESIAN_POINT ( 'NONE',  ( -1.857137193419791554, 2.415000000000000036, 7.348833964881704262 ) ) ;
#3155 = CARTESIAN_POINT ( 'NONE',  ( 5.040126265847094444, -2.260000000000000231, 12.03999999999999915 ) ) ;
#3156 = DIRECTION ( 'NONE',  ( 0.0000000000000000000, 1.000000000000000000, 0.0000000000000000000 ) ) ;
#3157 = CARTESIAN_POINT ( 'NONE',  ( 5.510000000000000675, 3.735172737399425174E-17, -3.500000000000000000 ) ) ;
#3158 = SURFACE_STYLE_USAGE ( .BOTH. , #7999 ) ;
#3159 = VERTEX_POINT ( 'NONE', #8552 ) ;
#3160 = SURFACE_STYLE_FILL_AREA ( #1915 ) ;
#3161 = ORIENTED_EDGE ( 'NONE', *, *, #3725, .T. ) ;
#3162 = AXIS2_PLACEMENT_3D ( 'NONE', #1655, #7910, #7256 ) ;
#3163 = FACE_OUTER_BOUND ( 'NONE', #4859, .T. ) ;
#3164 =( LENGTH_UNIT ( ) NAMED_UNIT ( * ) SI_UNIT ( .MILLI., .METRE. ) );
#3165 = ADVANCED_FACE ( 'NONE', ( #1606 ), #6981, .T. ) ;
#3166 = DIRECTION ( 'NONE',  ( 0.0000000000000000000, 1.000000000000000000, 0.0000000000000000000 ) ) ;
#3167 = CARTESIAN_POINT ( 'NONE',  ( -0.2257070537230568275, 2.415000000000000036, 2.503735655084724510 ) ) ;
#3168 = DIRECTION ( 'NONE',  ( 1.000000000000000000, 0.0000000000000000000, 0.0000000000000000000 ) ) ;
#3169 = CARTESIAN_POINT ( 'NONE',  ( -2.081496167778767337, 2.415000000000000036, 5.530765054625294219 ) ) ;
#3170 = AXIS2_PLACEMENT_3D ( 'NONE', #2034, #5471, #7646 ) ;
#3171 = FILL_AREA_STYLE ('',( #6644 ) ) ;
#3172 = CARTESIAN_POINT ( 'NONE',  ( 0.03930682599162508423, 2.415000000000000036, 7.698846781405822348 ) ) ;
#3173 = VERTEX_POINT ( 'NONE', #7854 ) ;
#3174 = EDGE_CURVE ( 'NONE', #7009, #6533, #2170, .T. ) ;
#3175 = PRESENTATION_STYLE_ASSIGNMENT (( #8661 ) ) ;
#3176 = VERTEX_POINT ( 'NONE', #1688 ) ;
#3177 = CARTESIAN_POINT ( 'NONE',  ( 2.169906075810976720, 2.415000000000000036, 9.817944541804781267 ) ) ;
#3178 = AXIS2_PLACEMENT_3D ( 'NONE', #7255, #5952, #8703 ) ;
#3179 = CARTESIAN_POINT ( 'NONE',  ( -2.383978789339029625, 2.415000000000000036, 9.691809916287443372 ) ) ;
#3180 = VECTOR ( 'NONE', #2431, 1000.000000000000000 ) ;
#3181 = EDGE_CURVE ( 'NONE', #8000, #1549, #2711, .T. ) ;
#3182 = CARTESIAN_POINT ( 'NONE',  ( 4.888132034355965772, 2.265000000000000124, 1.166000000000000814 ) ) ;
#3183 = SURFACE_SIDE_STYLE ('',( #7355 ) ) ;
#3184 =( NAMED_UNIT ( * ) SI_UNIT ( $, .STERADIAN. ) SOLID_ANGLE_UNIT ( ) );
#3185 = CARTESIAN_POINT ( 'NONE',  ( -2.265302178656702026, 2.415000000000000036, 7.146832220928814650 ) ) ;
#3186 = ORIENTED_EDGE ( 'NONE', *, *, #7243, .T. ) ;
#3187 = PRESENTATION_LAYER_ASSIGNMENT (  '', '', ( #2738 ) ) ;
#3188 = CARTESIAN_POINT ( 'NONE',  ( -1.222521808804407417, 2.415000000000000036, 5.594867618727858982 ) ) ;
#3189 = EDGE_CURVE ( 'NONE', #3370, #3495, #5645, .T. ) ;
#3190 = CARTESIAN_POINT ( 'NONE',  ( -1.228932065214663805, 2.415000000000000036, 5.235893259753499507 ) ) ;
#3191 = VERTEX_POINT ( 'NONE', #470 ) ;
#3192 = CARTESIAN_POINT ( 'NONE',  ( 7.214999999999999858, -2.260000000000000231, 1.166000000000000814 ) ) ;
#3193 = CARTESIAN_POINT ( 'NONE',  ( -3.916066017177982417, -2.410000000000000142, 0.1060660171779821692 ) ) ;
#3194 = FILL_AREA_STYLE ('',( #359 ) ) ;
#3195 = VECTOR ( 'NONE', #1506, 1000.000000000000000 ) ;
#3196 = DIRECTION ( 'NONE',  ( 1.000000000000000000, 0.0000000000000000000, 0.0000000000000000000 ) ) ;
#3197 =( NAMED_UNIT ( * ) PLANE_ANGLE_UNIT ( ) SI_UNIT ( $, .RADIAN. ) );
#3198 = APPLICATION_CONTEXT ( 'automotive_design' ) ;
#3199 = FILL_AREA_STYLE_COLOUR ( '', #4978 ) ;
#3200 = ORIENTED_EDGE ( 'NONE', *, *, #5590, .T. ) ;
#3201 = CARTESIAN_POINT ( 'NONE',  ( -1.985734528292955270, 2.415000000000000036, 7.747551322884418390 ) ) ;
#3202 = ORIENTED_EDGE ( 'NONE', *, *, #6805, .T. ) ;
#3203 = CARTESIAN_POINT ( 'NONE',  ( -2.440734849581623678, 2.415000000000000036, 8.035255406456084160 ) ) ;
#3204 = CARTESIAN_POINT ( 'NONE',  ( -7.365000000000000213, -2.260000000000000231, 1.016000000000000902 ) ) ;
#3205 = FILL_AREA_STYLE ('',( #3100 ) ) ;
#3206 = CARTESIAN_POINT ( 'NONE',  ( 0.0000000000000000000, 2.415000000000000036, 0.0000000000000000000 ) ) ;
#3207 = AXIS2_PLACEMENT_3D ( 'NONE', #6543, #391, #3121 ) ;
#3208 = DIRECTION ( 'NONE',  ( 1.000000000000000000, 0.0000000000000000000, 0.0000000000000000000 ) ) ;
#3209 = CARTESIAN_POINT ( 'NONE',  ( -7.364999999999998437, -2.260000000000000231, 12.18999999999999950 ) ) ;
#3210 = CARTESIAN_POINT ( 'NONE',  ( -1.863426803883989624, 2.415000000000000036, 9.492608507169860488 ) ) ;
#3211 = ORIENTED_EDGE ( 'NONE', *, *, #5209, .T. ) ;
#3212 = DIRECTION ( 'NONE',  ( -1.000000000000000000, 0.0000000000000000000, -2.716326130063896955E-16 ) ) ;
#3213 = EDGE_LOOP ( 'NONE', ( #634, #3330, #4893, #7860, #6696, #4310, #4551, #7351 ) ) ;
#3214 = AXIS2_PLACEMENT_3D ( 'NONE', #1738, #5947, #1069 ) ;
#3215 = PRESENTATION_STYLE_ASSIGNMENT (( #6637 ) ) ;
#3216 = DIRECTION ( 'NONE',  ( -1.000000000000000000, 1.224646799147352714E-16, 0.0000000000000000000 ) ) ;
#3217 = CARTESIAN_POINT ( 'NONE',  ( 0.8220161206170030210, 2.415000000000000036, 5.730168022680821593 ) ) ;
#3218 = CARTESIAN_POINT ( 'NONE',  ( 1.879077879116846317, 2.415000000000000036, 7.597140184698021770 ) ) ;
#3219 = CARTESIAN_POINT ( 'NONE',  ( -1.017727871202784407, 2.415000000000000036, 5.872758996843857382 ) ) ;
#3220 = CARTESIAN_POINT ( 'NONE',  ( 0.9211294842485442391, 2.415000000000000036, 7.833201135603268028 ) ) ;
#3221 = ORIENTED_EDGE ( 'NONE', *, *, #2628, .F. ) ;
#3222 = VERTEX_POINT ( 'NONE', #2538 ) ;
#3223 = CARTESIAN_POINT ( 'NONE',  ( 1.653715831967298655, 2.415000000000000036, 5.218651041533983737 ) ) ;
#3224 =( NAMED_UNIT ( * ) SI_UNIT ( $, .STERADIAN. ) SOLID_ANGLE_UNIT ( ) );
#3225 =( NAMED_UNIT ( * ) PLANE_ANGLE_UNIT ( ) SI_UNIT ( $, .RADIAN. ) );
#3226 = B_SPLINE_CURVE_WITH_KNOTS ( 'NONE', 3,
 ( #3896, #1837, #4575, #6641, #3217, #8748, #8052, #1880, #2024, #3965, #633, #3285, #6070, #2692, #3369, #8856, #2655, #4837, #1984 ),
 .UNSPECIFIED., .F., .F.,
 ( 4, 1, 1, 1, 1, 1, 1, 1, 1, 1, 1, 1, 1, 1, 1, 1, 4 ),
 ( 0.0000000000000000000, 0.06873801845649162023, 0.1347827260809424110, 0.1985266785573282233, 0.2609380074868648536, 0.3209573722164953957, 0.3798968614630110485, 0.4384931817472081939, 0.4961418687721743659, 0.5542502651288304660, 0.6127307822953288463, 0.6724926430821845935, 0.7339737958451262312, 0.7967992111156347868, 0.8619422157468391577, 0.9294010672380268456, 1.000000000000000000 ),
 .UNSPECIFIED. ) ;
#3227 = CARTESIAN_POINT ( 'NONE',  ( -0.3291906956484973445, 2.415000000000000036, 9.257819258478498625 ) ) ;
#3228 = CARTESIAN_POINT ( 'NONE',  ( -0.2807948292589126926, 2.415000000000000036, 7.136369527111502187 ) ) ;
#3229 = ORIENTED_EDGE ( 'NONE', *, *, #279, .T. ) ;
#3230 = UNCERTAINTY_MEASURE_WITH_UNIT (LENGTH_MEASURE( 1.000000000000000082E-05 ), #8718, 'distance_accuracy_value', 'NONE');
#3231 = EDGE_CURVE ( 'NONE', #6371, #2561, #6806, .T. ) ;
#3232 = CARTESIAN_POINT ( 'NONE',  ( -0.3413510090497009486, 2.415000000000000036, 9.943575453173611578 ) ) ;
#3233 = EDGE_LOOP ( 'NONE', ( #4608, #4972, #8490, #1114, #3871, #3654, #7060, #17, #5201, #4883, #7734, #8088, #4174, #1552, #5328, #7073 ) ) ;
#3234 = CARTESIAN_POINT ( 'NONE',  ( -2.690618544614587826, 2.415000000000000036, 9.785603944919859742 ) ) ;
#3235 = FILL_AREA_STYLE_COLOUR ( '', #5913 ) ;
#3236 = DIRECTION ( 'NONE',  ( -1.000000000000000000, 0.0000000000000000000, 0.0000000000000000000 ) ) ;
#3237 = CARTESIAN_POINT ( 'NONE',  ( -7.364999999999998437, 2.265000000000000124, 12.18999999999999950 ) ) ;
#3238 = ADVANCED_FACE ( 'NONE', ( #3251 ), #4468, .T. ) ;
#3239 = EDGE_CURVE ( 'NONE', #7895, #4078, #923, .T. ) ;
#3240 = CARTESIAN_POINT ( 'NONE',  ( -0.3711553546595586228, 2.415000000000000036, 5.647080602766868296 ) ) ;
#3241 = CIRCLE ( 'NONE', #8584, 0.2999999999999999334 ) ;
#3242 = UNCERTAINTY_MEASURE_WITH_UNIT (LENGTH_MEASURE( 1.000000000000000082E-05 ), #6605, 'distance_accuracy_value', 'NONE');
#3243 = EDGE_CURVE ( 'NONE', #1598, #2768, #2495, .T. ) ;
#3244 = VERTEX_POINT ( 'NONE', #3103 ) ;
#3245 = ORIENTED_EDGE ( 'NONE', *, *, #342, .T. ) ;
#3246 = AXIS2_PLACEMENT_3D ( 'NONE', #661, #8282, #618 ) ;
#3247 = FACE_OUTER_BOUND ( 'NONE', #5941, .T. ) ;
#3248 = CARTESIAN_POINT ( 'NONE',  ( 1.860811524528925176, 2.415000000000000036, 9.241021464881704617 ) ) ;
#3249 = CARTESIAN_POINT ( 'NONE',  ( 0.3113210787123056877, 2.415000000000000036, 2.043784946183417883 ) ) ;
#3250 =( NAMED_UNIT ( * ) PLANE_ANGLE_UNIT ( ) SI_UNIT ( $, .RADIAN. ) );
#3251 = FACE_OUTER_BOUND ( 'NONE', #1349, .T. ) ;
#3252 = LINE ( 'NONE', #7378, #1990 ) ;
#3253 = ORIENTED_EDGE ( 'NONE', *, *, #2028, .T. ) ;
#3254 = STYLED_ITEM ( 'NONE', ( #5749 ), #4059 ) ;
#3255 = LINE ( 'NONE', #3109, #2406 ) ;
#3256 = ORIENTED_EDGE ( 'NONE', *, *, #3294, .T. ) ;
#3257 =( NAMED_UNIT ( * ) SI_UNIT ( $, .STERADIAN. ) SOLID_ANGLE_UNIT ( ) );
#3258 = LINE ( 'NONE', #5997, #7043 ) ;
#3259 = PRESENTATION_LAYER_ASSIGNMENT (  '', '', ( #4984 ) ) ;
#3260 = AXIS2_PLACEMENT_3D ( 'NONE', #6058, #5158, #619 ) ;
#3261 = FILL_AREA_STYLE ('',( #6043 ) ) ;
#3262 = CARTESIAN_POINT ( 'NONE',  ( -1.047000594909285542, 2.415000000000000036, 5.889829466158447602 ) ) ;
#3263 = CARTESIAN_POINT ( 'NONE',  ( -0.03422052675312534098, 2.415000000000000036, 5.261534285394525057 ) ) ;
#3264 = ORIENTED_EDGE ( 'NONE', *, *, #4322, .F. ) ;
#3265 = AXIS2_PLACEMENT_3D ( 'NONE', #5515, #8308, #1287 ) ;
#3266 = ORIENTED_EDGE ( 'NONE', *, *, #1972, .T. ) ;
#3267 = AXIS2_PLACEMENT_3D ( 'NONE', #6684, #5956, #6725 ) ;
#3268 = CARTESIAN_POINT ( 'NONE',  ( -2.068467574121107599, 2.415000000000000036, 8.169000606010436982 ) ) ;
#3269 = SURFACE_SIDE_STYLE ('',( #266 ) ) ;
#3270 = DIRECTION ( 'NONE',  ( 0.6274008284858300089, 0.0000000000000000000, -0.7786964751527349904 ) ) ;
#3271 = CARTESIAN_POINT ( 'NONE',  ( 0.0000000000000000000, 2.415000000000000036, 0.0000000000000000000 ) ) ;
#3272 = AXIS2_PLACEMENT_3D ( 'NONE', #6254, #4060, #2161 ) ;
#3273 = COLOUR_RGB ( '',0.2509803921568627416, 0.2509803921568627416, 0.2509803921568627416 ) ;
#3274 = ORIENTED_EDGE ( 'NONE', *, *, #6524, .F. ) ;
#3275 = CARTESIAN_POINT ( 'NONE',  ( 1.915193460226013444, 2.415000000000000036, 5.701323058212762085 ) ) ;
#3276 = VERTEX_POINT ( 'NONE', #5227 ) ;
#3277 = CARTESIAN_POINT ( 'NONE',  ( -0.3119231906307447511, 2.415000000000000036, 6.028607005252447415 ) ) ;
#3278 = STYLED_ITEM ( 'NONE', ( #3895 ), #7141 ) ;
#3279 = PLANE ( 'NONE',  #2839 ) ;
#3280 = DIRECTION ( 'NONE',  ( 0.0000000000000000000, 0.0000000000000000000, 1.000000000000000000 ) ) ;
#3281 = CARTESIAN_POINT ( 'NONE',  ( 1.532517650958145072, 2.415000000000000036, 7.585514241330254315 ) ) ;
#3282 = EDGE_CURVE ( 'NONE', #322, #380, #5489, .T. ) ;
#3283 = SURFACE_STYLE_USAGE ( .BOTH. , #3927 ) ;
#3284 = PRESENTATION_LAYER_ASSIGNMENT (  '', '', ( #1573 ) ) ;
#3285 = CARTESIAN_POINT ( 'NONE',  ( 0.8882143258854890977, 2.415000000000000036, 5.605828561795878073 ) ) ;
#3286 = ORIENTED_EDGE ( 'NONE', *, *, #6354, .F. ) ;
#3287 = B_SPLINE_CURVE_WITH_KNOTS ( 'NONE', 3,
 ( #3136, #5487, #2514, #5246, #4731, #7226, #1347, #4067, #6813, #2467, #5880, #5207, #7274, #1806, #8016, #3351, #1851, #4587, #6089, #654, #70, #877, #929, #830, #7761, #8322, #6356 ),
 .UNSPECIFIED., .F., .F.,
 ( 4, 1, 1, 1, 1, 1, 1, 1, 1, 1, 1, 1, 1, 1, 1, 1, 1, 1, 1, 1, 1, 1, 1, 1, 4 ),
 ( 0.0000000000000000000, 0.07285800740411252363, 0.1401264712546179125, 0.2021913513811367247, 0.2587849543438844324, 0.3106502180744791786, 0.3568971091032491216, 0.3982978053248352190, 0.4351388982039660069, 0.4693383128002659999, 0.5028775755572958417, 0.5359725408050459716, 0.5696205808315678576, 0.6027959214203999494, 0.6364015986241678968, 0.6706498760152822536, 0.7057131069286394220, 0.7410841087803566873, 0.7764988595688354645, 0.8118576020181604846, 0.8480336753032560182, 0.8845709050057776190, 0.9220073638226412571, 0.9602151141806631873, 1.000000000000000000 ),
 .UNSPECIFIED. ) ;
#3288 = VERTEX_POINT ( 'NONE', #1782 ) ;
#3289 = EDGE_CURVE ( 'NONE', #1709, #90, #4523, .T. ) ;
#3290 = EDGE_CURVE ( 'NONE', #7701, #353, #3837, .T. ) ;
#3291 =( GEOMETRIC_REPRESENTATION_CONTEXT ( 3 ) GLOBAL_UNCERTAINTY_ASSIGNED_CONTEXT ( ( #6012 ) ) GLOBAL_UNIT_ASSIGNED_CONTEXT ( ( #7451, #6870, #10 ) ) REPRESENTATION_CONTEXT ( 'NONE', 'WORKASPACE' ) );
#3292 = CARTESIAN_POINT ( 'NONE',  ( -2.428760422940577701, 2.415000000000000036, 8.049546361292406971 ) ) ;
#3293 = COLOUR_RGB ( '',0.2509803921568627416, 0.2509803921568627416, 0.2509803921568627416 ) ;
#3294 = EDGE_CURVE ( 'NONE', #7173, #4991, #7879, .T. ) ;
#3295 = DIRECTION ( 'NONE',  ( 1.000000000000000000, 0.0000000000000000000, 0.0000000000000000000 ) ) ;
#3296 = CARTESIAN_POINT ( 'NONE',  ( -3.305855142137743563, 2.415000000000000036, 9.971790695650936343 ) ) ;
#3297 = CARTESIAN_POINT ( 'NONE',  ( 0.9954269091443099793, 2.415000000000000036, 5.800396464881704794 ) ) ;
#3298 = SURFACE_STYLE_FILL_AREA ( #1332 ) ;
#3299 = CARTESIAN_POINT ( 'NONE',  ( 1.648914882154026484, 2.415000000000000036, 9.393179645953239287 ) ) ;
#3300 = ORIENTED_EDGE ( 'NONE', *, *, #174, .T. ) ;
#3301 = VERTEX_POINT ( 'NONE', #5747 ) ;
#3302 = EDGE_CURVE ( 'NONE', #7492, #2007, #2239, .T. ) ;
#3303 = LINE ( 'NONE', #5274, #6178 ) ;
#3304 = AXIS2_PLACEMENT_3D ( 'NONE', #1890, #4033, #2560 ) ;
#3305 = EDGE_CURVE ( 'NONE', #8507, #4078, #6470, .T. ) ;
#3306 = DIRECTION ( 'NONE',  ( -1.000000000000000000, 0.0000000000000000000, 5.354084802397552748E-16 ) ) ;
#3307 = SURFACE_SIDE_STYLE ('',( #8230 ) ) ;
#3308 = DIRECTION ( 'NONE',  ( -0.7071067811865476838, 0.0000000000000000000, -0.7071067811865474617 ) ) ;
#3309 = ORIENTED_EDGE ( 'NONE', *, *, #3289, .T. ) ;
#3310 = ORIENTED_EDGE ( 'NONE', *, *, #6325, .T. ) ;
#3311 = CARTESIAN_POINT ( 'NONE',  ( -1.950832731303250966, 2.415000000000000036, 8.073736456383674209 ) ) ;
#3312 = CARTESIAN_POINT ( 'NONE',  ( -2.172241360086458073, 2.415000000000000036, 7.135893259753498974 ) ) ;
#3313 = AXIS2_PLACEMENT_3D ( 'NONE', #7154, #427, #4521 ) ;
#3314 = CARTESIAN_POINT ( 'NONE',  ( -2.319925105255852049, 2.415000000000000036, 7.166837817043794523 ) ) ;
#3315 = ORIENTED_EDGE ( 'NONE', *, *, #882, .T. ) ;
#3316 = CARTESIAN_POINT ( 'NONE',  ( -1.575248806774271593, 2.415000000000000036, 9.787042878051057215 ) ) ;
#3317 =( GEOMETRIC_REPRESENTATION_CONTEXT ( 3 ) GLOBAL_UNCERTAINTY_ASSIGNED_CONTEXT ( ( #4682 ) ) GLOBAL_UNIT_ASSIGNED_CONTEXT ( ( #4220, #3418, #2813 ) ) REPRESENTATION_CONTEXT ( 'NONE', 'WORKASPACE' ) );
#3318 = VERTEX_POINT ( 'NONE', #1589 ) ;
#3319 = FILL_AREA_STYLE ('',( #8201 ) ) ;
#3320 = CARTESIAN_POINT ( 'NONE',  ( -0.5558551421377407875, 2.415000000000000036, 5.568024670009910082 ) ) ;
#3321 = DIRECTION ( 'NONE',  ( 1.423070940095821945E-16, -0.0000000000000000000, 1.000000000000000000 ) ) ;
#3322 = PRESENTATION_STYLE_ASSIGNMENT (( #501 ) ) ;
#3323 = DIRECTION ( 'NONE',  ( -1.000000000000000000, -0.0000000000000000000, 0.0000000000000000000 ) ) ;
#3324 = VECTOR ( 'NONE', #1233, 1000.000000000000000 ) ;
#3325 = DIRECTION ( 'NONE',  ( 0.0000000000000000000, 0.0000000000000000000, 1.000000000000000000 ) ) ;
#3326 = UNCERTAINTY_MEASURE_WITH_UNIT (LENGTH_MEASURE( 1.000000000000000082E-05 ), #6582, 'distance_accuracy_value', 'NONE');
#3327 = FILL_AREA_STYLE_COLOUR ( '', #4823 ) ;
#3328 = ORIENTED_EDGE ( 'NONE', *, *, #3122, .T. ) ;
#3329 = CARTESIAN_POINT ( 'NONE',  ( -0.4927158220845938574, 2.415000000000000036, 7.951209414508012330 ) ) ;
#3330 = ORIENTED_EDGE ( 'NONE', *, *, #4626, .F. ) ;
#3331 = AXIS2_PLACEMENT_3D ( 'NONE', #7472, #4141, #6807 ) ;
#3332 = STYLED_ITEM ( 'NONE', ( #127 ), #1422 ) ;
#3333 = DIRECTION ( 'NONE',  ( -1.000000000000000000, -0.0000000000000000000, 1.734723475976797313E-14 ) ) ;
#3334 = CARTESIAN_POINT ( 'NONE',  ( 0.2082479441929392106, 2.415000000000000036, 2.107167872764017513 ) ) ;
#3335 = CARTESIAN_POINT ( 'NONE',  ( 0.9955026839036085207, 2.415000000000000036, 5.795910973708877201 ) ) ;
#3336 = B_SPLINE_CURVE_WITH_KNOTS ( 'NONE', 3,
 ( #6703, #7050, #7642, #5703, #274, #6381, #7788, #2941, #1447, #8492, #2898 ),
 .UNSPECIFIED., .F., .F.,
 ( 4, 1, 1, 1, 1, 1, 1, 1, 4 ),
 ( 0.0000000000000000000, 0.1599009351978107063, 0.3088100756382262113, 0.4470101015069185557, 0.5758575046317643276, 0.6948207271152616604, 0.8044680496048476348, 0.9055250353527324325, 1.000000000000000000 ),
 .UNSPECIFIED. ) ;
#3337 = CARTESIAN_POINT ( 'NONE',  ( 1.874833960426361967, 2.415000000000000036, 6.064218580266320657 ) ) ;
#3338 = COLOUR_RGB ( '',0.7529411764705882248, 0.7529411764705882248, 0.7529411764705882248 ) ;
#3339 = DIRECTION ( 'NONE',  ( 0.0000000000000000000, 1.000000000000000000, 0.0000000000000000000 ) ) ;
#3340 = ORIENTED_EDGE ( 'NONE', *, *, #4711, .T. ) ;
#3341 = CARTESIAN_POINT ( 'NONE',  ( 0.04000844279770369299, 2.415000000000000036, 7.638727250791639278 ) ) ;
#3342 = ORIENTED_EDGE ( 'NONE', *, *, #1055, .T. ) ;
#3343 = EDGE_CURVE ( 'NONE', #2160, #6726, #6245, .T. ) ;
#3344 = CARTESIAN_POINT ( 'NONE',  ( 2.989016652734053814, 2.415000000000000036, 7.161534285394524524 ) ) ;
#3345 =( GEOMETRIC_REPRESENTATION_CONTEXT ( 3 ) GLOBAL_UNCERTAINTY_ASSIGNED_CONTEXT ( ( #2691 ) ) GLOBAL_UNIT_ASSIGNED_CONTEXT ( ( #7248, #3250, #7338 ) ) REPRESENTATION_CONTEXT ( 'NONE', 'WORKASPACE' ) );
#3346 =( NAMED_UNIT ( * ) PLANE_ANGLE_UNIT ( ) SI_UNIT ( $, .RADIAN. ) );
#3347 = CARTESIAN_POINT ( 'NONE',  ( 1.208556763104539966, 2.415000000000000036, 9.946697675151785489 ) ) ;
#3348 = DIRECTION ( 'NONE',  ( -0.03284611711294277425, 0.0000000000000000000, -0.9994604207224030423 ) ) ;
#3349 = DIRECTION ( 'NONE',  ( -0.7071067811865469066, 5.110978055611253043E-16, -0.7071067811865481278 ) ) ;
#3350 = EDGE_CURVE ( 'NONE', #1072, #8142, #5024, .T. ) ;
#3351 = CARTESIAN_POINT ( 'NONE',  ( 0.8840088083819827025, 2.415000000000000036, 5.988342358130283927 ) ) ;
#3352 = CARTESIAN_POINT ( 'NONE',  ( -2.178851937009534723, 2.415000000000000036, 7.315380439240678712 ) ) ;
#3353 = AXIS2_PLACEMENT_3D ( 'NONE', #3271, #8106, #1935 ) ;
#3354 = ORIENTED_EDGE ( 'NONE', *, *, #4626, .T. ) ;
#3355 = ORIENTED_EDGE ( 'NONE', *, *, #2774, .T. ) ;
#3356 = B_SPLINE_CURVE_WITH_KNOTS ( 'NONE', 3,
 ( #6779, #2679, #5408, #8195, #8335, #2795, #7626, #4741, #5543, #7487, #1352 ),
 .UNSPECIFIED., .F., .F.,
 ( 4, 1, 1, 1, 1, 1, 1, 1, 4 ),
 ( 0.0000000000000000000, 0.08210116044144241676, 0.1738249811011102486, 0.2789530937157175261, 0.3966390953455968815, 0.5273155915890598289, 0.6712981430820358364, 0.8287543799634345953, 1.000000000000000000 ),
 .UNSPECIFIED. ) ;
#3357 = DIRECTION ( 'NONE',  ( 0.7071067811865476838, -0.0000000000000000000, 0.7071067811865474617 ) ) ;
#3358 = LINE ( 'NONE', #39, #3536 ) ;
#3359 = STYLED_ITEM ( 'NONE', ( #7571 ), #3063 ) ;
#3360 = DIRECTION ( 'NONE',  ( -0.7071067811865467956, 0.0000000000000000000, 0.7071067811865482389 ) ) ;
#3361 = CARTESIAN_POINT ( 'NONE',  ( -2.471991238277552849, 2.415000000000000036, 7.390633702424512563 ) ) ;
#3362 = ORIENTED_EDGE ( 'NONE', *, *, #4506, .T. ) ;
#3363 = CARTESIAN_POINT ( 'NONE',  ( -2.767393603676203462, 2.415000000000000036, 9.241021464881704617 ) ) ;
#3364 =( NAMED_UNIT ( * ) SI_UNIT ( $, .STERADIAN. ) SOLID_ANGLE_UNIT ( ) );
#3365 = DIRECTION ( 'NONE',  ( 0.0000000000000000000, 0.0000000000000000000, 1.000000000000000000 ) ) ;
#3366 = DIRECTION ( 'NONE',  ( 0.0000000000000000000, 0.0000000000000000000, -1.000000000000000000 ) ) ;
#3367 = CARTESIAN_POINT ( 'NONE',  ( 0.0000000000000000000, 2.415000000000000036, 0.0000000000000000000 ) ) ;
#3368 = CARTESIAN_POINT ( 'NONE',  ( 1.324152870682771432, 2.415000000000000036, 9.817944541804781267 ) ) ;
#3369 = CARTESIAN_POINT ( 'NONE',  ( 0.9386593138362351318, 2.415000000000000036, 5.567507702251317525 ) ) ;
#3370 = VERTEX_POINT ( 'NONE', #2994 ) ;
#3371 = ORIENTED_EDGE ( 'NONE', *, *, #2782, .T. ) ;
#3372 =( GEOMETRIC_REPRESENTATION_CONTEXT ( 3 ) GLOBAL_UNCERTAINTY_ASSIGNED_CONTEXT ( ( #2060 ) ) GLOBAL_UNIT_ASSIGNED_CONTEXT ( ( #8293, #2685, #8202 ) ) REPRESENTATION_CONTEXT ( 'NONE', 'WORKASPACE' ) );
#3373 = CARTESIAN_POINT ( 'NONE',  ( -1.721119565214664027, 2.415000000000000036, 5.594867618727858982 ) ) ;
#3374 = FILL_AREA_STYLE_COLOUR ( '', #3930 ) ;
#3375 = B_SPLINE_CURVE_WITH_KNOTS ( 'NONE', 3,
 ( #3368, #48, #1402, #6962, #4125, #3537, #5459, #3448, #7595, #2767, #759, #7498, #6873, #88, #1444, #1360, #4085, #631, #6109 ),
 .UNSPECIFIED., .F., .F.,
 ( 4, 1, 1, 1, 1, 1, 1, 1, 1, 1, 1, 1, 1, 1, 1, 1, 4 ),
 ( 0.0000000000000000000, 0.06550912664922617368, 0.1283936108293889100, 0.1899557082920851070, 0.2503059858627455503, 0.3096784489605315382, 0.3694621031771302411, 0.4301307072981345181, 0.4924566054890203715, 0.5548244962047502726, 0.6162497449104643588, 0.6770876470711753026, 0.7386861861890716696, 0.8009640582520852758, 0.8649101580095055475, 0.9314362204447409477, 1.000000000000000000 ),
 .UNSPECIFIED. ) ;
#3376 = CARTESIAN_POINT ( 'NONE',  ( 1.675296902277740863, 2.415000000000000036, 5.842873581726983900 ) ) ;
#3377 = CARTESIAN_POINT ( 'NONE',  ( 3.202291281777745358, 2.415000000000000036, 9.755385384112045699 ) ) ;
#3378 = ORIENTED_EDGE ( 'NONE', *, *, #3005, .F. ) ;
#3379 = VERTEX_POINT ( 'NONE', #5069 ) ;
#3380 = STYLED_ITEM ( 'NONE', ( #2356 ), #3906 ) ;
#3381 = SURFACE_STYLE_USAGE ( .BOTH. , #690 ) ;
#3382 = CARTESIAN_POINT ( 'NONE',  ( -0.5973214882915862667, 2.415000000000000036, 7.460813131548370336 ) ) ;
#3383 = DIRECTION ( 'NONE',  ( 0.3962837852672967398, 0.0000000000000000000, 0.9181280746901397949 ) ) ;
#3384 = SURFACE_SIDE_STYLE ('',( #2002 ) ) ;
#3385 = CARTESIAN_POINT ( 'NONE',  ( 1.502372061456574537, 2.415000000000000036, 7.437332432589412790 ) ) ;
#3386 = EDGE_CURVE ( 'NONE', #8629, #4715, #7839, .T. ) ;
#3387 = CARTESIAN_POINT ( 'NONE',  ( 1.790500735840869329, 2.415000000000000036, 5.364872235897379049 ) ) ;
#3388 = ORIENTED_EDGE ( 'NONE', *, *, #8098, .T. ) ;
#3389 = STYLED_ITEM ( 'NONE', ( #4714 ), #5474 ) ;
#3390 = CARTESIAN_POINT ( 'NONE',  ( 2.731867965644037444, -2.260000000000000231, 0.8660000000000008802 ) ) ;
#3391 = EDGE_CURVE ( 'NONE', #2175, #2866, #7530, .T. ) ;
#3392 = EDGE_CURVE ( 'NONE', #1819, #7424, #2522, .T. ) ;
#3393 = CARTESIAN_POINT ( 'NONE',  ( 0.4697858835032844849, 2.415000000000000036, 5.082047105907345319 ) ) ;
#3394 = CARTESIAN_POINT ( 'NONE',  ( -2.320497661760984265, 2.415000000000000036, 9.310855603483501497 ) ) ;
#3395 =( LENGTH_UNIT ( ) NAMED_UNIT ( * ) SI_UNIT ( .MILLI., .METRE. ) );
#3396 = EDGE_CURVE ( 'NONE', #4412, #5032, #4207, .T. ) ;
#3397 = MECHANICAL_DESIGN_GEOMETRIC_PRESENTATION_REPRESENTATION (  '', ( #1257 ), #3688 ) ;
#3398 = LINE ( 'NONE', #2796, #1128 ) ;
#3399 = ORIENTED_EDGE ( 'NONE', *, *, #6969, .F. ) ;
#3400 = COLOUR_RGB ( '',0.2509803921568627416, 0.2509803921568627416, 0.2509803921568627416 ) ;
#3401 = VERTEX_POINT ( 'NONE', #8632 ) ;
#3402 = DIRECTION ( 'NONE',  ( -0.7071067811865476838, 0.0000000000000000000, 0.7071067811865474617 ) ) ;
#3403 = CARTESIAN_POINT ( 'NONE',  ( 3.398834038997162743, 2.415000000000000036, 9.753129447391426510 ) ) ;
#3404 = PRESENTATION_LAYER_ASSIGNMENT (  '', '', ( #3123 ) ) ;
#3405 = CARTESIAN_POINT ( 'NONE',  ( -0.03976764324216354451, 2.415000000000000036, 9.419121408773861504 ) ) ;
#3406 = EDGE_CURVE ( 'NONE', #6839, #7009, #2429, .T. ) ;
#3407 = B_SPLINE_CURVE_WITH_KNOTS ( 'NONE', 3,
 ( #173, #2922, #126, #7034, #7581, #5632, #705, #6272, #5540, #5493, #6182 ),
 .UNSPECIFIED., .F., .F.,
 ( 4, 1, 1, 1, 1, 1, 1, 1, 4 ),
 ( 0.0000000000000000000, 0.1292578767860481925, 0.2552459842509700594, 0.3789088829045340057, 0.5009297117000668376, 0.6232520916568878855, 0.7464326285434447206, 0.8713678625931460253, 0.9999999999999998890 ),
 .UNSPECIFIED. ) ;
#3408 =( NAMED_UNIT ( * ) SI_UNIT ( $, .STERADIAN. ) SOLID_ANGLE_UNIT ( ) );
#3409 = UNCERTAINTY_MEASURE_WITH_UNIT (LENGTH_MEASURE( 1.000000000000000082E-05 ), #3992, 'distance_accuracy_value', 'NONE');
#3410 = DIRECTION ( 'NONE',  ( -0.0000000000000000000, 1.000000000000000000, 0.0000000000000000000 ) ) ;
#3411 = ORIENTED_EDGE ( 'NONE', *, *, #6038, .T. ) ;
#3412 = COLOUR_RGB ( '',0.7921568627450980005, 0.8196078431372548767, 0.9333333333333333481 ) ;
#3413 = CARTESIAN_POINT ( 'NONE',  ( -2.088185502702657015, 2.415000000000000036, 7.946288336703053901 ) ) ;
#3414 = ORIENTED_EDGE ( 'NONE', *, *, #2730, .T. ) ;
#3415 = VECTOR ( 'NONE', #3750, 1000.000000000000000 ) ;
#3416 = CARTESIAN_POINT ( 'NONE',  ( 1.843467581850383175, 2.415000000000000036, 7.978349946670687309 ) ) ;
#3417 = FILL_AREA_STYLE ('',( #4052 ) ) ;
#3418 =( NAMED_UNIT ( * ) PLANE_ANGLE_UNIT ( ) SI_UNIT ( $, .RADIAN. ) );
#3419 = CARTESIAN_POINT ( 'NONE',  ( 1.035657785479144666, 2.415000000000000036, 5.720907545524280380 ) ) ;
#3420 = PRESENTATION_LAYER_ASSIGNMENT (  '', '', ( #8790 ) ) ;
#3421 =( GEOMETRIC_REPRESENTATION_CONTEXT ( 3 ) GLOBAL_UNCERTAINTY_ASSIGNED_CONTEXT ( ( #2853 ) ) GLOBAL_UNIT_ASSIGNED_CONTEXT ( ( #2342, #1603, #7197 ) ) REPRESENTATION_CONTEXT ( 'NONE', 'WORKASPACE' ) );
#3422 = CARTESIAN_POINT ( 'NONE',  ( -0.2327183714926017721, 2.415000000000000036, 5.858168762192859091 ) ) ;
#3423 = CARTESIAN_POINT ( 'NONE',  ( 1.688306190162796039, 2.415000000000000036, 5.903937506998290452 ) ) ;
#3424 = UNCERTAINTY_MEASURE_WITH_UNIT (LENGTH_MEASURE( 1.000000000000000082E-05 ), #8802, 'distance_accuracy_value', 'NONE');
#3425 = ORIENTED_EDGE ( 'NONE', *, *, #4869, .F. ) ;
#3426 = PRESENTATION_STYLE_ASSIGNMENT (( #2818 ) ) ;
#3427 = ORIENTED_EDGE ( 'NONE', *, *, #1161, .F. ) ;
#3428 = PRESENTATION_LAYER_ASSIGNMENT (  '', '', ( #5576 ) ) ;
#3429 = DIRECTION ( 'NONE',  ( 1.000000000000000000, 0.0000000000000000000, 0.0000000000000000000 ) ) ;
#3430 = LINE ( 'NONE', #4772, #6185 ) ;
#3431 = CARTESIAN_POINT ( 'NONE',  ( 1.052665053007992846, 2.415000000000000036, 5.886358534792896613 ) ) ;
#3432 = SURFACE_STYLE_USAGE ( .BOTH. , #3384 ) ;
#3433 = CARTESIAN_POINT ( 'NONE',  ( 3.214105931154799034, 2.415000000000000036, 9.471691624938239684 ) ) ;
#3434 = CARTESIAN_POINT ( 'NONE',  ( 1.717722474652522813, 2.415000000000000036, 7.174372434726373093 ) ) ;
#3435 = CARTESIAN_POINT ( 'NONE',  ( 2.332194085895052282, 2.415000000000000036, 9.641429976311005845 ) ) ;
#3436 = VERTEX_POINT ( 'NONE', #1812 ) ;
#3437 = EDGE_CURVE ( 'NONE', #6060, #6146, #4546, .T. ) ;
#3438 = CARTESIAN_POINT ( 'NONE',  ( 3.157998654695147955, 2.415000000000000036, 9.796841885649174131 ) ) ;
#3439 = CARTESIAN_POINT ( 'NONE',  ( -0.1703746647842488138, 2.415000000000000036, 9.228312842780740155 ) ) ;
#3440 = PLANE ( 'NONE',  #3543 ) ;
#3441 = EDGE_LOOP ( 'NONE', ( #3031, #1210, #3095, #6925, #7425 ) ) ;
#3442 = ORIENTED_EDGE ( 'NONE', *, *, #8045, .F. ) ;
#3443 = DIRECTION ( 'NONE',  ( 0.0000000000000000000, 0.0000000000000000000, -1.000000000000000000 ) ) ;
#3444 = EDGE_CURVE ( 'NONE', #6170, #1551, #3873, .T. ) ;
#3445 = FACE_OUTER_BOUND ( 'NONE', #2993, .T. ) ;
#3446 =( GEOMETRIC_REPRESENTATION_CONTEXT ( 3 ) GLOBAL_UNCERTAINTY_ASSIGNED_CONTEXT ( ( #7015 ) ) GLOBAL_UNIT_ASSIGNED_CONTEXT ( ( #3164, #4530, #6498 ) ) REPRESENTATION_CONTEXT ( 'NONE', 'WORKASPACE' ) );
#3447 = CARTESIAN_POINT ( 'NONE',  ( -1.252470152357104016, 2.415000000000000036, 6.107192294423078316 ) ) ;
#3448 = CARTESIAN_POINT ( 'NONE',  ( 1.439042888035590773, 2.415000000000000036, 9.785171157753387305 ) ) ;
#3449 = EDGE_CURVE ( 'NONE', #3746, #2938, #5252, .T. ) ;
#3450 = STYLED_ITEM ( 'NONE', ( #6163 ), #1650 ) ;
#3451 = AXIS2_PLACEMENT_3D ( 'NONE', #1167, #6681, #2501 ) ;
#3452 =( NAMED_UNIT ( * ) SI_UNIT ( $, .STERADIAN. ) SOLID_ANGLE_UNIT ( ) );
#3453 = EDGE_LOOP ( 'NONE', ( #6218, #8101, #1334, #5656 ) ) ;
#3454 = CARTESIAN_POINT ( 'NONE',  ( -7.214999999999998082, -2.410000000000000142, 12.18999999999999950 ) ) ;
#3455 = ORIENTED_EDGE ( 'NONE', *, *, #2722, .T. ) ;
#3456 = DIRECTION ( 'NONE',  ( 0.0000000000000000000, -1.000000000000000000, 2.312964634635743213E-14 ) ) ;
#3457 = PRESENTATION_LAYER_ASSIGNMENT (  '', '', ( #7048 ) ) ;
#3458 = SURFACE_STYLE_USAGE ( .BOTH. , #2698 ) ;
#3459 = AXIS2_PLACEMENT_3D ( 'NONE', #2997, #959, #2380 ) ;
#3460 = DIRECTION ( 'NONE',  ( 0.0000000000000000000, 0.0000000000000000000, 1.000000000000000000 ) ) ;
#3461 = CARTESIAN_POINT ( 'NONE',  ( -1.598520141555823892, 2.415000000000000036, 5.219139594051688924 ) ) ;
#3462 = CARTESIAN_POINT ( 'NONE',  ( 0.1605940861341701997, 2.415000000000000036, 9.391185322459637774 ) ) ;
#3463 = SURFACE_SIDE_STYLE ('',( #3298 ) ) ;
#3464 = CARTESIAN_POINT ( 'NONE',  ( 1.698543090300770109, 2.415000000000000036, 7.397119138670857019 ) ) ;
#3465 = ORIENTED_EDGE ( 'NONE', *, *, #593, .F. ) ;
#3466 = AXIS2_PLACEMENT_3D ( 'NONE', #3192, #1191, #4276 ) ;
#3467 = CIRCLE ( 'NONE', #7491, 0.1499999999999999667 ) ;
#3468 = CARTESIAN_POINT ( 'NONE',  ( 0.03795367404587488697, 2.415000000000000036, 7.614441648968968579 ) ) ;
#3469 = ORIENTED_EDGE ( 'NONE', *, *, #3681, .F. ) ;
#3470 = PRESENTATION_STYLE_ASSIGNMENT (( #3561 ) ) ;
#3471 = CARTESIAN_POINT ( 'NONE',  ( 2.040968061186680060, 2.415000000000000036, 9.616898336483615140 ) ) ;
#3472 = CARTESIAN_POINT ( 'NONE',  ( 3.916066017177984193, -2.260000000000000231, 0.1060660171779831545 ) ) ;
#3473 = CARTESIAN_POINT ( 'NONE',  ( 0.9591688963237973153, 2.415000000000000036, 7.962215375138114837 ) ) ;
#3474 = STYLED_ITEM ( 'NONE', ( #2962 ), #2515 ) ;
#3475 = CARTESIAN_POINT ( 'NONE',  ( 1.624821328546380172, 2.415000000000000036, 7.214049534438150779 ) ) ;
#3476 = FILL_AREA_STYLE_COLOUR ( '', #5146 ) ;
#3477 = CARTESIAN_POINT ( 'NONE',  ( 4.996192283025071568, -2.260000000000000231, 12.08393398282202114 ) ) ;
#3478 = CARTESIAN_POINT ( 'NONE',  ( 2.011853191195592583, 2.415000000000000036, 5.684611208471448407 ) ) ;
#3479 = ORIENTED_EDGE ( 'NONE', *, *, #2845, .F. ) ;
#3480 =( NAMED_UNIT ( * ) SI_UNIT ( $, .STERADIAN. ) SOLID_ANGLE_UNIT ( ) );
#3481 = CARTESIAN_POINT ( 'NONE',  ( 1.131043296912633167, 2.415000000000000036, 7.597447523581075224 ) ) ;
#3482 = CARTESIAN_POINT ( 'NONE',  ( -0.3296588873357413907, 2.415000000000000036, 7.136168992202619243 ) ) ;
#3483 = PRESENTATION_STYLE_ASSIGNMENT (( #2842 ) ) ;
#3484 = STYLED_ITEM ( 'NONE', ( #3483 ), #2828 ) ;
#3485 = CARTESIAN_POINT ( 'NONE',  ( -4.675999999999999268, -2.260000000000000231, 1.078132034355963720 ) ) ;
#3486 = CARTESIAN_POINT ( 'NONE',  ( -2.179922752442381650, 2.415000000000000036, 7.566139518346678194 ) ) ;
#3487 = CARTESIAN_POINT ( 'NONE',  ( 1.892128225519439155, 2.415000000000000036, 5.503816501331805000 ) ) ;
#3488 = VERTEX_POINT ( 'NONE', #8728 ) ;
#3489 = CARTESIAN_POINT ( 'NONE',  ( 1.190739409144309979, 2.415000000000000036, 5.902559926420166470 ) ) ;
#3490 = AXIS2_PLACEMENT_3D ( 'NONE', #2548, #6724, #1122 ) ;
#3491 = CARTESIAN_POINT ( 'NONE',  ( 1.553828915291946444, 2.415000000000000036, 9.925088054518912628 ) ) ;
#3492 = CARTESIAN_POINT ( 'NONE',  ( 3.051917293759693894, 2.415000000000000036, 9.984611208471447341 ) ) ;
#3493 = CARTESIAN_POINT ( 'NONE',  ( -0.02584750541609228888, 2.415000000000000036, 9.430500212507094915 ) ) ;
#3494 = EDGE_CURVE ( 'NONE', #482, #5758, #4121, .T. ) ;
#3495 = VERTEX_POINT ( 'NONE', #8156 ) ;
#3496 = UNCERTAINTY_MEASURE_WITH_UNIT (LENGTH_MEASURE( 1.000000000000000082E-05 ), #3763, 'distance_accuracy_value', 'NONE');
#3497 = VERTEX_POINT ( 'NONE', #4038 ) ;
#3498 = CARTESIAN_POINT ( 'NONE',  ( -2.837933982822018031, -2.260000000000000231, 0.9720660171779816894 ) ) ;
#3499 = VERTEX_POINT ( 'NONE', #6786 ) ;
#3500 =( LENGTH_UNIT ( ) NAMED_UNIT ( * ) SI_UNIT ( .MILLI., .METRE. ) );
#3501 = EDGE_CURVE ( 'NONE', #4078, #7895, #2925, .T. ) ;
#3502 =( LENGTH_UNIT ( ) NAMED_UNIT ( * ) SI_UNIT ( .MILLI., .METRE. ) );
#3503 = ADVANCED_FACE ( 'NONE', ( #3445 ), #7634, .T. ) ;
#3504 = CARTESIAN_POINT ( 'NONE',  ( -1.361213319546906719, 2.415000000000000036, 5.071611331184191940 ) ) ;
#3505 = DIRECTION ( 'NONE',  ( 0.0000000000000000000, 1.000000000000000000, 0.0000000000000000000 ) ) ;
#3506 = VERTEX_POINT ( 'NONE', #7535 ) ;
#3507 = ORIENTED_EDGE ( 'NONE', *, *, #3658, .F. ) ;
#3508 = VERTEX_POINT ( 'NONE', #6192 ) ;
#3509 = VECTOR ( 'NONE', #5935, 1000.000000000000000 ) ;
#3510 = LINE ( 'NONE', #8274, #7592 ) ;
#3511 = DIRECTION ( 'NONE',  ( 0.0000000000000000000, 0.0000000000000000000, 1.000000000000000000 ) ) ;
#3512 = EDGE_CURVE ( 'NONE', #5771, #5109, #226, .T. ) ;
#3513 =( LENGTH_UNIT ( ) NAMED_UNIT ( * ) SI_UNIT ( .MILLI., .METRE. ) );
#3514 = SPHERICAL_SURFACE ( 'NONE', #8919, 0.1499999999999999944 ) ;
#3515 = CARTESIAN_POINT ( 'NONE',  ( 0.04852189904077928301, 2.415000000000000036, 8.057290844687587494 ) ) ;
#3516 =( GEOMETRIC_REPRESENTATION_CONTEXT ( 3 ) GLOBAL_UNCERTAINTY_ASSIGNED_CONTEXT ( ( #5753 ) ) GLOBAL_UNIT_ASSIGNED_CONTEXT ( ( #1991, #2658, #7164 ) ) REPRESENTATION_CONTEXT ( 'NONE', 'WORKASPACE' ) );
#3517 = SURFACE_STYLE_FILL_AREA ( #120 ) ;
#3518 = EDGE_LOOP ( 'NONE', ( #7561, #6750, #7970, #4786, #4501, #5320, #3086, #8253, #2696 ) ) ;
#3519 = CARTESIAN_POINT ( 'NONE',  ( -3.190470526753126368, 2.415000000000000036, 7.789739413599653162 ) ) ;
#3520 = CARTESIAN_POINT ( 'NONE',  ( -2.660233967452295900, 2.415000000000000036, 9.961455822165467211 ) ) ;
#3521 = DIRECTION ( 'NONE',  ( 1.000000000000000000, 0.0000000000000000000, 0.0000000000000000000 ) ) ;
#3522 = CIRCLE ( 'NONE', #4679, 0.1500000000000000500 ) ;
#3523 =( NAMED_UNIT ( * ) SI_UNIT ( $, .STERADIAN. ) SOLID_ANGLE_UNIT ( ) );
#3524 = SURFACE_SIDE_STYLE ('',( #6951 ) ) ;
#3525 = FILL_AREA_STYLE_COLOUR ( '', #1118 ) ;
#3526 = CARTESIAN_POINT ( 'NONE',  ( 1.108940790731433479, 2.415000000000000036, 8.161475697766311654 ) ) ;
#3527 = CARTESIAN_POINT ( 'NONE',  ( -0.2138370807423060904, 2.415000000000000036, 9.230366645125464231 ) ) ;
#3528 = CARTESIAN_POINT ( 'NONE',  ( 4.952346719737946934, 2.415000000000000036, 2.069425971824442101 ) ) ;
#3529 = DIRECTION ( 'NONE',  ( -0.0000000000000000000, -1.000000000000000000, -0.0000000000000000000 ) ) ;
#3530 = CARTESIAN_POINT ( 'NONE',  ( 1.912887945833584125, 2.415000000000000036, 5.508852020453479881 ) ) ;
#3531 = ORIENTED_EDGE ( 'NONE', *, *, #2628, .T. ) ;
#3532 = CARTESIAN_POINT ( 'NONE',  ( -1.154895682567973036, 2.415000000000000036, 5.241658389376911309 ) ) ;
#3533 = DIRECTION ( 'NONE',  ( 0.0000000000000000000, 0.0000000000000000000, -1.000000000000000000 ) ) ;
#3534 = CARTESIAN_POINT ( 'NONE',  ( -3.776694882211750759, 2.415000000000000036, 9.778465946001912101 ) ) ;
#3535 = CARTESIAN_POINT ( 'NONE',  ( 2.794000000000002260, -2.260000000000000231, 1.016000000000000902 ) ) ;
#3536 = VECTOR ( 'NONE', #6183, 1000.000000000000000 ) ;
#3537 = CARTESIAN_POINT ( 'NONE',  ( 1.404294746407646732, 2.415000000000000036, 9.803428996736595735 ) ) ;
#3538 = ORIENTED_EDGE ( 'NONE', *, *, #5640, .T. ) ;
#3539 = ORIENTED_EDGE ( 'NONE', *, *, #8220, .T. ) ;
#3540 = PRESENTATION_STYLE_ASSIGNMENT (( #2695 ) ) ;
#3541 = ORIENTED_EDGE ( 'NONE', *, *, #8083, .F. ) ;
#3542 = VECTOR ( 'NONE', #3083, 1000.000000000000000 ) ;
#3543 = AXIS2_PLACEMENT_3D ( 'NONE', #1436, #1475, #6186 ) ;
#3544 = EDGE_CURVE ( 'NONE', #7857, #2175, #8860, .T. ) ;
#3545 = FACE_BOUND ( 'NONE', #7735, .T. ) ;
#3546 = DIRECTION ( 'NONE',  ( 0.0000000000000000000, 1.000000000000000000, 0.0000000000000000000 ) ) ;
#3547 = CARTESIAN_POINT ( 'NONE',  ( -0.3117267601872537597, 2.415000000000000036, 9.776752511170869298 ) ) ;
#3548 = CARTESIAN_POINT ( 'NONE',  ( -0.1614240523941513072, 2.415000000000000036, 9.228200952061190065 ) ) ;
#3549 = CARTESIAN_POINT ( 'NONE',  ( 1.620555364929308961, 2.415000000000000036, 5.452642720545982868 ) ) ;
#3550 = FILL_AREA_STYLE ('',( #7376 ) ) ;
#3551 = STYLED_ITEM ( 'NONE', ( #2908 ), #5313 ) ;
#3552 = FILL_AREA_STYLE ('',( #7178 ) ) ;
#3553 = PRESENTATION_LAYER_ASSIGNMENT (  '', '', ( #3563 ) ) ;
#3554 = MECHANICAL_DESIGN_GEOMETRIC_PRESENTATION_REPRESENTATION (  '', ( #5275 ), #4698 ) ;
#3555 = DIRECTION ( 'NONE',  ( 1.000000000000000000, 0.0000000000000000000, 0.0000000000000000000 ) ) ;
#3556 = EDGE_LOOP ( 'NONE', ( #1759, #2517, #2056, #1865, #6910, #283, #7205, #1686, #7459, #2907, #866, #7220, #6977, #6494, #2469 ) ) ;
#3557 = EDGE_CURVE ( 'NONE', #1963, #4408, #232, .T. ) ;
#3558 = LINE ( 'NONE', #4319, #6852 ) ;
#3559 = VERTEX_POINT ( 'NONE', #4356 ) ;
#3560 = ORIENTED_EDGE ( 'NONE', *, *, #2083, .F. ) ;
#3561 = SURFACE_STYLE_USAGE ( .BOTH. , #648 ) ;
#3562 = EDGE_CURVE ( 'NONE', #5657, #1786, #1711, .T. ) ;
#3563 = STYLED_ITEM ( 'NONE', ( #4834 ), #8323 ) ;
#3564 = CARTESIAN_POINT ( 'NONE',  ( -1.710795233916979186, 2.415000000000000036, 9.427235761475497355 ) ) ;
#3565 = AXIS2_PLACEMENT_3D ( 'NONE', #4613, #7345, #3306 ) ;
#3566 = CARTESIAN_POINT ( 'NONE',  ( 0.2390166527340542024, 2.415000000000000036, 5.082047105907345319 ) ) ;
#3567 = PRESENTATION_STYLE_ASSIGNMENT (( #4328 ) ) ;
#3568 = DIRECTION ( 'NONE',  ( 0.0000000000000000000, 1.000000000000000000, 0.0000000000000000000 ) ) ;
#3569 = ADVANCED_FACE ( 'NONE', ( #2276 ), #2367, .F. ) ;
#3570 = CARTESIAN_POINT ( 'NONE',  ( -2.109999999999999876, 3.735172737399429488E-17, -3.500000000000000000 ) ) ;
#3571 = ORIENTED_EDGE ( 'NONE', *, *, #7018, .F. ) ;
#3572 = AXIS2_PLACEMENT_3D ( 'NONE', #5512, #8535, #8306 ) ;
#3573 = SURFACE_STYLE_FILL_AREA ( #6987 ) ;
#3574 = CARTESIAN_POINT ( 'NONE',  ( -2.759127645368941728, 2.415000000000000036, 9.897113335130727663 ) ) ;
#3575 = SURFACE_STYLE_USAGE ( .BOTH. , #1567 ) ;
#3576 = PRESENTATION_STYLE_ASSIGNMENT (( #5588 ) ) ;
#3577 = CARTESIAN_POINT ( 'NONE',  ( 0.7555138168667432375, 2.415000000000000036, 8.001482638748477427 ) ) ;
#3578 = CARTESIAN_POINT ( 'NONE',  ( -0.4431098355757229768, 2.415000000000000036, 7.343969137099112920 ) ) ;
#3579 = CARTESIAN_POINT ( 'NONE',  ( -1.754573090855691353, 2.415000000000000036, 9.773273067445806817 ) ) ;
#3580 = DIRECTION ( 'NONE',  ( 0.0000000000000000000, 0.0000000000000000000, 1.000000000000000000 ) ) ;
#3581 = CARTESIAN_POINT ( 'NONE',  ( -0.3157907834576415551, 2.415000000000000036, 5.360976155323217363 ) ) ;
#3582 = ORIENTED_EDGE ( 'NONE', *, *, #6805, .F. ) ;
#3583 = CARTESIAN_POINT ( 'NONE',  ( -0.6510186648774379803, 2.415000000000000036, 2.338656741055212596 ) ) ;
#3584 = LINE ( 'NONE', #2933, #323 ) ;
#3585 = DIRECTION ( 'NONE',  ( -0.0000000000000000000, -1.000000000000000000, -0.0000000000000000000 ) ) ;
#3586 = CARTESIAN_POINT ( 'NONE',  ( -2.472521808804407417, 2.415000000000000036, 7.420548708471447874 ) ) ;
#3587 = CARTESIAN_POINT ( 'NONE',  ( 1.633847052018759571, 2.415000000000000036, 8.070442150391084368 ) ) ;
#3588 = CARTESIAN_POINT ( 'NONE',  ( -1.229421179838183997, 2.415000000000000036, 5.927752912860372092 ) ) ;
#3589 = ORIENTED_EDGE ( 'NONE', *, *, #757, .T. ) ;
#3590 = UNCERTAINTY_MEASURE_WITH_UNIT (LENGTH_MEASURE( 1.000000000000000082E-05 ), #6362, 'distance_accuracy_value', 'NONE');
#3591 =( NAMED_UNIT ( * ) SI_UNIT ( $, .STERADIAN. ) SOLID_ANGLE_UNIT ( ) );
#3592 = VERTEX_POINT ( 'NONE', #5102 ) ;
#3593 = ORIENTED_EDGE ( 'NONE', *, *, #8675, .T. ) ;
#3594 = CIRCLE ( 'NONE', #2856, 0.2999999999999999334 ) ;
#3595 = CARTESIAN_POINT ( 'NONE',  ( 1.859365331368173058, 2.415000000000000036, 7.980392702568998686 ) ) ;
#3596 =( NAMED_UNIT ( * ) SI_UNIT ( $, .STERADIAN. ) SOLID_ANGLE_UNIT ( ) );
#3597 = MECHANICAL_DESIGN_GEOMETRIC_PRESENTATION_REPRESENTATION (  '', ( #3450 ), #3317 ) ;
#3598 = MECHANICAL_DESIGN_GEOMETRIC_PRESENTATION_REPRESENTATION (  '', ( #6765 ), #3446 ) ;
#3599 = CARTESIAN_POINT ( 'NONE',  ( -0.09555136997882351935, 2.415000000000000036, 5.898095053820886946 ) ) ;
#3600 = SURFACE_STYLE_USAGE ( .BOTH. , #1049 ) ;
#3601 = FILL_AREA_STYLE_COLOUR ( '', #3849 ) ;
#3602 = EDGE_LOOP ( 'NONE', ( #3929, #8143, #3186, #7134 ) ) ;
#3603 = CARTESIAN_POINT ( 'NONE',  ( -1.078362108450707346, 2.415000000000000036, 5.072677338747868525 ) ) ;
#3604 = ORIENTED_EDGE ( 'NONE', *, *, #7181, .T. ) ;
#3605 = EDGE_LOOP ( 'NONE', ( #3867, #8649, #4109 ) ) ;
#3606 = STYLED_ITEM ( 'NONE', ( #6138 ), #2066 ) ;
#3607 = STYLED_ITEM ( 'NONE', ( #7151 ), #867 ) ;
#3608 = CARTESIAN_POINT ( 'NONE',  ( 0.02747819119559228793, 2.415000000000000036, 9.702559926420166292 ) ) ;
#3609 = CARTESIAN_POINT ( 'NONE',  ( 7.365000000000000213, 2.265000000000000124, 8.673617379884035472E-16 ) ) ;
#3610 = CARTESIAN_POINT ( 'NONE',  ( 1.000085471079141808, 2.415000000000000036, 5.830994798272137736 ) ) ;
#3611 =( NAMED_UNIT ( * ) PLANE_ANGLE_UNIT ( ) SI_UNIT ( $, .RADIAN. ) );
#3612 = CARTESIAN_POINT ( 'NONE',  ( -1.973356216200652380, 2.415000000000000036, 9.276703007644350407 ) ) ;
#3613 = FILL_AREA_STYLE_COLOUR ( '', #6986 ) ;
#3614 = AXIS2_PLACEMENT_3D ( 'NONE', #1376, #8272, #3429 ) ;
#3615 = SURFACE_SIDE_STYLE ('',( #245 ) ) ;
#3616 = AXIS2_PLACEMENT_3D ( 'NONE', #508, #3333, #2534 ) ;
#3617 = EDGE_CURVE ( 'NONE', #5003, #6581, #4798, .T. ) ;
#3618 = CARTESIAN_POINT ( 'NONE',  ( 7.365000000000001990, -2.260000000000000231, 9.927258300203044783 ) ) ;
#3619 = DIRECTION ( 'NONE',  ( 1.000000000000000000, 0.0000000000000000000, 0.0000000000000000000 ) ) ;
#3620 = ORIENTED_EDGE ( 'NONE', *, *, #3305, .T. ) ;
#3621 = CARTESIAN_POINT ( 'NONE',  ( 2.858003821256426047, 2.415000000000000036, 9.729920561542826363 ) ) ;
#3622 = SURFACE_STYLE_FILL_AREA ( #4955 ) ;
#3623 = CARTESIAN_POINT ( 'NONE',  ( 0.9505551142725150449, 2.415000000000000036, 9.241021464881704617 ) ) ;
#3624 = B_SPLINE_CURVE_WITH_KNOTS ( 'NONE', 3,
 ( #3035, #4585, #5204, #3811, #5788, #1714, #1086, #5963, #7924, #1046, #5878 ),
 .UNSPECIFIED., .F., .F.,
 ( 4, 1, 1, 1, 1, 1, 1, 1, 4 ),
 ( 0.0000000000000000000, 0.1229902457162881657, 0.2414454751303122815, 0.3573541236598791193, 0.4765451170703347561, 0.5993836243904290262, 0.7252993106387926048, 0.8578008137016195356, 1.000000000000000000 ),
 .UNSPECIFIED. ) ;
#3625 = STYLED_ITEM ( 'NONE', ( #1952 ), #1542 ) ;
#3626 = EDGE_CURVE ( 'NONE', #7644, #5994, #8533, .T. ) ;
#3627 = CARTESIAN_POINT ( 'NONE',  ( -0.4836024608400353864, 2.415000000000000036, 7.365774301420440651 ) ) ;
#3628 =( LENGTH_UNIT ( ) NAMED_UNIT ( * ) SI_UNIT ( .MILLI., .METRE. ) );
#3629 = CARTESIAN_POINT ( 'NONE',  ( 1.223789215160400179, 2.415000000000000036, 9.417541122541740251 ) ) ;
#3630 = SURFACE_SIDE_STYLE ('',( #7677 ) ) ;
#3631 = VERTEX_POINT ( 'NONE', #2190 ) ;
#3632 = CARTESIAN_POINT ( 'NONE',  ( -2.112187913521790250, 2.415000000000000036, 7.884710236402850292 ) ) ;
#3633 = CARTESIAN_POINT ( 'NONE',  ( 1.266229977706496035, 2.415000000000000036, 9.239994667393514050 ) ) ;
#3634 = CARTESIAN_POINT ( 'NONE',  ( -2.442542901067231043, 2.415000000000000036, 9.772979243895269619 ) ) ;
#3635 = CARTESIAN_POINT ( 'NONE',  ( -0.4212589375521780255, 2.415000000000000036, 8.174365832356530248 ) ) ;
#3636 = CARTESIAN_POINT ( 'NONE',  ( -1.877667600168992701, 2.415000000000000036, 9.429734192640097490 ) ) ;
#3637 = CARTESIAN_POINT ( 'NONE',  ( 1.880984972633798158, 2.415000000000000036, 5.273041778947687774 ) ) ;
#3638 = ORIENTED_EDGE ( 'NONE', *, *, #3119, .F. ) ;
#3639 = VERTEX_POINT ( 'NONE', #2934 ) ;
#3640 = ORIENTED_EDGE ( 'NONE', *, *, #8837, .T. ) ;
#3641 = CARTESIAN_POINT ( 'NONE',  ( 1.936858417060514759, 2.415000000000000036, 8.161538780492906042 ) ) ;
#3642 = LINE ( 'NONE', #1538, #7011 ) ;
#3643 = CARTESIAN_POINT ( 'NONE',  ( 5.715000000000000746, 0.0000000000000000000, 1.016000000000000902 ) ) ;
#3644 =( LENGTH_UNIT ( ) NAMED_UNIT ( * ) SI_UNIT ( .MILLI., .METRE. ) );
#3645 = CARTESIAN_POINT ( 'NONE',  ( -0.2291634620694835145, 2.415000000000000036, 7.321225350381795671 ) ) ;
#3646 = VERTEX_POINT ( 'NONE', #7174 ) ;
#3647 = ORIENTED_EDGE ( 'NONE', *, *, #1712, .F. ) ;
#3648 = FILL_AREA_STYLE_COLOUR ( '', #7898 ) ;
#3649 = CARTESIAN_POINT ( 'NONE',  ( -4.888132034355963995, -2.260000000000000231, 0.8659999999999993259 ) ) ;
#3650 = DIRECTION ( 'NONE',  ( 0.7071067811865474617, 0.0000000000000000000, 0.7071067811865474617 ) ) ;
#3651 = LINE ( 'NONE', #2873, #6137 ) ;
#3652 = EDGE_LOOP ( 'NONE', ( #8857, #6148, #7266, #5120 ) ) ;
#3653 = LINE ( 'NONE', #7072, #4413 ) ;
#3654 = ORIENTED_EDGE ( 'NONE', *, *, #5708, .T. ) ;
#3655 = CARTESIAN_POINT ( 'NONE',  ( -1.818275013932614481, 2.415000000000000036, 9.713377234112474667 ) ) ;
#3656 = CARTESIAN_POINT ( 'NONE',  ( -2.061838057902777521, 2.415000000000000036, 9.462751813875200924 ) ) ;
#3657 = FACE_OUTER_BOUND ( 'NONE', #2460, .T. ) ;
#3658 = EDGE_CURVE ( 'NONE', #2208, #524, #8440, .T. ) ;
#3659 =( LENGTH_UNIT ( ) NAMED_UNIT ( * ) SI_UNIT ( .MILLI., .METRE. ) );
#3660 =( LENGTH_UNIT ( ) NAMED_UNIT ( * ) SI_UNIT ( .MILLI., .METRE. ) );
#3661 = CARTESIAN_POINT ( 'NONE',  ( 0.7349975258801978439, 2.415000000000000036, 7.921892705904045151 ) ) ;
#3662 = PLANE ( 'NONE',  #3207 ) ;
#3663 = CARTESIAN_POINT ( 'NONE',  ( 1.251837165554566367, 2.415000000000000036, 5.082047105907345319 ) ) ;
#3664 = CARTESIAN_POINT ( 'NONE',  ( -2.049444885727486287, 2.415000000000000036, 9.859010246932985666 ) ) ;
#3665 = EDGE_CURVE ( 'NONE', #5340, #3173, #3241, .T. ) ;
#3666 = EDGE_CURVE ( 'NONE', #1640, #4337, #8091, .T. ) ;
#3667 = CARTESIAN_POINT ( 'NONE',  ( -0.3613169837986252020, 2.415000000000000036, 5.452999060334734693 ) ) ;
#3668 = ORIENTED_EDGE ( 'NONE', *, *, #105, .T. ) ;
#3669 = VECTOR ( 'NONE', #8164, 1000.000000000000000 ) ;
#3670 = SURFACE_STYLE_USAGE ( .BOTH. , #2366 ) ;
#3671 = EDGE_CURVE ( 'NONE', #5858, #8341, #1754, .T. ) ;
#3672 = CARTESIAN_POINT ( 'NONE',  ( 1.142862806580207780, 2.415000000000000036, 7.597431721291960649 ) ) ;
#3673 = CARTESIAN_POINT ( 'NONE',  ( 4.888132034355965772, 2.415000000000000036, 0.8660000000000008802 ) ) ;
#3674 = COLOUR_RGB ( '',0.2509803921568627416, 0.2509803921568627416, 0.2509803921568627416 ) ;
#3675 = EDGE_LOOP ( 'NONE', ( #4259, #3414, #7193, #4275, #1777, #7004, #6390, #6071, #7828, #234, #6636, #3253 ) ) ;
#3676 = UNCERTAINTY_MEASURE_WITH_UNIT (LENGTH_MEASURE( 1.000000000000000082E-05 ), #6863, 'distance_accuracy_value', 'NONE');
#3677 = CARTESIAN_POINT ( 'NONE',  ( 2.007846780939182896, 2.415000000000000036, 5.261534285394525945 ) ) ;
#3678 = ADVANCED_FACE ( 'NONE', ( #8665 ), #2512, .T. ) ;
#3679 = ORIENTED_EDGE ( 'NONE', *, *, #57, .T. ) ;
#3680 = CARTESIAN_POINT ( 'NONE',  ( 1.849880996520238075, 2.415000000000000036, 8.157399081707225719 ) ) ;
#3681 = EDGE_CURVE ( 'NONE', #7150, #2051, #1803, .T. ) ;
#3682 = STYLED_ITEM ( 'NONE', ( #576 ), #4461 ) ;
#3683 = DIRECTION ( 'NONE',  ( -1.000000000000000000, 0.0000000000000000000, 0.0000000000000000000 ) ) ;
#3684 = CARTESIAN_POINT ( 'NONE',  ( -2.293034629317227235, 2.415000000000000036, 7.410132041804780911 ) ) ;
#3685 = B_SPLINE_CURVE_WITH_KNOTS ( 'NONE', 3,
 ( #4355, #136, #7633, #5646, #1440, #6374, #8439, #4828, #4211, #2228, #5694, #3491, #4926, #2189, #7681, #5015, #7087, #1525, #2098 ),
 .UNSPECIFIED., .F., .F.,
 ( 4, 1, 1, 1, 1, 1, 1, 1, 1, 1, 1, 1, 1, 1, 1, 1, 4 ),
 ( 0.0000000000000000000, 0.07102127342872124882, 0.1393161413814325289, 0.2054842218292858846, 0.2696122624458456296, 0.3325923026663337168, 0.3950354537402748223, 0.4575842021011603533, 0.5210590599662778821, 0.5836117159143709987, 0.6440498612691819558, 0.7034930385063433711, 0.7616517723655827909, 0.8198346665943014866, 0.8783401382927102929, 0.9384091365451159295, 1.000000000000000000 ),
 .UNSPECIFIED. ) ;
#3686 = CARTESIAN_POINT ( 'NONE',  ( -3.305904802760562866, 2.415000000000000036, 9.540901449177423999 ) ) ;
#3687 = UNCERTAINTY_MEASURE_WITH_UNIT (LENGTH_MEASURE( 1.000000000000000082E-05 ), #5395, 'distance_accuracy_value', 'NONE');
#3688 =( GEOMETRIC_REPRESENTATION_CONTEXT ( 3 ) GLOBAL_UNCERTAINTY_ASSIGNED_CONTEXT ( ( #1731 ) ) GLOBAL_UNIT_ASSIGNED_CONTEXT ( ( #3513, #4950, #2916 ) ) REPRESENTATION_CONTEXT ( 'NONE', 'WORKASPACE' ) );
#3689 = ORIENTED_EDGE ( 'NONE', *, *, #4332, .T. ) ;
#3690 = VECTOR ( 'NONE', #7616, 1000.000000000000000 ) ;
#3691 = CARTESIAN_POINT ( 'NONE',  ( -0.2907575831471893024, 2.415000000000000036, 7.315455626768626374 ) ) ;
#3692 = ORIENTED_EDGE ( 'NONE', *, *, #1428, .T. ) ;
#3693 = PRESENTATION_LAYER_ASSIGNMENT (  '', '', ( #2401 ) ) ;
#3694 = ORIENTED_EDGE ( 'NONE', *, *, #4707, .T. ) ;
#3695 = FILL_AREA_STYLE_COLOUR ( '', #6903 ) ;
#3696 = CARTESIAN_POINT ( 'NONE',  ( -0.8987760654623245804, 2.415000000000000036, 6.009449916971969508 ) ) ;
#3697 = DIRECTION ( 'NONE',  ( 0.0000000000000000000, 0.0000000000000000000, 1.000000000000000000 ) ) ;
#3698 = CARTESIAN_POINT ( 'NONE',  ( -5.919999999999999929, 2.510525938252069748E-17, -3.299999999999999822 ) ) ;
#3699 = DIRECTION ( 'NONE',  ( 0.0000000000000000000, 0.0000000000000000000, -1.000000000000000000 ) ) ;
#3700 = CARTESIAN_POINT ( 'NONE',  ( -0.2904244378770037827, 2.415000000000000036, 8.186911775127500235 ) ) ;
#3701 = ORIENTED_EDGE ( 'NONE', *, *, #1097, .F. ) ;
#3702 = CARTESIAN_POINT ( 'NONE',  ( -3.461800518328111309, 2.415000000000000036, 9.817460587951250872 ) ) ;
#3703 = ORIENTED_EDGE ( 'NONE', *, *, #6314, .T. ) ;
#3704 = STYLED_ITEM ( 'NONE', ( #961 ), #8145 ) ;
#3705 = AXIS2_PLACEMENT_3D ( 'NONE', #6640, #8871, #8137 ) ;
#3706 = DIRECTION ( 'NONE',  ( 0.0000000000000000000, 0.0000000000000000000, 1.000000000000000000 ) ) ;
#3707 = FILL_AREA_STYLE_COLOUR ( '', #2456 ) ;
#3708 =( NAMED_UNIT ( * ) PLANE_ANGLE_UNIT ( ) SI_UNIT ( $, .RADIAN. ) );
#3709 = CARTESIAN_POINT ( 'NONE',  ( 0.0000000000000000000, 2.415000000000000036, 0.0000000000000000000 ) ) ;
#3710 = CARTESIAN_POINT ( 'NONE',  ( -1.003771808804408083, 2.415000000000000036, 7.161534285394524524 ) ) ;
#3711 =( NAMED_UNIT ( * ) PLANE_ANGLE_UNIT ( ) SI_UNIT ( $, .RADIAN. ) );
#3712 = SURFACE_SIDE_STYLE ('',( #1034 ) ) ;
#3713 = COLOUR_RGB ( '',0.2509803921568627416, 0.2509803921568627416, 0.2509803921568627416 ) ;
#3714 = TOROIDAL_SURFACE ( 'NONE', #4289, 0.2050000000000000155, 0.2000000000000000111 ) ;
#3715 = CARTESIAN_POINT ( 'NONE',  ( 0.03996446998976867920, 2.415000000000000036, 7.675435693898242207 ) ) ;
#3716 = B_SPLINE_CURVE_WITH_KNOTS ( 'NONE', 3,
 ( #4243, #3526, #210, #128, #2841, #8285, #6990, #939, #839, #4916, #5686, #5591, #1620, #1571, #8385, #2181, #2221, #4345, #1517, #3577, #2883, #7079, #5635, #3661, #4382, #6592, #3851 ),
 .UNSPECIFIED., .F., .F.,
 ( 4, 1, 1, 1, 1, 1, 1, 1, 1, 1, 1, 1, 1, 1, 1, 1, 1, 1, 1, 1, 1, 1, 1, 1, 4 ),
 ( 0.0000000000000000000, 0.07078281324948861031, 0.1365548837581440078, 0.1970170812961540840, 0.2529285980491743357, 0.3036936209939700704, 0.3497273145159789931, 0.3912496040024319721, 0.4284885574606544512, 0.4630673740193445576, 0.4971619626021280269, 0.5310147289287032724, 0.5644605729682186102, 0.5976912786518835397, 0.6314128172521558113, 0.6655895408770156063, 0.7004444439426077418, 0.7358745186436659314, 0.7710867645298361550, 0.8069703392376510465, 0.8435307504688019931, 0.8809374163317471584, 0.9192925003963103858, 0.9591792874579987416, 1.000000000000000000 ),
 .UNSPECIFIED. ) ;
#3717 = ADVANCED_FACE ( 'NONE', ( #5830 ), #5875, .T. ) ;
#3718 = ORIENTED_EDGE ( 'NONE', *, *, #5648, .T. ) ;
#3719 = FILL_AREA_STYLE ('',( #3131 ) ) ;
#3720 = SURFACE_SIDE_STYLE ('',( #8442 ) ) ;
#3721 = DIRECTION ( 'NONE',  ( 0.0000000000000000000, 0.0000000000000000000, 1.000000000000000000 ) ) ;
#3722 = DIRECTION ( 'NONE',  ( 0.0000000000000000000, 0.0000000000000000000, 1.000000000000000000 ) ) ;
#3723 = CARTESIAN_POINT ( 'NONE',  ( -1.298514293832653044, 2.415000000000000036, 5.920541499494732740 ) ) ;
#3724 = ORIENTED_EDGE ( 'NONE', *, *, #2782, .F. ) ;
#3725 = EDGE_CURVE ( 'NONE', #1947, #2531, #5823, .T. ) ;
#3726 = CARTESIAN_POINT ( 'NONE',  ( -1.902008988291588043, 2.415000000000000036, 5.082047105907345319 ) ) ;
#3727 = ORIENTED_EDGE ( 'NONE', *, *, #4875, .F. ) ;
#3728 = CARTESIAN_POINT ( 'NONE',  ( 1.874833960426361967, 2.415000000000000036, 6.064218580266320657 ) ) ;
#3729 = DIRECTION ( 'NONE',  ( 0.0000000000000000000, 0.0000000000000000000, -1.000000000000000000 ) ) ;
#3730 = EDGE_CURVE ( 'NONE', #5815, #572, #6818, .T. ) ;
#3731 = CARTESIAN_POINT ( 'NONE',  ( -3.311938577276713147, 2.415000000000000036, 9.668382443598863674 ) ) ;
#3732 = ORIENTED_EDGE ( 'NONE', *, *, #7806, .T. ) ;
#3733 = DIRECTION ( 'NONE',  ( -1.445602896647339508E-15, 0.0000000000000000000, 1.000000000000000000 ) ) ;
#3734 = ORIENTED_EDGE ( 'NONE', *, *, #6476, .F. ) ;
#3735 = VERTEX_POINT ( 'NONE', #4151 ) ;
#3736 = CARTESIAN_POINT ( 'NONE',  ( 2.052990922835701948, 2.415000000000000036, 9.733761173793457289 ) ) ;
#3737 = AXIS2_PLACEMENT_3D ( 'NONE', #5242, #445, #5154 ) ;
#3738 = CARTESIAN_POINT ( 'NONE',  ( -3.492101985937029252, 2.415000000000000036, 9.817263731186347542 ) ) ;
#3739 = DIRECTION ( 'NONE',  ( 0.0000000000000000000, -0.0000000000000000000, 1.000000000000000000 ) ) ;
#3740 = CARTESIAN_POINT ( 'NONE',  ( -0.1713898267292872923, 2.415000000000000036, 2.139600894859849944 ) ) ;
#3741 = SURFACE_SIDE_STYLE ('',( #5228 ) ) ;
#3742 = CARTESIAN_POINT ( 'NONE',  ( -2.369957706240306550, 2.415000000000000036, 9.607808323856064092 ) ) ;
#3743 = VERTEX_POINT ( 'NONE', #1431 ) ;
#3744 = AXIS2_PLACEMENT_3D ( 'NONE', #8886, #1975, #4703 ) ;
#3745 = CARTESIAN_POINT ( 'NONE',  ( -1.846793173284813072, 2.415000000000000036, 9.813315237550838788 ) ) ;
#3746 = VERTEX_POINT ( 'NONE', #8843 ) ;
#3747 =( NAMED_UNIT ( * ) PLANE_ANGLE_UNIT ( ) SI_UNIT ( $, .RADIAN. ) );
#3748 = SURFACE_SIDE_STYLE ('',( #1792 ) ) ;
#3749 = CARTESIAN_POINT ( 'NONE',  ( 1.888038155036302346, 2.415000000000000036, 5.872368174328865820 ) ) ;
#3750 = DIRECTION ( 'NONE',  ( -1.000000000000000000, 0.0000000000000000000, 0.0000000000000000000 ) ) ;
#3751 = DIRECTION ( 'NONE',  ( -1.000000000000000000, 0.0000000000000000000, 0.0000000000000000000 ) ) ;
#3752 = CIRCLE ( 'NONE', #603, 0.2049999999999994604 ) ;
#3753 = CARTESIAN_POINT ( 'NONE',  ( 1.701518537669036490, 2.415000000000000036, 7.528524678916552304 ) ) ;
#3754 = FACE_OUTER_BOUND ( 'NONE', #7332, .T. ) ;
#3755 = CARTESIAN_POINT ( 'NONE',  ( -0.08095498148059368515, 2.415000000000000036, 7.932037462335409295 ) ) ;
#3756 = PRESENTATION_LAYER_ASSIGNMENT (  '', '', ( #893 ) ) ;
#3757 =( NAMED_UNIT ( * ) PLANE_ANGLE_UNIT ( ) SI_UNIT ( $, .RADIAN. ) );
#3758 = ORIENTED_EDGE ( 'NONE', *, *, #2876, .F. ) ;
#3759 = PRESENTATION_LAYER_ASSIGNMENT (  '', '', ( #3332 ) ) ;
#3760 = DIRECTION ( 'NONE',  ( -1.000000000000000000, 0.0000000000000000000, 0.0000000000000000000 ) ) ;
#3761 = SURFACE_STYLE_USAGE ( .BOTH. , #4538 ) ;
#3762 = CARTESIAN_POINT ( 'NONE',  ( 1.665809486598912148, 2.415000000000000036, 8.097901977799205397 ) ) ;
#3763 =( LENGTH_UNIT ( ) NAMED_UNIT ( * ) SI_UNIT ( .MILLI., .METRE. ) );
#3764 = SURFACE_STYLE_FILL_AREA ( #7606 ) ;
#3765 = MECHANICAL_DESIGN_GEOMETRIC_PRESENTATION_REPRESENTATION (  '', ( #5206 ), #749 ) ;
#3766 = CARTESIAN_POINT ( 'NONE',  ( -5.996371228980001078, 2.415000000000000036, 1.838656741055213040 ) ) ;
#3767 = CARTESIAN_POINT ( 'NONE',  ( 0.009449345041746499974, 2.415000000000000036, 5.082047105907345319 ) ) ;
#3768 = ORIENTED_EDGE ( 'NONE', *, *, #8205, .T. ) ;
#3769 = UNCERTAINTY_MEASURE_WITH_UNIT (LENGTH_MEASURE( 1.000000000000000082E-05 ), #461, 'distance_accuracy_value', 'NONE');
#3770 = CARTESIAN_POINT ( 'NONE',  ( 1.778680114272515711, 2.415000000000000036, 5.628521464881704794 ) ) ;
#3771 = ORIENTED_EDGE ( 'NONE', *, *, #2533, .F. ) ;
#3772 = AXIS2_PLACEMENT_3D ( 'NONE', #1331, #8825, #8130 ) ;
#3773 = FACE_BOUND ( 'NONE', #6571, .T. ) ;
#3774 = EDGE_CURVE ( 'NONE', #5058, #8920, #4674, .T. ) ;
#3775 = VECTOR ( 'NONE', #7080, 999.9999999999998863 ) ;
#3776 = UNCERTAINTY_MEASURE_WITH_UNIT (LENGTH_MEASURE( 1.000000000000000082E-05 ), #6031, 'distance_accuracy_value', 'NONE');
#3777 = DIRECTION ( 'NONE',  ( 1.423070940095821945E-16, 0.0000000000000000000, 1.000000000000000000 ) ) ;
#3778 = ORIENTED_EDGE ( 'NONE', *, *, #941, .T. ) ;
#3779 = FACE_OUTER_BOUND ( 'NONE', #4057, .T. ) ;
#3780 = ORIENTED_EDGE ( 'NONE', *, *, #5362, .F. ) ;
#3781 = EDGE_CURVE ( 'NONE', #8700, #1844, #371, .T. ) ;
#3782 = ORIENTED_EDGE ( 'NONE', *, *, #4338, .T. ) ;
#3783 = VECTOR ( 'NONE', #2080, 1000.000000000000000 ) ;
#3784 = CARTESIAN_POINT ( 'NONE',  ( 2.148923655088614826, 2.415000000000000036, 9.817263731186347542 ) ) ;
#3785 = EDGE_CURVE ( 'NONE', #5380, #195, #772, .T. ) ;
#3786 = CARTESIAN_POINT ( 'NONE',  ( -2.011066017177981280, 2.415000000000000036, 2.011066017177982168 ) ) ;
#3787 = FACE_OUTER_BOUND ( 'NONE', #561, .T. ) ;
#3788 = PLANE ( 'NONE',  #7649 ) ;
#3789 = DIRECTION ( 'NONE',  ( 0.0000000000000000000, 0.0000000000000000000, 1.000000000000000000 ) ) ;
#3790 = DIRECTION ( 'NONE',  ( 1.000000000000000000, 0.0000000000000000000, 0.0000000000000000000 ) ) ;
#3791 = CARTESIAN_POINT ( 'NONE',  ( 2.989016652734053814, 2.415000000000000036, 8.161534285394525412 ) ) ;
#3792 = ORIENTED_EDGE ( 'NONE', *, *, #7403, .T. ) ;
#3793 = CARTESIAN_POINT ( 'NONE',  ( -3.335898773803550821, 2.415000000000000036, 9.736897957630311851 ) ) ;
#3794 = ORIENTED_EDGE ( 'NONE', *, *, #4510, .T. ) ;
#3795 = CARTESIAN_POINT ( 'NONE',  ( -2.163688647244469188, 2.415000000000000036, 7.136044825124257862 ) ) ;
#3796 = EDGE_CURVE ( 'NONE', #2273, #7445, #6403, .T. ) ;
#3797 = CYLINDRICAL_SURFACE ( 'NONE', #4987, 0.1499999999999999667 ) ;
#3798 = FACE_BOUND ( 'NONE', #4885, .T. ) ;
#3799 = CARTESIAN_POINT ( 'NONE',  ( -2.631205919729402876, 2.415000000000000036, 9.239994667393515826 ) ) ;
#3800 = FACE_OUTER_BOUND ( 'NONE', #636, .T. ) ;
#3801 = CARTESIAN_POINT ( 'NONE',  ( -0.6979423354442575445, 2.415000000000000036, 2.327566749465179274 ) ) ;
#3802 = ORIENTED_EDGE ( 'NONE', *, *, #2405, .T. ) ;
#3803 = DIRECTION ( 'NONE',  ( 0.7071067811865472397, -0.0000000000000000000, 0.7071067811865480168 ) ) ;
#3804 = ORIENTED_EDGE ( 'NONE', *, *, #2083, .T. ) ;
#3805 = FILL_AREA_STYLE_COLOUR ( '', #5602 ) ;
#3806 = B_SPLINE_CURVE_WITH_KNOTS ( 'NONE', 3,
 ( #1076, #3795, #7163, #3847, #2450, #1029, #3112, #6406, #5909, #341, #5864, #8653, #4379, #5005, #5190, #2590, #8870, #8090, #4571 ),
 .UNSPECIFIED., .F., .F.,
 ( 4, 1, 1, 1, 1, 1, 1, 1, 1, 1, 1, 1, 1, 1, 1, 1, 4 ),
 ( 0.0000000000000000000, 0.06356804460759983566, 0.1259011846401177359, 0.1862887869300992594, 0.2450404948450402298, 0.3034367467743591118, 0.3610556782213788507, 0.4183293326053159067, 0.4757919669398149032, 0.5340741842033338571, 0.5936256685786094334, 0.6550509379521892717, 0.7186983930149959399, 0.7849185687069640815, 0.8534841423204235777, 0.9251629523113867881, 1.000000000000000000 ),
 .UNSPECIFIED. ) ;
#3807 = CARTESIAN_POINT ( 'NONE',  ( -2.242123300826655452, 2.415000000000000036, 7.981952698285301295 ) ) ;
#3808 = CARTESIAN_POINT ( 'NONE',  ( -2.392220558298908006, 2.415000000000000036, 9.710277563401534806 ) ) ;
#3809 =( NAMED_UNIT ( * ) SI_UNIT ( $, .STERADIAN. ) SOLID_ANGLE_UNIT ( ) );
#3810 = LINE ( 'NONE', #1222, #5115 ) ;
#3811 = CARTESIAN_POINT ( 'NONE',  ( 2.223954332770671449, 2.415000000000000036, 9.809674290890475490 ) ) ;
#3812 = CARTESIAN_POINT ( 'NONE',  ( 1.771628889618094060, 2.415000000000000036, 5.624923014503393048 ) ) ;
#3813 = DIRECTION ( 'NONE',  ( 0.0000000000000000000, 0.0000000000000000000, 1.000000000000000000 ) ) ;
#3814 = CARTESIAN_POINT ( 'NONE',  ( -0.3413850164427317257, 2.415000000000000036, 5.140310418605608334 ) ) ;
#3815 = VERTEX_POINT ( 'NONE', #6858 ) ;
#3816 = DIRECTION ( 'NONE',  ( -0.0000000000000000000, 1.000000000000000000, 0.0000000000000000000 ) ) ;
#3817 = MECHANICAL_DESIGN_GEOMETRIC_PRESENTATION_REPRESENTATION (  '', ( #89 ), #4952 ) ;
#3818 = VERTEX_POINT ( 'NONE', #702 ) ;
#3819 = FACE_OUTER_BOUND ( 'NONE', #8174, .T. ) ;
#3820 = CARTESIAN_POINT ( 'NONE',  ( -0.5390508804875897564, 2.415000000000000036, 5.720266024594393706 ) ) ;
#3821 = DIRECTION ( 'NONE',  ( -0.7071067811865481278, 0.0000000000000000000, -0.7071067811865466846 ) ) ;
#3822 = DIRECTION ( 'NONE',  ( 0.7071067811865481278, 0.0000000000000000000, 0.7071067811865466846 ) ) ;
#3823 = CARTESIAN_POINT ( 'NONE',  ( 0.8024612343141549475, 2.415000000000000036, 7.690684526087927075 ) ) ;
#3824 = MECHANICAL_DESIGN_GEOMETRIC_PRESENTATION_REPRESENTATION (  '', ( #7702 ), #8457 ) ;
#3825 =( LENGTH_UNIT ( ) NAMED_UNIT ( * ) SI_UNIT ( .MILLI., .METRE. ) );
#3826 = CARTESIAN_POINT ( 'NONE',  ( -3.393435872088412353, 2.415000000000000036, 9.953188243117688572 ) ) ;
#3827 = ORIENTED_EDGE ( 'NONE', *, *, #2730, .F. ) ;
#3828 = CARTESIAN_POINT ( 'NONE',  ( -1.010960597912827996, 2.415000000000000036, 5.093945256589102577 ) ) ;
#3829 = VERTEX_POINT ( 'NONE', #4818 ) ;
#3830 =( GEOMETRIC_REPRESENTATION_CONTEXT ( 3 ) GLOBAL_UNCERTAINTY_ASSIGNED_CONTEXT ( ( #7457 ) ) GLOBAL_UNIT_ASSIGNED_CONTEXT ( ( #1490, #4975, #909 ) ) REPRESENTATION_CONTEXT ( 'NONE', 'WORKASPACE' ) );
#3831 = VECTOR ( 'NONE', #4294, 1000.000000000000000 ) ;
#3832 = CARTESIAN_POINT ( 'NONE',  ( -2.323773719897843648, 2.415000000000000036, 8.143473303260313045 ) ) ;
#3833 = CARTESIAN_POINT ( 'NONE',  ( -1.659391940854652692, 2.415000000000000036, 9.258127433968761366 ) ) ;
#3834 = CARTESIAN_POINT ( 'NONE',  ( 2.749389523719261152, 2.415000000000000036, 9.348802976701316325 ) ) ;
#3835 = CARTESIAN_POINT ( 'NONE',  ( 1.323351588631489495, 2.415000000000000036, 9.394867618727857916 ) ) ;
#3836 = VECTOR ( 'NONE', #5662, 1000.000000000000000 ) ;
#3837 = LINE ( 'NONE', #1536, #7533 ) ;
#3838 = CIRCLE ( 'NONE', #5544, 0.1499999999999999667 ) ;
#3839 = EDGE_CURVE ( 'NONE', #8920, #4458, #6731, .T. ) ;
#3840 = LINE ( 'NONE', #8699, #4994 ) ;
#3841 = VECTOR ( 'NONE', #2316, 1000.000000000000000 ) ;
#3842 = LINE ( 'NONE', #2584, #2963 ) ;
#3843 = SURFACE_STYLE_FILL_AREA ( #8701 ) ;
#3844 = ORIENTED_EDGE ( 'NONE', *, *, #3781, .T. ) ;
#3845 = ADVANCED_FACE ( 'NONE', ( #4201 ), #5375, .T. ) ;
#3846 = CARTESIAN_POINT ( 'NONE',  ( -3.809999999999999609, 2.265000000000000124, 0.2121320343559643107 ) ) ;
#3847 = CARTESIAN_POINT ( 'NONE',  ( -2.121784617495476422, 2.415000000000000036, 7.138800817774185070 ) ) ;
#3848 = CARTESIAN_POINT ( 'NONE',  ( 1.854743963575518295, 2.415000000000000036, 5.804935279362124056 ) ) ;
#3849 = COLOUR_RGB ( '',0.7529411764705882248, 0.7529411764705882248, 0.7529411764705882248 ) ;
#3850 = PRESENTATION_STYLE_ASSIGNMENT (( #437 ) ) ;
#3851 = CARTESIAN_POINT ( 'NONE',  ( 0.7326063963237973153, 2.415000000000000036, 7.877479798215037299 ) ) ;
#3852 = LINE ( 'NONE', #3169, #7823 ) ;
#3853 = EDGE_CURVE ( 'NONE', #8075, #1709, #2972, .T. ) ;
#3854 = CARTESIAN_POINT ( 'NONE',  ( 0.9488062285025568032, 2.415000000000000036, 7.800440863652334578 ) ) ;
#3855 = SURFACE_STYLE_USAGE ( .BOTH. , #5098 ) ;
#3856 = VECTOR ( 'NONE', #1862, 1000.000000000000000 ) ;
#3857 = EDGE_LOOP ( 'NONE', ( #4694, #6092, #5885, #3937 ) ) ;
#3858 = VECTOR ( 'NONE', #3001, 1000.000000000000114 ) ;
#3859 = VERTEX_POINT ( 'NONE', #5050 ) ;
#3860 = DIRECTION ( 'NONE',  ( -0.0000000000000000000, -1.000000000000000000, -0.0000000000000000000 ) ) ;
#3861 = FILL_AREA_STYLE ('',( #7269 ) ) ;
#3862 =( NAMED_UNIT ( * ) PLANE_ANGLE_UNIT ( ) SI_UNIT ( $, .RADIAN. ) );
#3863 = MECHANICAL_DESIGN_GEOMETRIC_PRESENTATION_REPRESENTATION (  '', ( #8041 ), #131 ) ;
#3864 = CARTESIAN_POINT ( 'NONE',  ( 0.7710679347853354182, 2.415000000000000036, 5.082047105907345319 ) ) ;
#3865 =( NAMED_UNIT ( * ) SI_UNIT ( $, .STERADIAN. ) SOLID_ANGLE_UNIT ( ) );
#3866 = CARTESIAN_POINT ( 'NONE',  ( -2.440461306404104747, 2.415000000000000036, 7.282668117362130822 ) ) ;
#3867 = ORIENTED_EDGE ( 'NONE', *, *, #7181, .F. ) ;
#3868 = UNCERTAINTY_MEASURE_WITH_UNIT (LENGTH_MEASURE( 1.000000000000000082E-05 ), #782, 'distance_accuracy_value', 'NONE');
#3869 = CARTESIAN_POINT ( 'NONE',  ( -5.304063536672308565, 2.415000000000000036, 1.838656741055213040 ) ) ;
#3870 = CARTESIAN_POINT ( 'NONE',  ( -7.364999999999998437, -2.410000000000000142, 12.03999999999999915 ) ) ;
#3871 = ORIENTED_EDGE ( 'NONE', *, *, #5460, .T. ) ;
#3872 = COLOUR_RGB ( '',0.2509803921568627416, 0.2509803921568627416, 0.2509803921568627416 ) ;
#3873 = LINE ( 'NONE', #6613, #5369 ) ;
#3874 =( NAMED_UNIT ( * ) PLANE_ANGLE_UNIT ( ) SI_UNIT ( $, .RADIAN. ) );
#3875 = SURFACE_STYLE_FILL_AREA ( #1232 ) ;
#3876 = CARTESIAN_POINT ( 'NONE',  ( 0.7356427308693003209, 2.415000000000000036, 7.828653068688200989 ) ) ;
#3877 = LINE ( 'NONE', #6747, #4839 ) ;
#3878 = UNCERTAINTY_MEASURE_WITH_UNIT (LENGTH_MEASURE( 1.000000000000000082E-05 ), #1934, 'distance_accuracy_value', 'NONE');
#3879 = ORIENTED_EDGE ( 'NONE', *, *, #2191, .F. ) ;
#3880 = CARTESIAN_POINT ( 'NONE',  ( -0.7933933635469097023, 2.415000000000000036, 5.257906324938507403 ) ) ;
#3881 = ORIENTED_EDGE ( 'NONE', *, *, #3557, .F. ) ;
#3882 = CARTESIAN_POINT ( 'NONE',  ( 1.504868555690671572, 2.415000000000000036, 9.504284853795791577 ) ) ;
#3883 = DIRECTION ( 'NONE',  ( 0.8926166538284032725, 0.0000000000000000000, 0.4508164918325241466 ) ) ;
#3884 = CARTESIAN_POINT ( 'NONE',  ( 1.133474937254241866, 2.415000000000000036, 5.698567317292376977 ) ) ;
#3885 = EDGE_CURVE ( 'NONE', #920, #2652, #2532, .T. ) ;
#3886 = B_SPLINE_CURVE_WITH_KNOTS ( 'NONE', 3,
 ( #5737, #7175, #4967, #3078, #6333, #7783, #3762, #4357, #3587, #4305, #308, #5831, #268, #6507, #7731, #8620, #2894, #6418, #5696 ),
 .UNSPECIFIED., .F., .F.,
 ( 4, 1, 1, 1, 1, 1, 1, 1, 1, 1, 1, 1, 1, 1, 1, 1, 4 ),
 ( 0.0000000000000000000, 0.06874243800965486317, 0.1348947316569860388, 0.1996997810070091084, 0.2629456432476998118, 0.3253223422754387695, 0.3869274102675119842, 0.4489921402817528273, 0.5106955942907306367, 0.5720441202147429349, 0.6326422467519267068, 0.6929421975036801351, 0.7524173710371192536, 0.8127575466616269173, 0.8734927990612045834, 0.9357833059030914447, 1.000000000000000000 ),
 .UNSPECIFIED. ) ;
#3887 = PRESENTATION_LAYER_ASSIGNMENT (  '', '', ( #7766 ) ) ;
#3888 =( LENGTH_UNIT ( ) NAMED_UNIT ( * ) SI_UNIT ( .MILLI., .METRE. ) );
#3889 = CARTESIAN_POINT ( 'NONE',  ( -1.882041750486174392, 2.415000000000000036, 9.461648031370099687 ) ) ;
#3890 = ORIENTED_EDGE ( 'NONE', *, *, #4932, .T. ) ;
#3891 = VERTEX_POINT ( 'NONE', #7033 ) ;
#3892 = AXIS2_PLACEMENT_3D ( 'NONE', #4654, #7383, #565 ) ;
#3893 = SURFACE_SIDE_STYLE ('',( #5232 ) ) ;
#3894 = LINE ( 'NONE', #649, #22 ) ;
#3895 = PRESENTATION_STYLE_ASSIGNMENT (( #2547 ) ) ;
#3896 = CARTESIAN_POINT ( 'NONE',  ( 0.8159397296571303526, 2.415000000000000036, 5.797992618727858094 ) ) ;
#3897 = CARTESIAN_POINT ( 'NONE',  ( -2.571994125488607175, 2.415000000000000036, 9.229034429525734495 ) ) ;
#3898 = PRESENTATION_STYLE_ASSIGNMENT (( #7347 ) ) ;
#3899 = ADVANCED_FACE ( 'NONE', ( #3657 ), #1514, .T. ) ;
#3900 = MECHANICAL_DESIGN_GEOMETRIC_PRESENTATION_REPRESENTATION (  '', ( #7334 ), #2164 ) ;
#3901 =( LENGTH_UNIT ( ) NAMED_UNIT ( * ) SI_UNIT ( .MILLI., .METRE. ) );
#3902 = ORIENTED_EDGE ( 'NONE', *, *, #8271, .F. ) ;
#3903 = VERTEX_POINT ( 'NONE', #7114 ) ;
#3904 = B_SPLINE_CURVE_WITH_KNOTS ( 'NONE', 3,
 ( #1849, #4032, #4662, #402, #4586, #7317, #5879, #1181, #3913, #6653, #3227, #40, #1391, #6954, #4113, #3527, #5449, #3439, #7585 ),
 .UNSPECIFIED., .F., .F.,
 ( 4, 1, 1, 1, 1, 1, 1, 1, 1, 1, 1, 1, 1, 1, 1, 1, 4 ),
 ( 0.0000000000000000000, 0.06459371775057504150, 0.1276774424521995577, 0.1894208096850474032, 0.2500234037637623086, 0.3097721159034915184, 0.3685318353076163511, 0.4268490460519691054, 0.4854084791826903111, 0.5442404234504851779, 0.6045221745683037051, 0.6656272014530434378, 0.7286031290383243597, 0.7934221680362851803, 0.8598801613667086396, 0.9286843875618746580, 1.000000000000000000 ),
 .UNSPECIFIED. ) ;
#3905 = CARTESIAN_POINT ( 'NONE',  ( 1.900765327440733676, 2.415000000000000036, 5.084032346359812493 ) ) ;
#3906 = ADVANCED_FACE ( 'NONE', ( #4239 ), #207, .F. ) ;
#3907 = MECHANICAL_DESIGN_GEOMETRIC_PRESENTATION_REPRESENTATION (  '', ( #1325 ), #5905 ) ;
#3908 = EDGE_CURVE ( 'NONE', #108, #8349, #5047, .T. ) ;
#3909 = SURFACE_STYLE_FILL_AREA ( #5960 ) ;
#3910 = MECHANICAL_DESIGN_GEOMETRIC_PRESENTATION_REPRESENTATION (  '', ( #7787 ), #6911 ) ;
#3911 = DIRECTION ( 'NONE',  ( 0.0000000000000000000, -0.0000000000000000000, 1.000000000000000000 ) ) ;
#3912 = CARTESIAN_POINT ( 'NONE',  ( -5.715000000000000746, 0.0000000000000000000, -3.500000000000000000 ) ) ;
#3913 = CARTESIAN_POINT ( 'NONE',  ( -0.3690484761298909455, 2.415000000000000036, 9.277264646777791057 ) ) ;
#3914 = EDGE_CURVE ( 'NONE', #7412, #8299, #8603, .T. ) ;
#3915 = CARTESIAN_POINT ( 'NONE',  ( -2.172241360086458073, 2.415000000000000036, 7.135893259753498974 ) ) ;
#3916 = ORIENTED_EDGE ( 'NONE', *, *, #327, .T. ) ;
#3917 = COLOUR_RGB ( '',0.2509803921568627416, 0.2509803921568627416, 0.2509803921568627416 ) ;
#3918 = DIRECTION ( 'NONE',  ( 1.000000000000000000, 0.0000000000000000000, 0.0000000000000000000 ) ) ;
#3919 = CARTESIAN_POINT ( 'NONE',  ( -1.253286887056381138, 2.415000000000000036, 5.236113224955618151 ) ) ;
#3920 = ORIENTED_EDGE ( 'NONE', *, *, #758, .T. ) ;
#3921 = CARTESIAN_POINT ( 'NONE',  ( -2.440470526753126368, 2.415000000000000036, 5.530765054625294219 ) ) ;
#3922 = CARTESIAN_POINT ( 'NONE',  ( 0.0000000000000000000, 2.415000000000000036, 0.0000000000000000000 ) ) ;
#3923 = CARTESIAN_POINT ( 'NONE',  ( 2.749664522748030748, 2.415000000000000036, 9.850551692335891119 ) ) ;
#3924 = DIRECTION ( 'NONE',  ( 0.7071067811865473507, 0.0000000000000000000, -0.7071067811865476838 ) ) ;
#3925 = DIRECTION ( 'NONE',  ( 0.0000000000000000000, 0.0000000000000000000, -1.000000000000000000 ) ) ;
#3926 = DIRECTION ( 'NONE',  ( -0.0000000000000000000, -0.0000000000000000000, -1.000000000000000000 ) ) ;
#3927 = SURFACE_SIDE_STYLE ('',( #6024 ) ) ;
#3928 = FILL_AREA_STYLE ('',( #3199 ) ) ;
#3929 = ORIENTED_EDGE ( 'NONE', *, *, #1172, .F. ) ;
#3930 = COLOUR_RGB ( '',0.8274509803921568096, 0.8392156862745098200, 0.8274509803921568096 ) ;
#3931 = CARTESIAN_POINT ( 'NONE',  ( -0.7116029830632072395, 2.415000000000000036, 5.413561678078636419 ) ) ;
#3932 = CARTESIAN_POINT ( 'NONE',  ( 3.161354554539923534, 2.415000000000000036, 9.242596063794485062 ) ) ;
#3933 = DIRECTION ( 'NONE',  ( 1.000000000000000000, 0.0000000000000000000, 0.0000000000000000000 ) ) ;
#3934 = CARTESIAN_POINT ( 'NONE',  ( -0.02939239689280720089, 2.415000000000000036, 2.171420881205111453 ) ) ;
#3935 = SPHERICAL_SURFACE ( 'NONE', #678, 0.1499999999999999944 ) ;
#3936 = CARTESIAN_POINT ( 'NONE',  ( 1.489541370227817518, 2.415000000000000036, 9.254729963805321091 ) ) ;
#3937 = ORIENTED_EDGE ( 'NONE', *, *, #6366, .T. ) ;
#3938 =( NAMED_UNIT ( * ) SI_UNIT ( $, .STERADIAN. ) SOLID_ANGLE_UNIT ( ) );
#3939 = ORIENTED_EDGE ( 'NONE', *, *, #8516, .F. ) ;
#3940 = PRESENTATION_LAYER_ASSIGNMENT (  '', '', ( #8426 ) ) ;
#3941 = DIRECTION ( 'NONE',  ( 0.0000000000000000000, -0.0000000000000000000, 1.000000000000000000 ) ) ;
#3942 = CARTESIAN_POINT ( 'NONE',  ( 2.040298704016104914, 2.415000000000000036, 9.241021464881704617 ) ) ;
#3943 = DIRECTION ( 'NONE',  ( -0.0000000000000000000, 1.000000000000000000, 0.0000000000000000000 ) ) ;
#3944 =( NAMED_UNIT ( * ) SI_UNIT ( $, .STERADIAN. ) SOLID_ANGLE_UNIT ( ) );
#3945 =( NAMED_UNIT ( * ) PLANE_ANGLE_UNIT ( ) SI_UNIT ( $, .RADIAN. ) );
#3946 = ORIENTED_EDGE ( 'NONE', *, *, #7242, .F. ) ;
#3947 = ORIENTED_EDGE ( 'NONE', *, *, #6595, .F. ) ;
#3948 = CARTESIAN_POINT ( 'NONE',  ( -7.214999999999998082, -2.410000000000000142, 12.03999999999999915 ) ) ;
#3949 = EDGE_CURVE ( 'NONE', #1741, #8415, #5383, .T. ) ;
#3950 = PRESENTATION_STYLE_ASSIGNMENT (( #3761 ) ) ;
#3951 = CARTESIAN_POINT ( 'NONE',  ( 0.0000000000000000000, 2.265000000000000124, 12.03999999999999915 ) ) ;
#3952 = CARTESIAN_POINT ( 'NONE',  ( -2.408961520721244920, 2.415000000000000036, 7.236851105445195387 ) ) ;
#3953 = ORIENTED_EDGE ( 'NONE', *, *, #6639, .T. ) ;
#3954 = EDGE_CURVE ( 'NONE', #1054, #8417, #2451, .T. ) ;
#3955 = CARTESIAN_POINT ( 'NONE',  ( 1.957995257008763312, 2.415000000000000036, 5.688569408265790273 ) ) ;
#3956 = CARTESIAN_POINT ( 'NONE',  ( -1.398531864271056691, 2.415000000000000036, 5.279093476164453236 ) ) ;
#3957 = EDGE_LOOP ( 'NONE', ( #3075, #8715, #6316, #2509 ) ) ;
#3958 = CARTESIAN_POINT ( 'NONE',  ( -2.779562594528479202, 2.415000000000000036, 9.630908395007750755 ) ) ;
#3959 = ADVANCED_FACE ( 'NONE', ( #1697 ), #1324, .T. ) ;
#3960 = CARTESIAN_POINT ( 'NONE',  ( 2.863777196078503895, 2.415000000000000036, 9.943575453173606249 ) ) ;
#3961 = DIRECTION ( 'NONE',  ( 0.0000000000000000000, -0.0000000000000000000, 1.000000000000000000 ) ) ;
#3962 = CARTESIAN_POINT ( 'NONE',  ( 1.669705755298156236, 2.415000000000000036, 7.708008644368883111 ) ) ;
#3963 = ADVANCED_FACE ( 'NONE', ( #6879 ), #4178, .T. ) ;
#3964 = UNCERTAINTY_MEASURE_WITH_UNIT (LENGTH_MEASURE( 1.000000000000000082E-05 ), #6603, 'distance_accuracy_value', 'NONE');
#3965 = CARTESIAN_POINT ( 'NONE',  ( 0.8620634394913955223, 2.415000000000000036, 5.636364880237326069 ) ) ;
#3966 = VERTEX_POINT ( 'NONE', #5467 ) ;
#3967 = FACE_BOUND ( 'NONE', #6479, .T. ) ;
#3968 = ORIENTED_EDGE ( 'NONE', *, *, #3174, .F. ) ;
#3969 = EDGE_CURVE ( 'NONE', #3977, #5657, #6884, .T. ) ;
#3970 = STYLED_ITEM ( 'NONE', ( #8470 ), #3845 ) ;
#3971 = CARTESIAN_POINT ( 'NONE',  ( -2.374583338369261831, 2.415000000000000036, 8.104154378300794548 ) ) ;
#3972 = CARTESIAN_POINT ( 'NONE',  ( -1.692202258114770874, 2.415000000000000036, 9.244734420371750971 ) ) ;
#3973 = CARTESIAN_POINT ( 'NONE',  ( 3.319107199231077221, 2.415000000000000036, 9.334554748097943389 ) ) ;
#3974 = CARTESIAN_POINT ( 'NONE',  ( 0.9978712993250141716, 2.415000000000000036, 5.774918009422663978 ) ) ;
#3975 = CARTESIAN_POINT ( 'NONE',  ( 3.810000000000001386, 2.265000000000000124, 0.2121320343559648935 ) ) ;
#3976 = CARTESIAN_POINT ( 'NONE',  ( 1.603219559356246160, 2.415000000000000036, 9.336068132777540995 ) ) ;
#3977 = VERTEX_POINT ( 'NONE', #1366 ) ;
#3978 = AXIS2_PLACEMENT_3D ( 'NONE', #3045, #4507, #7791 ) ;
#3979 = ORIENTED_EDGE ( 'NONE', *, *, #5536, .F. ) ;
#3980 = B_SPLINE_CURVE_WITH_KNOTS ( 'NONE', 3,
 ( #3478, #8110, #6062, #7446, #3955, #784, #72, #3275, #8806, #5292, #1893, #6315, #1938, #4664, #2788 ),
 .UNSPECIFIED., .F., .F.,
 ( 4, 1, 1, 1, 1, 1, 1, 1, 1, 1, 1, 1, 4 ),
 ( 0.0000000000000000000, 0.08876483084295559711, 0.1713551338288936132, 0.2480819556364504408, 0.3211199534973279146, 0.3888601443721372286, 0.4520616053939573997, 0.5122302123037789645, 0.5695781645389802472, 0.6769774789983366015, 0.7810398434564737036, 0.8869321650381326583, 1.000000000000000000 ),
 .UNSPECIFIED. ) ;
#3981 = PRESENTATION_STYLE_ASSIGNMENT (( #608 ) ) ;
#3982 = VECTOR ( 'NONE', #6035, 1000.000000000000000 ) ;
#3983 = CARTESIAN_POINT ( 'NONE',  ( 3.245426909144309313, 2.415000000000000036, 9.561534285394525767 ) ) ;
#3984 = CARTESIAN_POINT ( 'NONE',  ( 2.668503832221232663, 2.415000000000000036, 9.595388452061191842 ) ) ;
#3985 = VERTEX_POINT ( 'NONE', #7547 ) ;
#3986 = CIRCLE ( 'NONE', #2398, 0.1499999999999999667 ) ;
#3987 = ORIENTED_EDGE ( 'NONE', *, *, #4606, .T. ) ;
#3988 = MECHANICAL_DESIGN_GEOMETRIC_PRESENTATION_REPRESENTATION (  '', ( #8623 ), #2689 ) ;
#3989 = CARTESIAN_POINT ( 'NONE',  ( -2.143899689587158264, 2.415000000000000036, 8.186466786090980108 ) ) ;
#3990 = CARTESIAN_POINT ( 'NONE',  ( -2.348397682588252433, 2.415000000000000036, 9.288776670616151421 ) ) ;
#3991 = FILL_AREA_STYLE_COLOUR ( '', #6412 ) ;
#3992 =( LENGTH_UNIT ( ) NAMED_UNIT ( * ) SI_UNIT ( .MILLI., .METRE. ) );
#3993 = VECTOR ( 'NONE', #977, 1000.000000000000114 ) ;
#3994 = AXIS2_PLACEMENT_3D ( 'NONE', #5998, #2003, #4616 ) ;
#3995 = CARTESIAN_POINT ( 'NONE',  ( -2.368095583232521673, 2.415000000000000036, 7.197276235847313686 ) ) ;
#3996 = EDGE_LOOP ( 'NONE', ( #5614, #2779, #4849, #5966 ) ) ;
#3997 = DIRECTION ( 'NONE',  ( -0.7071067811865476838, 0.0000000000000000000, -0.7071067811865474617 ) ) ;
#3998 = ORIENTED_EDGE ( 'NONE', *, *, #5373, .T. ) ;
#3999 = COLOUR_RGB ( '',0.2509803921568627416, 0.2509803921568627416, 0.2509803921568627416 ) ;
#4000 = PRESENTATION_STYLE_ASSIGNMENT (( #6151 ) ) ;
#4001 = CARTESIAN_POINT ( 'NONE',  ( -0.4876387639373644944, 2.415000000000000036, 5.852292595588918012 ) ) ;
#4002 = LINE ( 'NONE', #585, #5423 ) ;
#4003 = DIRECTION ( 'NONE',  ( 0.0000000000000000000, 1.000000000000000000, 0.0000000000000000000 ) ) ;
#4004 = CARTESIAN_POINT ( 'NONE',  ( 0.7879119891361417993, 2.415000000000000036, 7.706948724897854319 ) ) ;
#4005 = EDGE_CURVE ( 'NONE', #5794, #7643, #6408, .T. ) ;
#4006 = AXIS2_PLACEMENT_3D ( 'NONE', #3080, #2281, #2232 ) ;
#4007 = VECTOR ( 'NONE', #2440, 1000.000000000000000 ) ;
#4008 = ORIENTED_EDGE ( 'NONE', *, *, #7243, .F. ) ;
#4009 = ORIENTED_EDGE ( 'NONE', *, *, #4861, .T. ) ;
#4010 = EDGE_CURVE ( 'NONE', #6975, #35, #4395, .T. ) ;
#4011 = DIRECTION ( 'NONE',  ( 0.0000000000000000000, -0.0000000000000000000, 1.000000000000000000 ) ) ;
#4012 = STYLED_ITEM ( 'NONE', ( #3088 ), #8773 ) ;
#4013 = CARTESIAN_POINT ( 'NONE',  ( 1.706965370682771654, 2.415000000000000036, 9.605003836676576867 ) ) ;
#4014 = AXIS2_PLACEMENT_3D ( 'NONE', #8003, #7964, #3168 ) ;
#4015 = CARTESIAN_POINT ( 'NONE',  ( -1.789009768773290432, 2.415000000000000036, 9.228610753424328905 ) ) ;
#4016 = PLANE ( 'NONE',  #8336 ) ;
#4017 = DIRECTION ( 'NONE',  ( -0.7071067811865442421, 0.0000000000000000000, -0.7071067811865509034 ) ) ;
#4018 = EDGE_LOOP ( 'NONE', ( #4795, #3593, #3794, #579, #5931, #6693, #1956, #8677, #6939, #8776 ) ) ;
#4019 = CARTESIAN_POINT ( 'NONE',  ( 3.041700947605848082, 2.415000000000000036, 9.382047105907346918 ) ) ;
#4020 = ORIENTED_EDGE ( 'NONE', *, *, #7930, .F. ) ;
#4021 = SURFACE_SIDE_STYLE ('',( #1293 ) ) ;
#4022 = PLANE ( 'NONE',  #5147 ) ;
#4023 = PLANE ( 'NONE',  #3036 ) ;
#4024 = CARTESIAN_POINT ( 'NONE',  ( 2.114016652734053370, 2.415000000000000036, 9.984611208471447341 ) ) ;
#4025 = CARTESIAN_POINT ( 'NONE',  ( 1.676375414466241276, 2.415000000000000036, 7.187100733141058129 ) ) ;
#4026 = EDGE_LOOP ( 'NONE', ( #8808, #999, #3802, #2656, #7241, #5572, #8788, #4992, #8752, #4187, #1971 ) ) ;
#4027 = EDGE_LOOP ( 'NONE', ( #7480, #689, #2854, #1624 ) ) ;
#4028 = CARTESIAN_POINT ( 'NONE',  ( 1.612402567294238809, 2.415000000000000036, 5.330863852950761483 ) ) ;
#4029 = CARTESIAN_POINT ( 'NONE',  ( 4.888132034355965772, 2.265000000000000124, 0.8660000000000008802 ) ) ;
#4030 = DIRECTION ( 'NONE',  ( 1.000000000000000000, 0.0000000000000000000, -1.423070940095821945E-16 ) ) ;
#4031 = CARTESIAN_POINT ( 'NONE',  ( -0.4696427839895342959, 2.415000000000000036, 7.159095337789528557 ) ) ;
#4032 = CARTESIAN_POINT ( 'NONE',  ( -0.4805375271906737189, 2.415000000000000036, 9.379922915623851054 ) ) ;
#4033 = DIRECTION ( 'NONE',  ( 0.0000000000000000000, 1.000000000000000000, 0.0000000000000000000 ) ) ;
#4034 = ORIENTED_EDGE ( 'NONE', *, *, #4071, .F. ) ;
#4035 = MECHANICAL_DESIGN_GEOMETRIC_PRESENTATION_REPRESENTATION (  '', ( #4887 ), #7341 ) ;
#4036 = VERTEX_POINT ( 'NONE', #2772 ) ;
#4037 = COLOUR_RGB ( '',0.7529411764705882248, 0.7529411764705882248, 0.7529411764705882248 ) ;
#4038 = CARTESIAN_POINT ( 'NONE',  ( 2.310000000000000053, 0.0000000000000000000, -3.299999999999999822 ) ) ;
#4039 = CARTESIAN_POINT ( 'NONE',  ( -1.754573090855691353, 2.415000000000000036, 9.773273067445806817 ) ) ;
#4040 = CARTESIAN_POINT ( 'NONE',  ( 0.03680574914545012288, 2.415000000000000036, 9.541681780757306441 ) ) ;
#4041 =( NAMED_UNIT ( * ) PLANE_ANGLE_UNIT ( ) SI_UNIT ( $, .RADIAN. ) );
#4042 = MECHANICAL_DESIGN_GEOMETRIC_PRESENTATION_REPRESENTATION (  '', ( #893 ), #178 ) ;
#4043 = LINE ( 'NONE', #417, #5710 ) ;
#4044 = UNCERTAINTY_MEASURE_WITH_UNIT (LENGTH_MEASURE( 1.000000000000000082E-05 ), #2288, 'distance_accuracy_value', 'NONE');
#4045 = CARTESIAN_POINT ( 'NONE',  ( -2.831496167778767337, 2.415000000000000036, 7.341021464881704262 ) ) ;
#4046 = EDGE_LOOP ( 'NONE', ( #2865, #6752, #1074, #311, #7689, #3879, #6718, #134, #2352, #931, #730, #6685, #2819, #2754, #155, #2238 ) ) ;
#4047 = ORIENTED_EDGE ( 'NONE', *, *, #8049, .F. ) ;
#4048 = MECHANICAL_DESIGN_GEOMETRIC_PRESENTATION_REPRESENTATION (  '', ( #589 ), #4895 ) ;
#4049 = EDGE_CURVE ( 'NONE', #8019, #6504, #381, .T. ) ;
#4050 = CARTESIAN_POINT ( 'NONE',  ( 1.854401268118669455, 2.415000000000000036, 5.797191336676576157 ) ) ;
#4051 = CARTESIAN_POINT ( 'NONE',  ( 1.322349986067387073, 2.415000000000000036, 7.161534285394524524 ) ) ;
#4052 = FILL_AREA_STYLE_COLOUR ( '', #1427 ) ;
#4053 = LINE ( 'NONE', #4681, #2320 ) ;
#4054 = CARTESIAN_POINT ( 'NONE',  ( 0.9956482985226914328, 2.415000000000000036, 5.787291308076387253 ) ) ;
#4055 = CARTESIAN_POINT ( 'NONE',  ( 1.792418672524835888, 2.415000000000000036, 6.030289654464660032 ) ) ;
#4056 = CARTESIAN_POINT ( 'NONE',  ( 3.173430732089775663, 2.415000000000000036, 9.785949785763056852 ) ) ;
#4057 = EDGE_LOOP ( 'NONE', ( #6549, #5653, #1228, #6327, #1426, #5508, #1718 ) ) ;
#4058 = EDGE_CURVE ( 'NONE', #8507, #3138, #2095, .T. ) ;
#4059 = ADVANCED_FACE ( 'NONE', ( #3773, #1098, #8634 ), #5707, .T. ) ;
#4060 = DIRECTION ( 'NONE',  ( 0.0000000000000000000, -1.000000000000000000, 0.0000000000000000000 ) ) ;
#4061 = CARTESIAN_POINT ( 'NONE',  ( -2.767393603676203462, 2.415000000000000036, 9.320749028984270268 ) ) ;
#4062 = EDGE_CURVE ( 'NONE', #1928, #6082, #3522, .T. ) ;
#4063 = AXIS2_PLACEMENT_3D ( 'NONE', #5514, #3722, #8307 ) ;
#4064 = DIRECTION ( 'NONE',  ( 0.0000000000000000000, 1.000000000000000000, 0.0000000000000000000 ) ) ;
#4065 = CARTESIAN_POINT ( 'NONE',  ( -2.535622770342870425, 2.415000000000000036, 9.984611208471447341 ) ) ;
#4066 =( LENGTH_UNIT ( ) NAMED_UNIT ( * ) SI_UNIT ( .MILLI., .METRE. ) );
#4067 = CARTESIAN_POINT ( 'NONE',  ( 1.020923132492668639, 2.415000000000000036, 6.066213755709608080 ) ) ;
#4068 =( GEOMETRIC_REPRESENTATION_CONTEXT ( 3 ) GLOBAL_UNCERTAINTY_ASSIGNED_CONTEXT ( ( #3409 ) ) GLOBAL_UNIT_ASSIGNED_CONTEXT ( ( #3992, #6691, #3865 ) ) REPRESENTATION_CONTEXT ( 'NONE', 'WORKASPACE' ) );
#4069 = VERTEX_POINT ( 'NONE', #5172 ) ;
#4070 = CARTESIAN_POINT ( 'NONE',  ( -2.117661503247323829, 2.415000000000000036, 8.183007930824638620 ) ) ;
#4071 = EDGE_CURVE ( 'NONE', #5882, #5109, #1253, .T. ) ;
#4072 = CARTESIAN_POINT ( 'NONE',  ( 5.102258300203053487, -2.410000000000000142, 12.19000000000000306 ) ) ;
#4073 = CARTESIAN_POINT ( 'NONE',  ( -0.7159557689903948141, 2.415000000000000036, 7.318138564723704498 ) ) ;
#4074 =( GEOMETRIC_REPRESENTATION_CONTEXT ( 3 ) GLOBAL_UNCERTAINTY_ASSIGNED_CONTEXT ( ( #1013 ) ) GLOBAL_UNIT_ASSIGNED_CONTEXT ( ( #1208, #6576, #8645 ) ) REPRESENTATION_CONTEXT ( 'NONE', 'WORKASPACE' ) );
#4075 = PRESENTATION_STYLE_ASSIGNMENT (( #8105 ) ) ;
#4076 = ORIENTED_EDGE ( 'NONE', *, *, #4010, .T. ) ;
#4077 = CARTESIAN_POINT ( 'NONE',  ( -0.03422052675312534098, 2.415000000000000036, 5.261534285394525057 ) ) ;
#4078 = VERTEX_POINT ( 'NONE', #1769 ) ;
#4079 = DIRECTION ( 'NONE',  ( 1.000000000000000000, 0.0000000000000000000, 0.0000000000000000000 ) ) ;
#4080 = FILL_AREA_STYLE ('',( #5334 ) ) ;
#4081 = CARTESIAN_POINT ( 'NONE',  ( 7.215000000000001634, -2.260000000000000231, 9.865126265847081299 ) ) ;
#4082 = B_SPLINE_CURVE_WITH_KNOTS ( 'NONE', 3,
 ( #8557, #8599, #2215, #2395, #1613, #5136, #168, #7710, #1563, #4336, #2351 ),
 .UNSPECIFIED., .F., .F.,
 ( 4, 1, 1, 1, 1, 1, 1, 1, 4 ),
 ( 0.0000000000000000000, 0.1118028697172090136, 0.2274039438863889873, 0.3456685468469285483, 0.4679049549051593204, 0.5941940383257655611, 0.7246680477261342457, 0.8596422861376886715, 1.000000000000000000 ),
 .UNSPECIFIED. ) ;
#4083 =( NAMED_UNIT ( * ) SI_UNIT ( $, .STERADIAN. ) SOLID_ANGLE_UNIT ( ) );
#4084 = LINE ( 'NONE', #7636, #243 ) ;
#4085 = CARTESIAN_POINT ( 'NONE',  ( 1.526801800653398988, 2.415000000000000036, 9.630037541849949534 ) ) ;
#4086 = ORIENTED_EDGE ( 'NONE', *, *, #8377, .T. ) ;
#4087 = LINE ( 'NONE', #3454, #5981 ) ;
#4088 = EDGE_LOOP ( 'NONE', ( #8743, #8659, #7765, #8085 ) ) ;
#4089 = CARTESIAN_POINT ( 'NONE',  ( -4.888132034355963995, 2.265000000000000124, 0.8659999999999993259 ) ) ;
#4090 = SURFACE_STYLE_FILL_AREA ( #2773 ) ;
#4091 = AXIS2_PLACEMENT_3D ( 'NONE', #4212, #1357, #4877 ) ;
#4092 = SURFACE_SIDE_STYLE ('',( #2110 ) ) ;
#4093 = CARTESIAN_POINT ( 'NONE',  ( -1.696451420481531080, 2.415000000000000036, 5.391475936761850107 ) ) ;
#4094 = CARTESIAN_POINT ( 'NONE',  ( -1.786624372906972402, 2.415000000000000036, 7.161534285394524524 ) ) ;
#4095 = CARTESIAN_POINT ( 'NONE',  ( -7.214999999999998082, -2.260000000000000231, 12.03999999999999915 ) ) ;
#4096 = CARTESIAN_POINT ( 'NONE',  ( 1.674914088631489939, 2.415000000000000036, 5.821229798215037832 ) ) ;
#4097 = EDGE_CURVE ( 'NONE', #3559, #3746, #6115, .T. ) ;
#4098 = CARTESIAN_POINT ( 'NONE',  ( -0.8026521523893692667, 2.415000000000000036, 1.968031758258645736 ) ) ;
#4099 = VERTEX_POINT ( 'NONE', #190 ) ;
#4100 = EDGE_LOOP ( 'NONE', ( #1396, #1310, #8099, #3638 ) ) ;
#4101 = AXIS2_PLACEMENT_3D ( 'NONE', #172, #982, #5775 ) ;
#4102 = FILL_AREA_STYLE ('',( #113 ) ) ;
#4103 = SURFACE_STYLE_USAGE ( .BOTH. , #736 ) ;
#4104 = CARTESIAN_POINT ( 'NONE',  ( 6.120000000000000107, 0.0000000000000000000, -3.299999999999999822 ) ) ;
#4105 = SURFACE_STYLE_USAGE ( .BOTH. , #4811 ) ;
#4106 = FILL_AREA_STYLE_COLOUR ( '', #2130 ) ;
#4107 = EDGE_CURVE ( 'NONE', #6504, #8019, #6978, .T. ) ;
#4108 = CARTESIAN_POINT ( 'NONE',  ( 2.326757037349438395, 2.415000000000000036, 9.678922105907345141 ) ) ;
#4109 = ORIENTED_EDGE ( 'NONE', *, *, #5361, .F. ) ;
#4110 = VECTOR ( 'NONE', #894, 1000.000000000000000 ) ;
#4111 = MECHANICAL_DESIGN_GEOMETRIC_PRESENTATION_REPRESENTATION (  '', ( #8311 ), #818 ) ;
#4112 = DIRECTION ( 'NONE',  ( 0.0000000000000000000, 0.0000000000000000000, -1.000000000000000000 ) ) ;
#4113 = CARTESIAN_POINT ( 'NONE',  ( -0.2387703357641367263, 2.415000000000000036, 9.233385325827658363 ) ) ;
#4114 = VECTOR ( 'NONE', #7807, 1000.000000000000000 ) ;
#4115 = VECTOR ( 'NONE', #8298, 1000.000000000000000 ) ;
#4116 = CARTESIAN_POINT ( 'NONE',  ( 0.1388676494566895292, 2.415000000000000036, 7.362439577285403658 ) ) ;
#4117 = VERTEX_POINT ( 'NONE', #7094 ) ;
#4118 = VECTOR ( 'NONE', #5586, 1000.000000000000000 ) ;
#4119 = ORIENTED_EDGE ( 'NONE', *, *, #6595, .T. ) ;
#4120 = CARTESIAN_POINT ( 'NONE',  ( -0.9686086500647077546, 2.415000000000000036, 5.337655593833697587 ) ) ;
#4121 = LINE ( 'NONE', #8887, #7851 ) ;
#4122 = PRESENTATION_LAYER_ASSIGNMENT (  '', '', ( #6992 ) ) ;
#4123 = CARTESIAN_POINT ( 'NONE',  ( -0.1634272575223564838, 2.415000000000000036, 9.382047105907346918 ) ) ;
#4124 = AXIS2_PLACEMENT_3D ( 'NONE', #7698, #102, #2864 ) ;
#4125 = CARTESIAN_POINT ( 'NONE',  ( 1.385636231904434412, 2.415000000000000036, 9.810145363356582493 ) ) ;
#4126 = UNCERTAINTY_MEASURE_WITH_UNIT (LENGTH_MEASURE( 1.000000000000000082E-05 ), #6905, 'distance_accuracy_value', 'NONE');
#4127 = VERTEX_POINT ( 'NONE', #4980 ) ;
#4128 = VECTOR ( 'NONE', #7124, 1000.000000000000000 ) ;
#4129 = CARTESIAN_POINT ( 'NONE',  ( -2.110408282655134915, 2.415000000000000036, 7.988176475413610866 ) ) ;
#4130 = ORIENTED_EDGE ( 'NONE', *, *, #2405, .F. ) ;
#4131 = CARTESIAN_POINT ( 'NONE',  ( 7.215000000000001634, 2.265000000000000124, 9.865126265847081299 ) ) ;
#4132 = DIRECTION ( 'NONE',  ( 0.0000000000000000000, 0.0000000000000000000, -1.000000000000000000 ) ) ;
#4133 = CARTESIAN_POINT ( 'NONE',  ( -1.637412852279788167, 2.415000000000000036, 5.271808727929404803 ) ) ;
#4134 = AXIS2_PLACEMENT_3D ( 'NONE', #184, #853, #8536 ) ;
#4135 = STYLED_ITEM ( 'NONE', ( #6420 ), #7583 ) ;
#4136 = CARTESIAN_POINT ( 'NONE',  ( 0.08674779097608262268, 2.415000000000000036, 9.309464622997364103 ) ) ;
#4137 = CARTESIAN_POINT ( 'NONE',  ( 4.888132034355965772, 2.265000000000000124, 1.016000000000000902 ) ) ;
#4138 = ORIENTED_EDGE ( 'NONE', *, *, #4655, .F. ) ;
#4139 =( GEOMETRIC_REPRESENTATION_CONTEXT ( 3 ) GLOBAL_UNCERTAINTY_ASSIGNED_CONTEXT ( ( #1808 ) ) GLOBAL_UNIT_ASSIGNED_CONTEXT ( ( #3500, #97, #8355 ) ) REPRESENTATION_CONTEXT ( 'NONE', 'WORKASPACE' ) );
#4140 = AXIS2_PLACEMENT_3D ( 'NONE', #2369, #1848, #1180 ) ;
#4141 = DIRECTION ( 'NONE',  ( 0.0000000000000000000, 1.000000000000000000, 0.0000000000000000000 ) ) ;
#4142 = DIRECTION ( 'NONE',  ( -1.000000000000000000, 0.0000000000000000000, 0.0000000000000000000 ) ) ;
#4143 = EDGE_CURVE ( 'NONE', #8299, #4692, #7740, .T. ) ;
#4144 = CARTESIAN_POINT ( 'NONE',  ( 0.1602735915818906676, 2.415000000000000036, 9.818366671529382472 ) ) ;
#4145 = CARTESIAN_POINT ( 'NONE',  ( 1.525615267623819271, 2.415000000000000036, 7.333282834211725998 ) ) ;
#4146 = CARTESIAN_POINT ( 'NONE',  ( 2.334624440014473112, 2.415000000000000036, 9.582637202397888743 ) ) ;
#4147 = CYLINDRICAL_SURFACE ( 'NONE', #833, 0.1500000000000002165 ) ;
#4148 = ORIENTED_EDGE ( 'NONE', *, *, #3626, .T. ) ;
#4149 = PLANE ( 'NONE',  #6769 ) ;
#4150 = FILL_AREA_STYLE_COLOUR ( '', #1318 ) ;
#4151 = CARTESIAN_POINT ( 'NONE',  ( -7.365000000000000213, -2.260000000000000231, 1.166000000000000814 ) ) ;
#4152 = EDGE_CURVE ( 'NONE', #7489, #2421, #8303, .T. ) ;
#4153 = CARTESIAN_POINT ( 'NONE',  ( -0.4566840547367512215, 2.415000000000000036, 2.028388078857654708 ) ) ;
#4154 = DIRECTION ( 'NONE',  ( 1.000000000000000000, 0.0000000000000000000, 0.0000000000000000000 ) ) ;
#4155 = CARTESIAN_POINT ( 'NONE',  ( -2.081496167778767337, 2.415000000000000036, 5.261534285394525057 ) ) ;
#4156 = CARTESIAN_POINT ( 'NONE',  ( -0.6776500139326132599, 2.415000000000000036, 10.26666249052273017 ) ) ;
#4157 = CARTESIAN_POINT ( 'NONE',  ( -2.292704489683125235, 2.415000000000000036, 7.415837731221978757 ) ) ;
#4158 = EDGE_CURVE ( 'NONE', #7691, #73, #2571, .T. ) ;
#4159 = LINE ( 'NONE', #4486, #4128 ) ;
#4160 = ORIENTED_EDGE ( 'NONE', *, *, #3949, .T. ) ;
#4161 = CARTESIAN_POINT ( 'NONE',  ( -2.134994985720878979, 2.415000000000000036, 7.861266272651771025 ) ) ;
#4162 = CARTESIAN_POINT ( 'NONE',  ( -2.191415191706977517, 2.415000000000000036, 9.645183754600768822 ) ) ;
#4163 = CARTESIAN_POINT ( 'NONE',  ( 3.090814810378044619, 2.415000000000000036, 9.983847250662146067 ) ) ;
#4164 = STYLED_ITEM ( 'NONE', ( #2921 ), #392 ) ;
#4165 = ADVANCED_FACE ( 'NONE', ( #1979 ), #8157, .T. ) ;
#4166 = CARTESIAN_POINT ( 'NONE',  ( -0.5357826708753076206, 2.415000000000000036, 8.135750121358285014 ) ) ;
#4167 = CARTESIAN_POINT ( 'NONE',  ( -1.406481247761134146, 2.415000000000000036, 6.081237044341905040 ) ) ;
#4168 = CARTESIAN_POINT ( 'NONE',  ( -0.3237365720584384765, 2.415000000000000036, 5.773437883298890405 ) ) ;
#4169 = ORIENTED_EDGE ( 'NONE', *, *, #5519, .T. ) ;
#4170 = PRESENTATION_LAYER_ASSIGNMENT (  '', '', ( #7471 ) ) ;
#4171 = B_SPLINE_CURVE_WITH_KNOTS ( 'NONE', 3,
 ( #1236, #7991, #8818, #4552, #7288, #6672, #1151, #3201, #2620, #6521, #7544, #6160, #6073, #2657, #8124 ),
 .UNSPECIFIED., .F., .F.,
 ( 4, 1, 1, 1, 1, 1, 1, 1, 1, 1, 1, 1, 4 ),
 ( 0.0000000000000000000, 0.1121404444106336579, 0.2152314552258312585, 0.3099462967880159403, 0.3960151157249862108, 0.4732028215041073627, 0.5419053735757525248, 0.6022969219154925558, 0.6548749702342216983, 0.7481855341094885148, 0.8352551123898477314, 0.9189137724470783919, 1.000000000000000000 ),
 .UNSPECIFIED. ) ;
#4172 =( GEOMETRIC_REPRESENTATION_CONTEXT ( 3 ) GLOBAL_UNCERTAINTY_ASSIGNED_CONTEXT ( ( #643 ) ) GLOBAL_UNIT_ASSIGNED_CONTEXT ( ( #7103, #5895, #3152 ) ) REPRESENTATION_CONTEXT ( 'NONE', 'WORKASPACE' ) );
#4173 = CARTESIAN_POINT ( 'NONE',  ( 2.870026268118668344, 2.415000000000000036, 9.457968580266319591 ) ) ;
#4174 = ORIENTED_EDGE ( 'NONE', *, *, #2191, .T. ) ;
#4175 = SURFACE_SIDE_STYLE ('',( #53 ) ) ;
#4176 = ORIENTED_EDGE ( 'NONE', *, *, #55, .F. ) ;
#4177 = EDGE_CURVE ( 'NONE', #3495, #5794, #1530, .T. ) ;
#4178 = SPHERICAL_SURFACE ( 'NONE', #2669, 0.1499999999999999944 ) ;
#4179 = VECTOR ( 'NONE', #1245, 1000.000000000000000 ) ;
#4180 = LINE ( 'NONE', #4051, #2472 ) ;
#4181 = CIRCLE ( 'NONE', #8829, 0.1500000000000000777 ) ;
#4182 = CYLINDRICAL_SURFACE ( 'NONE', #2978, 0.1499999999999999667 ) ;
#4183 = CARTESIAN_POINT ( 'NONE',  ( -1.451198049315487459, 2.415000000000000036, 5.104177822374484030 ) ) ;
#4184 =( NAMED_UNIT ( * ) PLANE_ANGLE_UNIT ( ) SI_UNIT ( $, .RADIAN. ) );
#4185 = PRESENTATION_STYLE_ASSIGNMENT (( #8411 ) ) ;
#4186 = CARTESIAN_POINT ( 'NONE',  ( -2.731867965644036111, -2.260000000000000231, 0.8659999999999993259 ) ) ;
#4187 = ORIENTED_EDGE ( 'NONE', *, *, #6746, .T. ) ;
#4188 = VECTOR ( 'NONE', #6627, 1000.000000000000000 ) ;
#4189 = PLANE ( 'NONE',  #8477 ) ;
#4190 = ORIENTED_EDGE ( 'NONE', *, *, #1930, .F. ) ;
#4191 = VERTEX_POINT ( 'NONE', #1813 ) ;
#4192 =( LENGTH_UNIT ( ) NAMED_UNIT ( * ) SI_UNIT ( .MILLI., .METRE. ) );
#4193 = CARTESIAN_POINT ( 'NONE',  ( -1.098935331544104832, 2.415000000000000036, 2.454041356439828014 ) ) ;
#4194 = FILL_AREA_STYLE_COLOUR ( '', #4759 ) ;
#4195 =( LENGTH_UNIT ( ) NAMED_UNIT ( * ) SI_UNIT ( .MILLI., .METRE. ) );
#4196 = CARTESIAN_POINT ( 'NONE',  ( -3.305855142137743563, 2.415000000000000036, 9.241021464881704617 ) ) ;
#4197 = CARTESIAN_POINT ( 'NONE',  ( -2.293034629317227235, 2.415000000000000036, 7.410132041804780911 ) ) ;
#4198 = EDGE_LOOP ( 'NONE', ( #1512, #6422, #1350, #1152, #1631 ) ) ;
#4199 = SURFACE_STYLE_USAGE ( .BOTH. , #1386 ) ;
#4200 = CARTESIAN_POINT ( 'NONE',  ( -0.04712955043305649266, 2.415000000000000036, 9.796841885649174131 ) ) ;
#4201 = FACE_OUTER_BOUND ( 'NONE', #4943, .T. ) ;
#4202 =( NAMED_UNIT ( * ) PLANE_ANGLE_UNIT ( ) SI_UNIT ( $, .RADIAN. ) );
#4203 = CARTESIAN_POINT ( 'NONE',  ( -1.905000000000000027, 0.0000000000000000000, -3.500000000000000000 ) ) ;
#4204 = CARTESIAN_POINT ( 'NONE',  ( -0.3095984148721934170, 2.415000000000000036, 7.135985920682514028 ) ) ;
#4205 = CARTESIAN_POINT ( 'NONE',  ( -1.732665572669435550, 2.415000000000000036, 9.569173504636315997 ) ) ;
#4206 = CARTESIAN_POINT ( 'NONE',  ( -7.214999999999999858, -2.260000000000000231, 1.166000000000000814 ) ) ;
#4207 = B_SPLINE_CURVE_WITH_KNOTS ( 'NONE', 3,
 ( #7324, #4594, #499, #5972, #1231, #8767, #1767, #8681, #8023, #3277, #2478, #6019, #2567, #5297, #8811, #2612, #8068, #4001, #8114, #1942, #7936, #3820, #4670, #7405, #1264, #584, #3320 ),
 .UNSPECIFIED., .F., .F.,
 ( 4, 1, 1, 1, 1, 1, 1, 1, 1, 1, 1, 1, 1, 1, 1, 1, 1, 1, 1, 1, 1, 1, 1, 1, 4 ),
 ( 0.0000000000000000000, 0.06014545917686623527, 0.1162618526439814365, 0.1686463775444417001, 0.2174205967134307527, 0.2624098945102280589, 0.3039072082726790303, 0.3422327519789403749, 0.3776206469773328855, 0.4115838809090805461, 0.4453855392136621960, 0.4797520311435025109, 0.5145685617772840503, 0.5503509113113108642, 0.5869944700529650117, 0.6247848430675316811, 0.6637355619404171625, 0.7034697521999001557, 0.7434616888938259116, 0.7840230903682549046, 0.8251403927243398106, 0.8672706266873148051, 0.9103105031531025793, 0.9544262522879167765, 1.000000000000000000 ),
 .UNSPECIFIED. ) ;
#4208 = ADVANCED_FACE ( 'NONE', ( #2480 ), #8027, .T. ) ;
#4209 = EDGE_LOOP ( 'NONE', ( #1807, #5594, #8495, #42 ) ) ;
#4210 = STYLED_ITEM ( 'NONE', ( #3567 ), #3165 ) ;
#4211 = CARTESIAN_POINT ( 'NONE',  ( 1.630229634210672574, 2.415000000000000036, 9.851115133372381649 ) ) ;
#4212 = CARTESIAN_POINT ( 'NONE',  ( -7.214999999999999858, -2.410000000000000142, 1.166000000000000814 ) ) ;
#4213 =( NAMED_UNIT ( * ) PLANE_ANGLE_UNIT ( ) SI_UNIT ( $, .RADIAN. ) );
#4214 = EDGE_CURVE ( 'NONE', #7061, #5627, #7328, .T. ) ;
#4215 = ORIENTED_EDGE ( 'NONE', *, *, #6856, .F. ) ;
#4216 = EDGE_CURVE ( 'NONE', #4377, #1741, #8813, .T. ) ;
#4217 = EDGE_LOOP ( 'NONE', ( #1150, #187, #7437, #7369 ) ) ;
#4218 = EDGE_LOOP ( 'NONE', ( #5403, #7789, #3778, #3539, #1243, #2662, #7322, #2672, #1491, #6763, #2376 ) ) ;
#4219 = DIRECTION ( 'NONE',  ( 0.0000000000000000000, 0.0000000000000000000, -1.000000000000000000 ) ) ;
#4220 =( LENGTH_UNIT ( ) NAMED_UNIT ( * ) SI_UNIT ( .MILLI., .METRE. ) );
#4221 = CARTESIAN_POINT ( 'NONE',  ( 1.641492009932504770, 2.415000000000000036, 5.506027061843075998 ) ) ;
#4222 = CARTESIAN_POINT ( 'NONE',  ( 0.05690775859905255335, 2.415000000000000036, 9.287858544589704834 ) ) ;
#4223 = CARTESIAN_POINT ( 'NONE',  ( -0.5351616886971471976, 2.415000000000000036, 5.405378557344955759 ) ) ;
#4224 = UNCERTAINTY_MEASURE_WITH_UNIT (LENGTH_MEASURE( 1.000000000000000082E-05 ), #7525, 'distance_accuracy_value', 'NONE');
#4225 = CARTESIAN_POINT ( 'NONE',  ( -2.777030657909517863, 2.415000000000000036, 9.563155129751908845 ) ) ;
#4226 = VERTEX_POINT ( 'NONE', #1359 ) ;
#4227 = VERTEX_POINT ( 'NONE', #5554 ) ;
#4228 = B_SPLINE_CURVE_WITH_KNOTS ( 'NONE', 3,
 ( #7830, #1129, #399, #2321, #5101, #3807, #5922, #993, #2414, #5829, #8617 ),
 .UNSPECIFIED., .F., .F.,
 ( 4, 1, 1, 1, 1, 1, 1, 1, 4 ),
 ( 0.0000000000000000000, 0.1624324631371267258, 0.3118476774343783564, 0.4484663286049320186, 0.5742746092459083407, 0.6890538766416928196, 0.7975577503587261141, 0.9002855807634327912, 0.9999999999999998890 ),
 .UNSPECIFIED. ) ;
#4229 = VERTEX_POINT ( 'NONE', #6961 ) ;
#4230 = DIRECTION ( 'NONE',  ( 0.0000000000000000000, 0.0000000000000000000, -1.000000000000000000 ) ) ;
#4231 =( GEOMETRIC_REPRESENTATION_CONTEXT ( 3 ) GLOBAL_UNCERTAINTY_ASSIGNED_CONTEXT ( ( #7368 ) ) GLOBAL_UNIT_ASSIGNED_CONTEXT ( ( #850, #7780, #2986 ) ) REPRESENTATION_CONTEXT ( 'NONE', 'WORKASPACE' ) );
#4232 = PRESENTATION_STYLE_ASSIGNMENT (( #6172 ) ) ;
#4233 = CARTESIAN_POINT ( 'NONE',  ( -3.810000000000000053, -2.410000000000000142, 0.2121320343559643662 ) ) ;
#4234 = AXIS2_PLACEMENT_3D ( 'NONE', #575, #4030, #2755 ) ;
#4235 = CARTESIAN_POINT ( 'NONE',  ( 2.130042293759694783, 2.415000000000000036, 7.161534285394524524 ) ) ;
#4236 = ORIENTED_EDGE ( 'NONE', *, *, #1469, .T. ) ;
#4237 =( NAMED_UNIT ( * ) PLANE_ANGLE_UNIT ( ) SI_UNIT ( $, .RADIAN. ) );
#4238 = CARTESIAN_POINT ( 'NONE',  ( 3.041700947605848082, 2.415000000000000036, 9.382047105907346918 ) ) ;
#4239 = FACE_OUTER_BOUND ( 'NONE', #991, .T. ) ;
#4240 = PRESENTATION_STYLE_ASSIGNMENT (( #2267 ) ) ;
#4241 =( NAMED_UNIT ( * ) PLANE_ANGLE_UNIT ( ) SI_UNIT ( $, .RADIAN. ) );
#4242 = CARTESIAN_POINT ( 'NONE',  ( 1.869549154251467948, 2.415000000000000036, 9.805047272111858447 ) ) ;
#4243 = CARTESIAN_POINT ( 'NONE',  ( 1.122029473246874298, 2.415000000000000036, 8.161534285394525412 ) ) ;
#4244 = CARTESIAN_POINT ( 'NONE',  ( -0.5389425220208317047, 2.415000000000000036, 7.406071244967931122 ) ) ;
#4245 = LINE ( 'NONE', #6993, #543 ) ;
#4246 = CARTESIAN_POINT ( 'NONE',  ( 1.260864039980615248, 2.415000000000000036, 9.402656074956148302 ) ) ;
#4247 = B_SPLINE_CURVE_WITH_KNOTS ( 'NONE', 3,
 ( #2124, #6942, #2168, #7613, #2044, #693, #8318, #4900, #2748, #1504, #4193 ),
 .UNSPECIFIED., .F., .F.,
 ( 4, 1, 1, 1, 1, 1, 1, 1, 4 ),
 ( 0.0000000000000000000, 0.1022139181141489966, 0.2096675157315302240, 0.3222301097842250051, 0.4417036442989176193, 0.5697021523139351729, 0.7048016953114044636, 0.8474957005210210781, 1.000000000000000000 ),
 .UNSPECIFIED. ) ;
#4248 = CARTESIAN_POINT ( 'NONE',  ( -0.3268335879140502054, 2.415000000000000036, 5.376997144851857868 ) ) ;
#4249 = ORIENTED_EDGE ( 'NONE', *, *, #4615, .F. ) ;
#4250 = SURFACE_SIDE_STYLE ('',( #1523 ) ) ;
#4251 = DIRECTION ( 'NONE',  ( 0.0000000000000000000, 0.0000000000000000000, 1.000000000000000000 ) ) ;
#4252 = CARTESIAN_POINT ( 'NONE',  ( -0.7084310287592427979, 2.415000000000000036, 8.011384752461861325 ) ) ;
#4253 =( NAMED_UNIT ( * ) PLANE_ANGLE_UNIT ( ) SI_UNIT ( $, .RADIAN. ) );
#4254 = AXIS2_PLACEMENT_3D ( 'NONE', #3975, #4017, #7553 ) ;
#4255 = COLOUR_RGB ( '',0.2509803921568627416, 0.2509803921568627416, 0.2509803921568627416 ) ;
#4256 = DIRECTION ( 'NONE',  ( 0.0000000000000000000, 0.0000000000000000000, -1.000000000000000000 ) ) ;
#4257 = VERTEX_POINT ( 'NONE', #6916 ) ;
#4258 = CARTESIAN_POINT ( 'NONE',  ( -0.1532109113685103108, 2.415000000000000036, 9.984611208471447341 ) ) ;
#4259 = ORIENTED_EDGE ( 'NONE', *, *, #2244, .T. ) ;
#4260 = EDGE_LOOP ( 'NONE', ( #8405, #5940, #54, #7340, #6569 ) ) ;
#4261 = MECHANICAL_DESIGN_GEOMETRIC_PRESENTATION_REPRESENTATION (  '', ( #3551 ), #5705 ) ;
#4262 = AXIS2_PLACEMENT_3D ( 'NONE', #3028, #5780, #7868 ) ;
#4263 = CARTESIAN_POINT ( 'NONE',  ( 1.815272851242220931, 2.415000000000000036, 7.971411199166798411 ) ) ;
#4264 = SURFACE_STYLE_FILL_AREA ( #278 ) ;
#4265 = EDGE_CURVE ( 'NONE', #1786, #3379, #4084, .T. ) ;
#4266 = LINE ( 'NONE', #5567, #411 ) ;
#4267 = AXIS2_PLACEMENT_3D ( 'NONE', #409, #5836, #2425 ) ;
#4268 = CARTESIAN_POINT ( 'NONE',  ( 3.703933982822019466, 2.265000000000000124, 0.1060660171779830574 ) ) ;
#4269 = PRESENTATION_LAYER_ASSIGNMENT (  '', '', ( #3704 ) ) ;
#4270 = VECTOR ( 'NONE', #2071, 1000.000000000000000 ) ;
#4271 = CARTESIAN_POINT ( 'NONE',  ( -2.780214116496716237, 2.415000000000000036, 9.608409285394525767 ) ) ;
#4272 = ORIENTED_EDGE ( 'NONE', *, *, #8095, .T. ) ;
#4273 = CARTESIAN_POINT ( 'NONE',  ( -1.149926430842053815, 2.415000000000000036, 5.060155394795112116 ) ) ;
#4274 = EDGE_CURVE ( 'NONE', #3488, #2148, #2101, .T. ) ;
#4275 = ORIENTED_EDGE ( 'NONE', *, *, #5416, .T. ) ;
#4276 = DIRECTION ( 'NONE',  ( 0.0000000000000000000, 0.0000000000000000000, -1.000000000000000000 ) ) ;
#4277 = LINE ( 'NONE', #3609, #2308 ) ;
#4278 = MECHANICAL_DESIGN_GEOMETRIC_PRESENTATION_REPRESENTATION (  '', ( #3278 ), #1581 ) ;
#4279 = EDGE_CURVE ( 'NONE', #5627, #4632, #4790, .T. ) ;
#4280 = CARTESIAN_POINT ( 'NONE',  ( 0.2053958347099328896, 2.415000000000000036, 9.717927048263430123 ) ) ;
#4281 = DIRECTION ( 'NONE',  ( -0.7071067811865473507, 0.0000000000000000000, 0.7071067811865476838 ) ) ;
#4282 = CARTESIAN_POINT ( 'NONE',  ( 3.222910660073437406, 2.415000000000000036, 9.487660837670635061 ) ) ;
#4283 = CARTESIAN_POINT ( 'NONE',  ( -2.008306786143086775, 2.415000000000000036, 9.308015347033855136 ) ) ;
#4284 = CARTESIAN_POINT ( 'NONE',  ( -2.091875011461923339, 2.415000000000000036, 7.917353541085377699 ) ) ;
#4285 = FILL_AREA_STYLE ('',( #3476 ) ) ;
#4286 = CARTESIAN_POINT ( 'NONE',  ( -0.1312548949241625629, 2.415000000000000036, 8.159923086709802931 ) ) ;
#4287 = AXIS2_PLACEMENT_3D ( 'NONE', #8812, #715, #3961 ) ;
#4288 = ORIENTED_EDGE ( 'NONE', *, *, #5518, .F. ) ;
#4289 = AXIS2_PLACEMENT_3D ( 'NONE', #199, #239, #5671 ) ;
#4290 = CARTESIAN_POINT ( 'NONE',  ( -2.170839116496714460, 2.415000000000000036, 8.187175311035549186 ) ) ;
#4291 =( NAMED_UNIT ( * ) SI_UNIT ( $, .STERADIAN. ) SOLID_ANGLE_UNIT ( ) );
#4292 = CARTESIAN_POINT ( 'NONE',  ( -5.715000000000000746, 0.0000000000000000000, -3.500000000000000000 ) ) ;
#4293 = CARTESIAN_POINT ( 'NONE',  ( -2.160422449830047942, 2.415000000000000036, 7.582608003343242586 ) ) ;
#4294 = DIRECTION ( 'NONE',  ( -1.000000000000000000, 0.0000000000000000000, 0.0000000000000000000 ) ) ;
#4295 = DIRECTION ( 'NONE',  ( 0.0000000000000000000, 0.0000000000000000000, 1.000000000000000000 ) ) ;
#4296 =( NAMED_UNIT ( * ) PLANE_ANGLE_UNIT ( ) SI_UNIT ( $, .RADIAN. ) );
#4297 = FILL_AREA_STYLE ('',( #2979 ) ) ;
#4298 = CARTESIAN_POINT ( 'NONE',  ( -2.241374418140261504, 2.415000000000000036, 7.509442464653959703 ) ) ;
#4299 = LINE ( 'NONE', #5642, #4110 ) ;
#4300 = EDGE_LOOP ( 'NONE', ( #2642, #474, #4804, #5222 ) ) ;
#4301 = LINE ( 'NONE', #2930, #1746 ) ;
#4302 = CARTESIAN_POINT ( 'NONE',  ( 0.6492730629904639450, 2.415000000000000036, 6.082047105907345319 ) ) ;
#4303 = CARTESIAN_POINT ( 'NONE',  ( -2.493141151028252622, 2.415000000000000036, 9.803428996736593959 ) ) ;
#4304 = CARTESIAN_POINT ( 'NONE',  ( 2.669104793759693894, 2.415000000000000036, 9.561534285394525767 ) ) ;
#4305 = CARTESIAN_POINT ( 'NONE',  ( 1.619842006198336293, 2.415000000000000036, 8.054767724751210167 ) ) ;
#4306 = PRESENTATION_LAYER_ASSIGNMENT (  '', '', ( #7176 ) ) ;
#4307 = CARTESIAN_POINT ( 'NONE',  ( 1.949840370720366645, 2.415000000000000036, 5.263050157888648606 ) ) ;
#4308 = EDGE_LOOP ( 'NONE', ( #5533, #1457, #6728, #1136, #8197, #3758, #5834, #5435, #6336, #95 ) ) ;
#4309 = VERTEX_POINT ( 'NONE', #8888 ) ;
#4310 = ORIENTED_EDGE ( 'NONE', *, *, #440, .F. ) ;
#4311 = VECTOR ( 'NONE', #2553, 1000.000000000000000 ) ;
#4312 = CARTESIAN_POINT ( 'NONE',  ( 2.014513406198259471, 2.415000000000000036, 6.080948386845099307 ) ) ;
#4313 = LINE ( 'NONE', #7095, #313 ) ;
#4314 =( GEOMETRIC_REPRESENTATION_CONTEXT ( 3 ) GLOBAL_UNCERTAINTY_ASSIGNED_CONTEXT ( ( #7650 ) ) GLOBAL_UNIT_ASSIGNED_CONTEXT ( ( #2365, #4353, #946 ) ) REPRESENTATION_CONTEXT ( 'NONE', 'WORKASPACE' ) );
#4315 = CARTESIAN_POINT ( 'NONE',  ( -3.307745950181284478, 2.415000000000000036, 9.624312737611369073 ) ) ;
#4316 = UNCERTAINTY_MEASURE_WITH_UNIT (LENGTH_MEASURE( 1.000000000000000082E-05 ), #7618, 'distance_accuracy_value', 'NONE');
#4317 = CARTESIAN_POINT ( 'NONE',  ( -2.574084308804409194, 2.415000000000000036, 9.394867618727857916 ) ) ;
#4318 = VERTEX_POINT ( 'NONE', #716 ) ;
#4319 = CARTESIAN_POINT ( 'NONE',  ( -1.299444885727485177, 2.415000000000000036, 7.893305118727857561 ) ) ;
#4320 = EDGE_LOOP ( 'NONE', ( #1907, #5769, #3692, #6865 ) ) ;
#4321 = B_SPLINE_CURVE_WITH_KNOTS ( 'NONE', 3,
 ( #7720, #7036, #940, #890, #5095, #7866, #7170, #8610, #5145, #5730, #211 ),
 .UNSPECIFIED., .F., .F.,
 ( 4, 1, 1, 1, 1, 1, 1, 1, 4 ),
 ( 0.0000000000000000000, 0.1311277261554666396, 0.2575432454320572551, 0.3811457981255245708, 0.5032947966173985099, 0.6252651618189571936, 0.7483373662228751666, 0.8724119291697072232, 1.000000000000000000 ),
 .UNSPECIFIED. ) ;
#4322 = EDGE_CURVE ( 'NONE', #3646, #1819, #800, .T. ) ;
#4323 = ORIENTED_EDGE ( 'NONE', *, *, #2413, .F. ) ;
#4324 = VECTOR ( 'NONE', #2243, 1000.000000000000000 ) ;
#4325 = CARTESIAN_POINT ( 'NONE',  ( -7.365000000000000213, 2.265000000000000124, 1.016000000000000902 ) ) ;
#4326 = CARTESIAN_POINT ( 'NONE',  ( 1.251837165554566367, 2.415000000000000036, 5.082047105907345319 ) ) ;
#4327 = CARTESIAN_POINT ( 'NONE',  ( 5.146192283025075476, -2.260000000000000231, 12.14606601717797929 ) ) ;
#4328 = SURFACE_STYLE_USAGE ( .BOTH. , #972 ) ;
#4329 = B_SPLINE_CURVE_WITH_KNOTS ( 'NONE', 3,
 ( #7260, #6541, #4574, #388, #1120, #5728, #5911, #984, #8707, #2503, #1836, #7304, #2973, #5866, #8523, #2312, #7211, #5052, #7819 ),
 .UNSPECIFIED., .F., .F.,
 ( 4, 1, 1, 1, 1, 1, 1, 1, 1, 1, 1, 1, 1, 1, 1, 1, 4 ),
 ( 0.0000000000000000000, 0.06914086260810696494, 0.1350521897477675592, 0.1989986090223762327, 0.2614638467246400144, 0.3224931834162164113, 0.3827689118303008731, 0.4438463552091689857, 0.5051877109935649646, 0.5669792900754707654, 0.6268516683161525771, 0.6871273967302398145, 0.7470518738946113624, 0.8076010732675472648, 0.8697746979122492617, 0.9332803902003499186, 1.000000000000000000 ),
 .UNSPECIFIED. ) ;
#4330 = EDGE_CURVE ( 'NONE', #8030, #3159, #6029, .T. ) ;
#4331 = CARTESIAN_POINT ( 'NONE',  ( 5.146192283025075476, -2.410000000000000142, 12.14606601717797929 ) ) ;
#4332 = EDGE_CURVE ( 'NONE', #524, #7279, #2688, .T. ) ;
#4333 = VECTOR ( 'NONE', #6789, 1000.000000000000000 ) ;
#4334 = CARTESIAN_POINT ( 'NONE',  ( -0.1642489528361877615, 2.415000000000000036, 8.169940339556371001 ) ) ;
#4335 = ORIENTED_EDGE ( 'NONE', *, *, #4762, .T. ) ;
#4336 = CARTESIAN_POINT ( 'NONE',  ( -1.644193521386004830, 2.415000000000000036, 5.930869164179155106 ) ) ;
#4337 = VERTEX_POINT ( 'NONE', #6827 ) ;
#4338 = EDGE_CURVE ( 'NONE', #2105, #7489, #7861, .T. ) ;
#4339 =( LENGTH_UNIT ( ) NAMED_UNIT ( * ) SI_UNIT ( .MILLI., .METRE. ) );
#4340 = CIRCLE ( 'NONE', #188, 0.1999999999999996503 ) ;
#4341 = CARTESIAN_POINT ( 'NONE',  ( -1.907459969174090553, 2.415000000000000036, 9.668202976371915724 ) ) ;
#4342 = PRESENTATION_STYLE_ASSIGNMENT (( #6361 ) ) ;
#4343 = CARTESIAN_POINT ( 'NONE',  ( -7.365000000000000213, -2.260000000000000231, 1.166000000000000814 ) ) ;
#4344 = CARTESIAN_POINT ( 'NONE',  ( 0.05952947324687469371, 2.415000000000000036, 5.902559926420166470 ) ) ;
#4345 = CARTESIAN_POINT ( 'NONE',  ( 0.7738329350952293240, 2.415000000000000036, 8.036157347697308495 ) ) ;
#4346 = ADVANCED_FACE ( 'NONE', ( #2766, #4832 ), #351, .T. ) ;
#4347 = CARTESIAN_POINT ( 'NONE',  ( 1.017510281178108267, 2.415000000000000036, 7.779078815532026958 ) ) ;
#4348 = CARTESIAN_POINT ( 'NONE',  ( -2.270488073232559412, 2.415000000000000036, 7.476055102521547369 ) ) ;
#4349 = PRESENTATION_LAYER_ASSIGNMENT (  '', '', ( #2895 ) ) ;
#4350 = EDGE_CURVE ( 'NONE', #6726, #4622, #3886, .T. ) ;
#4351 = CARTESIAN_POINT ( 'NONE',  ( -0.2645626505421128094, 2.415000000000000036, 5.309696881050142814 ) ) ;
#4352 = ORIENTED_EDGE ( 'NONE', *, *, #2577, .T. ) ;
#4353 =( NAMED_UNIT ( * ) PLANE_ANGLE_UNIT ( ) SI_UNIT ( $, .RADIAN. ) );
#4354 = B_SPLINE_CURVE_WITH_KNOTS ( 'NONE', 3,
 ( #4238, #835, #3067, #436, #981, #3021, #6538, #6586, #7768, #1744, #5818 ),
 .UNSPECIFIED., .F., .F.,
 ( 4, 1, 1, 1, 1, 1, 1, 1, 4 ),
 ( 0.0000000000000000000, 0.1276293378985398352, 0.2513397524349346712, 0.3722486806805274662, 0.4942806398647812127, 0.6161804964311793364, 0.7397910201498226757, 0.8673361698215875659, 1.000000000000000000 ),
 .UNSPECIFIED. ) ;
#4355 = CARTESIAN_POINT ( 'NONE',  ( 1.706965370682771654, 2.415000000000000036, 9.605003836676576867 ) ) ;
#4356 = CARTESIAN_POINT ( 'NONE',  ( -3.809999999999999609, 2.415000000000000036, 0.2121320343559643107 ) ) ;
#4357 = CARTESIAN_POINT ( 'NONE',  ( 1.649251392112057291, 2.415000000000000036, 8.084791893633717308 ) ) ;
#4358 = VECTOR ( 'NONE', #1248, 1000.000000000000000 ) ;
#4359 = CARTESIAN_POINT ( 'NONE',  ( 1.815226881090074240, 2.415000000000000036, 5.307881953764305827 ) ) ;
#4360 = ORIENTED_EDGE ( 'NONE', *, *, #7873, .F. ) ;
#4361 = VERTEX_POINT ( 'NONE', #6463 ) ;
#4362 = CARTESIAN_POINT ( 'NONE',  ( 3.810000000000001830, 2.265000000000000124, 0.2121320343559651433 ) ) ;
#4363 = DIRECTION ( 'NONE',  ( 0.0000000000000000000, 0.0000000000000000000, -1.000000000000000000 ) ) ;
#4364 = EDGE_LOOP ( 'NONE', ( #5250, #6520, #5618, #4805 ) ) ;
#4365 = VERTEX_POINT ( 'NONE', #2988 ) ;
#4366 = ORIENTED_EDGE ( 'NONE', *, *, #1002, .F. ) ;
#4367 = SURFACE_STYLE_FILL_AREA ( #6396 ) ;
#4368 = DIRECTION ( 'NONE',  ( 1.000000000000000000, 0.0000000000000000000, 0.0000000000000000000 ) ) ;
#4369 = CARTESIAN_POINT ( 'NONE',  ( -3.314268603676204794, 2.415000000000000036, 9.678922105907345141 ) ) ;
#4370 =( LENGTH_UNIT ( ) NAMED_UNIT ( * ) SI_UNIT ( .MILLI., .METRE. ) );
#4371 =( NAMED_UNIT ( * ) PLANE_ANGLE_UNIT ( ) SI_UNIT ( $, .RADIAN. ) );
#4372 = CARTESIAN_POINT ( 'NONE',  ( 7.365000000000001990, -2.260000000000000231, 9.865126265847081299 ) ) ;
#4373 = FACE_BOUND ( 'NONE', #6919, .T. ) ;
#4374 =( LENGTH_UNIT ( ) NAMED_UNIT ( * ) SI_UNIT ( .MILLI., .METRE. ) );
#4375 = ORIENTED_EDGE ( 'NONE', *, *, #4332, .F. ) ;
#4376 = CARTESIAN_POINT ( 'NONE',  ( -1.876417065624837122, 2.415000000000000036, 9.798609950229522525 ) ) ;
#4377 = VERTEX_POINT ( 'NONE', #3672 ) ;
#4378 = FILL_AREA_STYLE_COLOUR ( '', #5452 ) ;
#4379 = CARTESIAN_POINT ( 'NONE',  ( -1.934689241836130558, 2.415000000000000036, 7.234111406148441503 ) ) ;
#4380 = CARTESIAN_POINT ( 'NONE',  ( 3.810000000000001830, 2.265000000000000124, 0.2121320343559652544 ) ) ;
#4381 = CARTESIAN_POINT ( 'NONE',  ( 1.589974313308133214, 2.415000000000000036, 7.795772096237580939 ) ) ;
#4382 = CARTESIAN_POINT ( 'NONE',  ( 0.7328868329567730378, 2.415000000000000036, 7.899958660230257834 ) ) ;
#4383 = CARTESIAN_POINT ( 'NONE',  ( -0.5777615394059458787, 2.415000000000000036, 7.441163417554547799 ) ) ;
#4384 = EDGE_CURVE ( 'NONE', #3052, #5321, #347, .T. ) ;
#4385 = STYLED_ITEM ( 'NONE', ( #2725 ), #3503 ) ;
#4386 = DIRECTION ( 'NONE',  ( 0.0000000000000000000, -1.000000000000000000, 0.0000000000000000000 ) ) ;
#4387 = CARTESIAN_POINT ( 'NONE',  ( -1.299444885727485177, 2.415000000000000036, 7.893305118727857561 ) ) ;
#4388 = ORIENTED_EDGE ( 'NONE', *, *, #8608, .F. ) ;
#4389 = CARTESIAN_POINT ( 'NONE',  ( 4.676000000000001044, -2.260000000000000231, 1.078132034355965274 ) ) ;
#4390 = VECTOR ( 'NONE', #1793, 1000.000000000000000 ) ;
#4391 = EDGE_CURVE ( 'NONE', #581, #8734, #222, .T. ) ;
#4392 = DIRECTION ( 'NONE',  ( 2.716326130063896955E-16, 0.0000000000000000000, -1.000000000000000000 ) ) ;
#4393 = PRESENTATION_STYLE_ASSIGNMENT (( #7316 ) ) ;
#4394 = CARTESIAN_POINT ( 'NONE',  ( 1.610898275892787446, 2.415000000000000036, 5.378661244653043738 ) ) ;
#4395 = CIRCLE ( 'NONE', #4956, 0.1499999999999999667 ) ;
#4396 = EDGE_LOOP ( 'NONE', ( #5365, #8639, #3979, #8867 ) ) ;
#4397 = CARTESIAN_POINT ( 'NONE',  ( -1.594917642137741343, 2.415000000000000036, 7.161534285394524524 ) ) ;
#4398 = ORIENTED_EDGE ( 'NONE', *, *, #4058, .T. ) ;
#4399 = CARTESIAN_POINT ( 'NONE',  ( -3.305855142137743563, 2.415000000000000036, 9.241021464881704617 ) ) ;
#4400 = VECTOR ( 'NONE', #1309, 1000.000000000000000 ) ;
#4401 = PRESENTATION_LAYER_ASSIGNMENT (  '', '', ( #8311 ) ) ;
#4402 =( LENGTH_UNIT ( ) NAMED_UNIT ( * ) SI_UNIT ( .MILLI., .METRE. ) );
#4403 = CARTESIAN_POINT ( 'NONE',  ( -0.2978638921192386935, 2.415000000000000036, 9.424563005808114013 ) ) ;
#4404 = DIRECTION ( 'NONE',  ( 0.0000000000000000000, -0.0000000000000000000, 1.000000000000000000 ) ) ;
#4405 =( NAMED_UNIT ( * ) SI_UNIT ( $, .STERADIAN. ) SOLID_ANGLE_UNIT ( ) );
#4406 = UNCERTAINTY_MEASURE_WITH_UNIT (LENGTH_MEASURE( 1.000000000000000082E-05 ), #4617, 'distance_accuracy_value', 'NONE');
#4407 = CARTESIAN_POINT ( 'NONE',  ( -2.757731126900386798, 2.415000000000000036, 9.503168224668756991 ) ) ;
#4408 = VERTEX_POINT ( 'NONE', #2279 ) ;
#4409 = AXIS2_PLACEMENT_3D ( 'NONE', #2196, #1632, #4933 ) ;
#4410 = ORIENTED_EDGE ( 'NONE', *, *, #3343, .F. ) ;
#4411 = PRESENTATION_LAYER_ASSIGNMENT (  '', '', ( #8471 ) ) ;
#4412 = VERTEX_POINT ( 'NONE', #1670 ) ;
#4413 = VECTOR ( 'NONE', #2967, 1000.000000000000000 ) ;
#4414 = CARTESIAN_POINT ( 'NONE',  ( 2.991291124385898836, 2.415000000000000036, 9.230366645125467784 ) ) ;
#4415 =( GEOMETRIC_REPRESENTATION_CONTEXT ( 3 ) GLOBAL_UNCERTAINTY_ASSIGNED_CONTEXT ( ( #7641 ) ) GLOBAL_UNIT_ASSIGNED_CONTEXT ( ( #7213, #3711, #8564 ) ) REPRESENTATION_CONTEXT ( 'NONE', 'WORKASPACE' ) );
#4416 = MECHANICAL_DESIGN_GEOMETRIC_PRESENTATION_REPRESENTATION (  '', ( #2410 ), #5410 ) ;
#4417 = LINE ( 'NONE', #5674, #6945 ) ;
#4418 = FILL_AREA_STYLE ('',( #3613 ) ) ;
#4419 = LINE ( 'NONE', #7109, #4850 ) ;
#4420 = CARTESIAN_POINT ( 'NONE',  ( -2.494696523806038346, 2.415000000000000036, 9.409546284238180291 ) ) ;
#4421 = ORIENTED_EDGE ( 'NONE', *, *, #5964, .F. ) ;
#4422 = CARTESIAN_POINT ( 'NONE',  ( -1.891831756272453591, 2.415000000000000036, 9.787756028714762024 ) ) ;
#4423 = VERTEX_POINT ( 'NONE', #5018 ) ;
#4424 = VECTOR ( 'NONE', #588, 1000.000000000000000 ) ;
#4425 = EDGE_CURVE ( 'NONE', #216, #6216, #951, .T. ) ;
#4426 = COLOUR_RGB ( '',0.8274509803921568096, 0.8392156862745098200, 0.8274509803921568096 ) ;
#4427 = DIRECTION ( 'NONE',  ( 0.0000000000000000000, 0.0000000000000000000, 1.000000000000000000 ) ) ;
#4428 = CARTESIAN_POINT ( 'NONE',  ( -1.929964580595022072, 2.415000000000000036, 9.655051650427470378 ) ) ;
#4429 = SURFACE_STYLE_USAGE ( .BOTH. , #7257 ) ;
#4430 = CARTESIAN_POINT ( 'NONE',  ( 0.3992730629904645001, 2.415000000000000036, 9.523072746932985666 ) ) ;
#4431 = CARTESIAN_POINT ( 'NONE',  ( 1.688493881473198899, 2.415000000000000036, 7.502667483266804993 ) ) ;
#4432 =( GEOMETRIC_REPRESENTATION_CONTEXT ( 3 ) GLOBAL_UNCERTAINTY_ASSIGNED_CONTEXT ( ( #8673 ) ) GLOBAL_UNIT_ASSIGNED_CONTEXT ( ( #2805, #6239, #3408 ) ) REPRESENTATION_CONTEXT ( 'NONE', 'WORKASPACE' ) );
#4433 = SURFACE_SIDE_STYLE ('',( #8567 ) ) ;
#4434 =( NAMED_UNIT ( * ) SI_UNIT ( $, .STERADIAN. ) SOLID_ANGLE_UNIT ( ) );
#4435 = FACE_BOUND ( 'NONE', #8761, .T. ) ;
#4436 = ORIENTED_EDGE ( 'NONE', *, *, #5570, .F. ) ;
#4437 = DIRECTION ( 'NONE',  ( 0.0000000000000000000, 0.0000000000000000000, 1.000000000000000000 ) ) ;
#4438 = EDGE_CURVE ( 'NONE', #5837, #5390, #7225, .T. ) ;
#4439 =( LENGTH_UNIT ( ) NAMED_UNIT ( * ) SI_UNIT ( .MILLI., .METRE. ) );
#4440 = DIRECTION ( 'NONE',  ( -0.7071067811865471286, -1.277744513902813014E-16, -0.7071067811865480168 ) ) ;
#4441 = PRESENTATION_LAYER_ASSIGNMENT (  '', '', ( #8351 ) ) ;
#4442 = FACE_OUTER_BOUND ( 'NONE', #7928, .T. ) ;
#4443 =( LENGTH_UNIT ( ) NAMED_UNIT ( * ) SI_UNIT ( .MILLI., .METRE. ) );
#4444 = CARTESIAN_POINT ( 'NONE',  ( -1.449634818793526625, 2.415000000000000036, 5.852369254813505783 ) ) ;
#4445 = CARTESIAN_POINT ( 'NONE',  ( -4.825999999999999623, -2.260000000000000231, 1.015999999999999348 ) ) ;
#4446 = EDGE_CURVE ( 'NONE', #3815, #5756, #3810, .T. ) ;
#4447 = ADVANCED_FACE ( 'NONE', ( #1131 ), #7315, .T. ) ;
#4448 = CARTESIAN_POINT ( 'NONE',  ( -0.3022493729069709034, 2.415000000000000036, 8.187175311035549186 ) ) ;
#4449 = CARTESIAN_POINT ( 'NONE',  ( -1.342050868008381359, 2.415000000000000036, 5.252713412251471148 ) ) ;
#4450 = ORIENTED_EDGE ( 'NONE', *, *, #2599, .T. ) ;
#4451 = EDGE_CURVE ( 'NONE', #3138, #8507, #1834, .T. ) ;
#4452 = DIRECTION ( 'NONE',  ( 1.000000000000000000, 0.0000000000000000000, 0.0000000000000000000 ) ) ;
#4453 = PRESENTATION_LAYER_ASSIGNMENT (  '', '', ( #8361 ) ) ;
#4454 = SURFACE_STYLE_FILL_AREA ( #3194 ) ;
#4455 = LINE ( 'NONE', #231, #4986 ) ;
#4456 = AXIS2_PLACEMENT_3D ( 'NONE', #1437, #2927, #3580 ) ;
#4457 = FACE_OUTER_BOUND ( 'NONE', #4460, .T. ) ;
#4458 = VERTEX_POINT ( 'NONE', #8804 ) ;
#4459 = CARTESIAN_POINT ( 'NONE',  ( -0.6843258180292716153, 2.415000000000000036, 5.575096812166881577 ) ) ;
#4460 = EDGE_LOOP ( 'NONE', ( #796, #7726, #3093, #7849 ) ) ;
#4461 = ADVANCED_FACE ( 'NONE', ( #4539 ), #8756, .T. ) ;
#4462 = ORIENTED_EDGE ( 'NONE', *, *, #7353, .F. ) ;
#4463 = AXIS2_PLACEMENT_3D ( 'NONE', #838, #7770, #2134 ) ;
#4464 = CARTESIAN_POINT ( 'NONE',  ( 2.080425621388370949, 2.415000000000000036, 9.783671409125151541 ) ) ;
#4465 = CARTESIAN_POINT ( 'NONE',  ( -2.369156424189022836, 2.415000000000000036, 7.649915695650935099 ) ) ;
#4466 = CARTESIAN_POINT ( 'NONE',  ( 7.215000000000000746, -2.260000000000000231, 1.166000000000000814 ) ) ;
#4467 =( NAMED_UNIT ( * ) SI_UNIT ( $, .STERADIAN. ) SOLID_ANGLE_UNIT ( ) );
#4468 = CYLINDRICAL_SURFACE ( 'NONE', #2057, 0.4049999999999999711 ) ;
#4469 = FILL_AREA_STYLE ('',( #4605 ) ) ;
#4470 = DIRECTION ( 'NONE',  ( 1.000000000000000000, 0.0000000000000000000, 0.0000000000000000000 ) ) ;
#4471 = CARTESIAN_POINT ( 'NONE',  ( -1.852393157449782946, 2.415000000000000036, 9.502689136878986531 ) ) ;
#4472 = ORIENTED_EDGE ( 'NONE', *, *, #8880, .T. ) ;
#4473 = AXIS2_PLACEMENT_3D ( 'NONE', #6064, #5971, #6784 ) ;
#4474 = CARTESIAN_POINT ( 'NONE',  ( -1.696236241977693293, 2.415000000000000036, 9.961536073813800130 ) ) ;
#4475 = ORIENTED_EDGE ( 'NONE', *, *, #5107, .F. ) ;
#4476 = LINE ( 'NONE', #7959, #888 ) ;
#4477 = CARTESIAN_POINT ( 'NONE',  ( -1.891437213075651602, 2.415000000000000036, 9.676333885514852184 ) ) ;
#4478 = SURFACE_STYLE_FILL_AREA ( #553 ) ;
#4479 = DIRECTION ( 'NONE',  ( 0.0000000000000000000, -0.0000000000000000000, 1.000000000000000000 ) ) ;
#4480 =( GEOMETRIC_REPRESENTATION_CONTEXT ( 3 ) GLOBAL_UNCERTAINTY_ASSIGNED_CONTEXT ( ( #6301 ) ) GLOBAL_UNIT_ASSIGNED_CONTEXT ( ( #4339, #8832, #6083 ) ) REPRESENTATION_CONTEXT ( 'NONE', 'WORKASPACE' ) );
#4481 = SURFACE_STYLE_USAGE ( .BOTH. , #5317 ) ;
#4482 = CARTESIAN_POINT ( 'NONE',  ( -1.758554230113790640, 2.415000000000000036, 9.791044499554281799 ) ) ;
#4483 = CARTESIAN_POINT ( 'NONE',  ( -1.944276948826359153, 2.415000000000000036, 9.952673321292998310 ) ) ;
#4484 = VERTEX_POINT ( 'NONE', #6732 ) ;
#4485 = COLOUR_RGB ( '',0.2509803921568627416, 0.2509803921568627416, 0.2509803921568627416 ) ;
#4486 = CARTESIAN_POINT ( 'NONE',  ( -1.081496167778767115, 2.415000000000000036, 7.366662490522729811 ) ) ;
#4487 = ORIENTED_EDGE ( 'NONE', *, *, #7799, .F. ) ;
#4488 = STYLED_ITEM ( 'NONE', ( #2357 ), #1435 ) ;
#4489 = CARTESIAN_POINT ( 'NONE',  ( 0.02747819119559228793, 2.415000000000000036, 9.702559926420166292 ) ) ;
#4490 =( LENGTH_UNIT ( ) NAMED_UNIT ( * ) SI_UNIT ( .MILLI., .METRE. ) );
#4491 = PLANE ( 'NONE',  #8502 ) ;
#4492 = SURFACE_STYLE_USAGE ( .BOTH. , #5064 ) ;
#4493 = PRESENTATION_LAYER_ASSIGNMENT (  '', '', ( #5206 ) ) ;
#4494 = SURFACE_SIDE_STYLE ('',( #6848 ) ) ;
#4495 = PRODUCT_RELATED_PRODUCT_CATEGORY ( 'part', '', ( #5378 ) ) ;
#4496 = PRESENTATION_STYLE_ASSIGNMENT (( #3600 ) ) ;
#4497 = VERTEX_POINT ( 'NONE', #486 ) ;
#4498 = UNCERTAINTY_MEASURE_WITH_UNIT (LENGTH_MEASURE( 1.000000000000000082E-05 ), #6475, 'distance_accuracy_value', 'NONE');
#4499 = CARTESIAN_POINT ( 'NONE',  ( 1.753450941089123694, 2.415000000000000036, 5.648634275580238118 ) ) ;
#4500 = CARTESIAN_POINT ( 'NONE',  ( 0.9125543702563285731, 2.415000000000000036, 7.891452778859457950 ) ) ;
#4501 = ORIENTED_EDGE ( 'NONE', *, *, #2774, .F. ) ;
#4502 = CIRCLE ( 'NONE', #5476, 0.2050000000000000988 ) ;
#4503 = DIRECTION ( 'NONE',  ( 0.0000000000000000000, 0.0000000000000000000, 1.000000000000000000 ) ) ;
#4504 = CARTESIAN_POINT ( 'NONE',  ( 2.802142789911432175, 2.415000000000000036, 9.903273139637875033 ) ) ;
#4505 = SURFACE_SIDE_STYLE ('',( #4454 ) ) ;
#4506 = EDGE_CURVE ( 'NONE', #2250, #7737, #7415, .T. ) ;
#4507 = DIRECTION ( 'NONE',  ( -0.7071067811865472397, 2.683263479195904914E-15, 0.7071067811865480168 ) ) ;
#4508 = CARTESIAN_POINT ( 'NONE',  ( 1.648829029932915136, 2.415000000000000036, 7.697354628368792362 ) ) ;
#4509 = CARTESIAN_POINT ( 'NONE',  ( 0.2053362316434657608, 2.415000000000000036, 9.489583548281517622 ) ) ;
#4510 = EDGE_CURVE ( 'NONE', #8135, #8212, #3358, .T. ) ;
#4511 = VECTOR ( 'NONE', #5496, 1000.000000000000000 ) ;
#4512 = UNCERTAINTY_MEASURE_WITH_UNIT (LENGTH_MEASURE( 1.000000000000000082E-05 ), #8750, 'distance_accuracy_value', 'NONE');
#4513 = CARTESIAN_POINT ( 'NONE',  ( -3.316091238869292024, 2.415000000000000036, 9.902438047270257115 ) ) ;
#4514 = ORIENTED_EDGE ( 'NONE', *, *, #4010, .F. ) ;
#4515 = CARTESIAN_POINT ( 'NONE',  ( -0.8385871647935446704, 2.415000000000000036, 5.206057007694175454 ) ) ;
#4516 = ORIENTED_EDGE ( 'NONE', *, *, #2115, .T. ) ;
#4517 = EDGE_CURVE ( 'NONE', #8066, #8000, #8636, .T. ) ;
#4518 = AXIS2_PLACEMENT_3D ( 'NONE', #5717, #6310, #7155 ) ;
#4519 =( NAMED_UNIT ( * ) PLANE_ANGLE_UNIT ( ) SI_UNIT ( $, .RADIAN. ) );
#4520 = CARTESIAN_POINT ( 'NONE',  ( -0.8152702062403048844, 2.415000000000000036, 5.932808323856064270 ) ) ;
#4521 = DIRECTION ( 'NONE',  ( 1.000000000000000000, 0.0000000000000000000, 0.0000000000000000000 ) ) ;
#4522 = FILL_AREA_STYLE ('',( #510 ) ) ;
#4523 = LINE ( 'NONE', #7249, #657 ) ;
#4524 = DIRECTION ( 'NONE',  ( 0.7223872738535672688, 0.0000000000000000000, -0.6914887031430168030 ) ) ;
#4525 = SURFACE_STYLE_FILL_AREA ( #1070 ) ;
#4526 = ORIENTED_EDGE ( 'NONE', *, *, #3785, .F. ) ;
#4527 = FILL_AREA_STYLE_COLOUR ( '', #7138 ) ;
#4528 = ORIENTED_EDGE ( 'NONE', *, *, #1270, .T. ) ;
#4529 = DIRECTION ( 'NONE',  ( 1.000000000000000000, -0.0000000000000000000, 0.0000000000000000000 ) ) ;
#4530 =( NAMED_UNIT ( * ) PLANE_ANGLE_UNIT ( ) SI_UNIT ( $, .RADIAN. ) );
#4531 = CARTESIAN_POINT ( 'NONE',  ( -2.081496167778767337, 2.415000000000000036, 5.902559926420166470 ) ) ;
#4532 = CARTESIAN_POINT ( 'NONE',  ( 1.681324345041746104, 2.415000000000000036, 7.458008644368883111 ) ) ;
#4533 = CARTESIAN_POINT ( 'NONE',  ( -0.1952722120114182003, 2.415000000000000036, 7.994242505514812969 ) ) ;
#4534 = EDGE_LOOP ( 'NONE', ( #205, #3442, #514, #2619, #6258, #721 ) ) ;
#4535 = ORIENTED_EDGE ( 'NONE', *, *, #6214, .F. ) ;
#4536 = CARTESIAN_POINT ( 'NONE',  ( 0.01351235724994739873, 2.415000000000000036, 9.731030295958060350 ) ) ;
#4537 = CARTESIAN_POINT ( 'NONE',  ( -1.549444885727486287, 2.415000000000000036, 9.350997426420166292 ) ) ;
#4538 = SURFACE_SIDE_STYLE ('',( #2601 ) ) ;
#4539 = FACE_OUTER_BOUND ( 'NONE', #2982, .T. ) ;
#4540 = DIRECTION ( 'NONE',  ( 1.000000000000000000, 0.0000000000000000000, -0.0000000000000000000 ) ) ;
#4541 = CARTESIAN_POINT ( 'NONE',  ( 1.251837165554566367, 2.415000000000000036, 5.902559926420166470 ) ) ;
#4542 = ORIENTED_EDGE ( 'NONE', *, *, #8778, .T. ) ;
#4543 = CARTESIAN_POINT ( 'NONE',  ( 1.680568939317205412, 2.415000000000000036, 5.766438319991748607 ) ) ;
#4544 = ORIENTED_EDGE ( 'NONE', *, *, #8732, .T. ) ;
#4545 = CARTESIAN_POINT ( 'NONE',  ( 1.865824230930680949, 2.415000000000000036, 7.765671568557039883 ) ) ;
#4546 = LINE ( 'NONE', #7281, #2223 ) ;
#4547 = DIRECTION ( 'NONE',  ( 0.0000000000000000000, 0.0000000000000000000, 1.000000000000000000 ) ) ;
#4548 = FILL_AREA_STYLE_COLOUR ( '', #5256 ) ;
#4549 = CARTESIAN_POINT ( 'NONE',  ( 1.501837165554566589, 2.415000000000000036, 7.450997426420165937 ) ) ;
#4550 =( NAMED_UNIT ( * ) SI_UNIT ( $, .STERADIAN. ) SOLID_ANGLE_UNIT ( ) );
#4551 = ORIENTED_EDGE ( 'NONE', *, *, #655, .F. ) ;
#4552 = CARTESIAN_POINT ( 'NONE',  ( -2.088738728478804596, 2.415000000000000036, 7.644571659397640495 ) ) ;
#4553 = ORIENTED_EDGE ( 'NONE', *, *, #1611, .F. ) ;
#4554 =( GEOMETRIC_REPRESENTATION_CONTEXT ( 3 ) GLOBAL_UNCERTAINTY_ASSIGNED_CONTEXT ( ( #3878 ) ) GLOBAL_UNIT_ASSIGNED_CONTEXT ( ( #1934, #7397, #6651 ) ) REPRESENTATION_CONTEXT ( 'NONE', 'WORKASPACE' ) );
#4555 = EDGE_CURVE ( 'NONE', #2943, #8075, #6097, .T. ) ;
#4556 = CARTESIAN_POINT ( 'NONE',  ( -2.240803007329232877, 2.415000000000000036, 8.179185097320086584 ) ) ;
#4557 = LINE ( 'NONE', #5984, #6733 ) ;
#4558 = LINE ( 'NONE', #597, #4188 ) ;
#4559 = CIRCLE ( 'NONE', #8768, 0.1499999999999999667 ) ;
#4560 = CARTESIAN_POINT ( 'NONE',  ( -0.1176170376425019204, 2.415000000000000036, 2.157847915842475484 ) ) ;
#4561 =( GEOMETRIC_REPRESENTATION_CONTEXT ( 3 ) GLOBAL_UNCERTAINTY_ASSIGNED_CONTEXT ( ( #2334 ) ) GLOBAL_UNIT_ASSIGNED_CONTEXT ( ( #1275, #718, #3452 ) ) REPRESENTATION_CONTEXT ( 'NONE', 'WORKASPACE' ) );
#4562 = VECTOR ( 'NONE', #5638, 1000.000000000000000 ) ;
#4563 = CARTESIAN_POINT ( 'NONE',  ( -0.5504734130972830375, 2.415000000000000036, 2.377201180765870170 ) ) ;
#4564 = VERTEX_POINT ( 'NONE', #7486 ) ;
#4565 = EDGE_CURVE ( 'NONE', #8019, #5359, #2757, .T. ) ;
#4566 = PLANE ( 'NONE',  #122 ) ;
#4567 = EDGE_LOOP ( 'NONE', ( #6842, #7611, #1290 ) ) ;
#4568 = DIRECTION ( 'NONE',  ( 0.0000000000000000000, 1.000000000000000000, 0.0000000000000000000 ) ) ;
#4569 = EDGE_CURVE ( 'NONE', #4908, #483, #870, .T. ) ;
#4570 = STYLED_ITEM ( 'NONE', ( #1787 ), #5165 ) ;
#4571 = CARTESIAN_POINT ( 'NONE',  ( -1.857137193419791554, 2.415000000000000036, 7.348833964881704262 ) ) ;
#4572 = COLOUR_RGB ( '',0.8274509803921568096, 0.8392156862745098200, 0.8274509803921568096 ) ;
#4573 = CARTESIAN_POINT ( 'NONE',  ( 3.810000000000001830, -2.260000000000000231, 8.538092108323347418E-16 ) ) ;
#4574 = CARTESIAN_POINT ( 'NONE',  ( 1.117873302907419708, 2.415000000000000036, 9.630908395007748979 ) ) ;
#4575 = CARTESIAN_POINT ( 'NONE',  ( 0.8164864291238445038, 2.415000000000000036, 5.774653216923806731 ) ) ;
#4576 = CARTESIAN_POINT ( 'NONE',  ( 3.424914088631489051, 2.415000000000000036, 9.602399670009909016 ) ) ;
#4577 = CARTESIAN_POINT ( 'NONE',  ( -0.7298779657368611451, 2.415000000000000036, 2.326406387135270926 ) ) ;
#4578 = ORIENTED_EDGE ( 'NONE', *, *, #750, .F. ) ;
#4579 = SURFACE_STYLE_FILL_AREA ( #5099 ) ;
#4580 = ORIENTED_EDGE ( 'NONE', *, *, #2348, .T. ) ;
#4581 = CARTESIAN_POINT ( 'NONE',  ( 1.761371617098285380, 2.415000000000000036, 5.118394167404037631 ) ) ;
#4582 =( NAMED_UNIT ( * ) SI_UNIT ( $, .STERADIAN. ) SOLID_ANGLE_UNIT ( ) );
#4583 = SURFACE_STYLE_FILL_AREA ( #529 ) ;
#4584 = AXIS2_PLACEMENT_3D ( 'NONE', #4812, #3568, #2829 ) ;
#4585 = CARTESIAN_POINT ( 'NONE',  ( 2.179225122697530992, 2.415000000000000036, 9.817460587951250872 ) ) ;
#4586 = CARTESIAN_POINT ( 'NONE',  ( -0.4399694064578584252, 2.415000000000000036, 9.331673221781427330 ) ) ;
#4587 = CARTESIAN_POINT ( 'NONE',  ( 0.8599597858096685865, 2.415000000000000036, 5.957143659665996793 ) ) ;
#4588 =( NAMED_UNIT ( * ) PLANE_ANGLE_UNIT ( ) SI_UNIT ( $, .RADIAN. ) );
#4589 = ORIENTED_EDGE ( 'NONE', *, *, #4806, .F. ) ;
#4590 = DIRECTION ( 'NONE',  ( 0.0000000000000000000, 0.0000000000000000000, 1.000000000000000000 ) ) ;
#4591 = DIRECTION ( 'NONE',  ( 0.0000000000000000000, 0.0000000000000000000, 1.000000000000000000 ) ) ;
#4592 = ORIENTED_EDGE ( 'NONE', *, *, #7348, .T. ) ;
#4593 = CARTESIAN_POINT ( 'NONE',  ( -1.225326295983894864, 2.415000000000000036, 5.056406080266320657 ) ) ;
#4594 = CARTESIAN_POINT ( 'NONE',  ( -0.004777553864912111037, 2.415000000000000036, 6.081926697524336234 ) ) ;
#4595 = DIRECTION ( 'NONE',  ( 0.0000000000000000000, 1.000000000000000000, 0.0000000000000000000 ) ) ;
#4596 = CARTESIAN_POINT ( 'NONE',  ( 0.9313546939083171550, 2.415000000000000036, 7.614947727429591140 ) ) ;
#4597 = FACE_OUTER_BOUND ( 'NONE', #2292, .T. ) ;
#4598 = UNCERTAINTY_MEASURE_WITH_UNIT (LENGTH_MEASURE( 1.000000000000000082E-05 ), #1230, 'distance_accuracy_value', 'NONE');
#4599 = LINE ( 'NONE', #3149, #7436 ) ;
#4600 = VERTEX_POINT ( 'NONE', #7440 ) ;
#4601 = CARTESIAN_POINT ( 'NONE',  ( -0.6840602703428689813, 2.415000000000000036, 5.587055118727858094 ) ) ;
#4602 = VERTEX_POINT ( 'NONE', #2678 ) ;
#4603 = CARTESIAN_POINT ( 'NONE',  ( -2.446880783163380979, 2.415000000000000036, 8.027920503343242586 ) ) ;
#4604 = CARTESIAN_POINT ( 'NONE',  ( 3.262035963727256682, 2.415000000000000036, 9.287858544589706611 ) ) ;
#4605 = FILL_AREA_STYLE_COLOUR ( '', #8024 ) ;
#4606 = EDGE_CURVE ( 'NONE', #1985, #7031, #6554, .T. ) ;
#4607 = CARTESIAN_POINT ( 'NONE',  ( -1.871964812717372251, 2.415000000000000036, 9.482371427105087847 ) ) ;
#4608 = ORIENTED_EDGE ( 'NONE', *, *, #1976, .T. ) ;
#4609 = SURFACE_SIDE_STYLE ('',( #3843 ) ) ;
#4610 = ORIENTED_EDGE ( 'NONE', *, *, #8595, .F. ) ;
#4611 = VECTOR ( 'NONE', #6042, 1000.000000000000000 ) ;
#4612 = LINE ( 'NONE', #2545, #8527 ) ;
#4613 = CARTESIAN_POINT ( 'NONE',  ( -5.715000000000000746, 0.0000000000000000000, 1.016000000000000014 ) ) ;
#4614 = ADVANCED_FACE ( 'NONE', ( #663 ), #1537, .T. ) ;
#4615 = EDGE_CURVE ( 'NONE', #8325, #2630, #6142, .T. ) ;
#4616 = DIRECTION ( 'NONE',  ( 0.0000000000000000000, -0.0000000000000000000, 1.000000000000000000 ) ) ;
#4617 =( LENGTH_UNIT ( ) NAMED_UNIT ( * ) SI_UNIT ( .MILLI., .METRE. ) );
#4618 = COLOUR_RGB ( '',0.2509803921568627416, 0.2509803921568627416, 0.2509803921568627416 ) ;
#4619 = EDGE_CURVE ( 'NONE', #4622, #5804, #8526, .T. ) ;
#4620 = FILL_AREA_STYLE_COLOUR ( '', #3400 ) ;
#4621 = VERTEX_POINT ( 'NONE', #4344 ) ;
#4622 = VERTEX_POINT ( 'NONE', #985 ) ;
#4623 = CARTESIAN_POINT ( 'NONE',  ( 1.703705001829503907, 2.415000000000000036, 5.158275036215981935 ) ) ;
#4624 = CARTESIAN_POINT ( 'NONE',  ( -2.630580002877250134, 2.415000000000000036, 9.971959811247359085 ) ) ;
#4625 = CIRCLE ( 'NONE', #7631, 0.2999999999999999334 ) ;
#4626 = EDGE_CURVE ( 'NONE', #8651, #2806, #7167, .T. ) ;
#4627 = FILL_AREA_STYLE_COLOUR ( '', #339 ) ;
#4628 = EDGE_CURVE ( 'NONE', #8700, #6504, #4961, .T. ) ;
#4629 = VERTEX_POINT ( 'NONE', #8474 ) ;
#4630 = MECHANICAL_DESIGN_GEOMETRIC_PRESENTATION_REPRESENTATION (  '', ( #7638 ), #8543 ) ;
#4631 = CARTESIAN_POINT ( 'NONE',  ( -1.237151097634607178, 2.415000000000000036, 5.235967491506835714 ) ) ;
#4632 = VERTEX_POINT ( 'NONE', #5091 ) ;
#4633 = FILL_AREA_STYLE ('',( #7450 ) ) ;
#4634 = FACE_OUTER_BOUND ( 'NONE', #7796, .T. ) ;
#4635 = CARTESIAN_POINT ( 'NONE',  ( 3.010912857475924298, 2.415000000000000036, 9.983768617225596387 ) ) ;
#4636 =( NAMED_UNIT ( * ) SI_UNIT ( $, .STERADIAN. ) SOLID_ANGLE_UNIT ( ) );
#4637 =( GEOMETRIC_REPRESENTATION_CONTEXT ( 3 ) GLOBAL_UNCERTAINTY_ASSIGNED_CONTEXT ( ( #632 ) ) GLOBAL_UNIT_ASSIGNED_CONTEXT ( ( #5764, #2344, #4902 ) ) REPRESENTATION_CONTEXT ( 'NONE', 'WORKASPACE' ) );
#4638 = CARTESIAN_POINT ( 'NONE',  ( 0.9160051592339869542, 2.415000000000000036, 7.619467778118764301 ) ) ;
#4639 = DIRECTION ( 'NONE',  ( 1.000000000000000000, -0.0000000000000000000, 0.0000000000000000000 ) ) ;
#4640 = CARTESIAN_POINT ( 'NONE',  ( -2.944000000000000394, 2.265000000000000124, 1.078132034355963720 ) ) ;
#4641 = EDGE_LOOP ( 'NONE', ( #286, #5665, #7543, #5713 ) ) ;
#4642 = ORIENTED_EDGE ( 'NONE', *, *, #3665, .F. ) ;
#4643 = CARTESIAN_POINT ( 'NONE',  ( 1.482467708269735063, 2.415000000000000036, 9.470097825824542070 ) ) ;
#4644 = CARTESIAN_POINT ( 'NONE',  ( 4.888132034355965772, -2.260000000000000231, 1.016000000000000902 ) ) ;
#4645 = CARTESIAN_POINT ( 'NONE',  ( 3.196940796678837238, 2.415000000000000036, 9.254098123199092640 ) ) ;
#4646 = COLOUR_RGB ( '',0.8274509803921568096, 0.8392156862745098200, 0.8274509803921568096 ) ;
#4647 = FACE_OUTER_BOUND ( 'NONE', #6898, .T. ) ;
#4648 = CARTESIAN_POINT ( 'NONE',  ( 1.867313894999948598, 2.415000000000000036, 6.062143344781105725 ) ) ;
#4649 = B_SPLINE_CURVE_WITH_KNOTS ( 'NONE', 3,
 ( #5852, #8644, #5181, #3884, #6628, #5472, #1995, #7375, #1953, #3419, #725, #641, #4800, #5347, #6164, #3974, #4054, #3335, #3297 ),
 .UNSPECIFIED., .F., .F.,
 ( 4, 1, 1, 1, 1, 1, 1, 1, 1, 1, 1, 1, 1, 1, 1, 1, 4 ),
 ( 0.0000000000000000000, 0.1055584515572725174, 0.2021217530471609847, 0.2907357291869305249, 0.3706174058311734743, 0.4427476685376857124, 0.5077637015032863133, 0.5656721017187091860, 0.6165624613083608985, 0.6634473495977364355, 0.7083772164997362841, 0.7534581593724373194, 0.7985692567253473984, 0.8451267071642575290, 0.8937276775141808072, 0.9446981374045928526, 1.000000000000000000 ),
 .UNSPECIFIED. ) ;
#4650 = CARTESIAN_POINT ( 'NONE',  ( 1.425189103208208019, 2.415000000000000036, 9.234464080258883101 ) ) ;
#4651 = VERTEX_POINT ( 'NONE', #7865 ) ;
#4652 = SURFACE_STYLE_USAGE ( .BOTH. , #5188 ) ;
#4653 = VERTEX_POINT ( 'NONE', #5685 ) ;
#4654 = CARTESIAN_POINT ( 'NONE',  ( -1.905000000000000027, 0.0000000000000000000, -3.500000000000000000 ) ) ;
#4655 = EDGE_CURVE ( 'NONE', #8224, #2521, #2776, .T. ) ;
#4656 = CARTESIAN_POINT ( 'NONE',  ( 1.361813127093027820, 2.415000000000000036, 9.984611208471447341 ) ) ;
#4657 = LINE ( 'NONE', #3984, #4358 ) ;
#4658 = ORIENTED_EDGE ( 'NONE', *, *, #3512, .F. ) ;
#4659 = ORIENTED_EDGE ( 'NONE', *, *, #1274, .T. ) ;
#4660 = CARTESIAN_POINT ( 'NONE',  ( -0.7249256549582530074, 2.415000000000000036, 7.326798708471447874 ) ) ;
#4661 = EDGE_CURVE ( 'NONE', #7218, #5517, #389, .T. ) ;
#4662 = CARTESIAN_POINT ( 'NONE',  ( -0.4710402589386420980, 2.415000000000000036, 9.367013111881840715 ) ) ;
#4663 = CARTESIAN_POINT ( 'NONE',  ( -2.389715950879413242, 2.415000000000000036, 7.215995929793938224 ) ) ;
#4664 = CARTESIAN_POINT ( 'NONE',  ( 1.854829697852609982, 2.415000000000000036, 5.788924217319191712 ) ) ;
#4665 = EDGE_CURVE ( 'NONE', #3110, #1633, #3098, .T. ) ;
#4666 = CARTESIAN_POINT ( 'NONE',  ( -0.06682084856661280048, 2.415000000000000036, 5.261692149415856612 ) ) ;
#4667 = ORIENTED_EDGE ( 'NONE', *, *, #5536, .T. ) ;
#4668 = CARTESIAN_POINT ( 'NONE',  ( 2.003239409144310201, 2.415000000000000036, 5.902559926420166470 ) ) ;
#4669 = AXIS2_PLACEMENT_3D ( 'NONE', #7973, #400, #3077 ) ;
#4670 = CARTESIAN_POINT ( 'NONE',  ( -0.5466938374548845347, 2.415000000000000036, 5.684019092061288525 ) ) ;
#4671 = CARTESIAN_POINT ( 'NONE',  ( -1.756126817754363634, 2.415000000000000036, 9.758714744384009876 ) ) ;
#4672 = CARTESIAN_POINT ( 'NONE',  ( 1.594331541064494928, 2.415000000000000036, 7.660476330327688821 ) ) ;
#4673 = CARTESIAN_POINT ( 'NONE',  ( 7.214999999999999858, 2.265000000000000124, 1.166000000000000814 ) ) ;
#4674 = CIRCLE ( 'NONE', #8146, 0.1499999999999999667 ) ;
#4675 = UNCERTAINTY_MEASURE_WITH_UNIT (LENGTH_MEASURE( 1.000000000000000082E-05 ), #4443, 'distance_accuracy_value', 'NONE');
#4676 = SURFACE_SIDE_STYLE ('',( #7499 ) ) ;
#4677 = ORIENTED_EDGE ( 'NONE', *, *, #4425, .F. ) ;
#4678 = ORIENTED_EDGE ( 'NONE', *, *, #8778, .F. ) ;
#4679 = AXIS2_PLACEMENT_3D ( 'NONE', #4362, #5027, #5660 ) ;
#4680 = FILL_AREA_STYLE_COLOUR ( '', #3872 ) ;
#4681 = CARTESIAN_POINT ( 'NONE',  ( 2.731867965644037444, -2.410000000000000142, 1.016000000000000902 ) ) ;
#4682 = UNCERTAINTY_MEASURE_WITH_UNIT (LENGTH_MEASURE( 1.000000000000000082E-05 ), #4220, 'distance_accuracy_value', 'NONE');
#4683 = ORIENTED_EDGE ( 'NONE', *, *, #4177, .F. ) ;
#4684 = MECHANICAL_DESIGN_GEOMETRIC_PRESENTATION_REPRESENTATION (  '', ( #4688 ), #5391 ) ;
#4685 = ORIENTED_EDGE ( 'NONE', *, *, #2890, .F. ) ;
#4686 = CARTESIAN_POINT ( 'NONE',  ( 1.950555114272515267, 2.415000000000000036, 7.597431721291959761 ) ) ;
#4687 = COLOUR_RGB ( '',0.8274509803921568096, 0.8392156862745098200, 0.8274509803921568096 ) ;
#4688 = STYLED_ITEM ( 'NONE', ( #4957 ), #4614 ) ;
#4689 = PRESENTATION_STYLE_ASSIGNMENT (( #4775 ) ) ;
#4690 = CARTESIAN_POINT ( 'NONE',  ( 1.696317829152387935, 2.415000000000000036, 7.180495105872480188 ) ) ;
#4691 = DIRECTION ( 'NONE',  ( 0.7071067811865476838, -0.0000000000000000000, -0.7071067811865474617 ) ) ;
#4692 = VERTEX_POINT ( 'NONE', #5278 ) ;
#4693 = PRESENTATION_LAYER_ASSIGNMENT (  '', '', ( #8622 ) ) ;
#4694 = ORIENTED_EDGE ( 'NONE', *, *, #768, .T. ) ;
#4695 =( GEOMETRIC_REPRESENTATION_CONTEXT ( 3 ) GLOBAL_UNCERTAINTY_ASSIGNED_CONTEXT ( ( #6200 ) ) GLOBAL_UNIT_ASSIGNED_CONTEXT ( ( #5327, #4588, #4699 ) ) REPRESENTATION_CONTEXT ( 'NONE', 'WORKASPACE' ) );
#4696 = CARTESIAN_POINT ( 'NONE',  ( -2.440470526753126368, 2.415000000000000036, 6.082047105907345319 ) ) ;
#4697 = CARTESIAN_POINT ( 'NONE',  ( 3.049354417847488286, 2.415000000000000036, 9.830261182219652838 ) ) ;
#4698 =( GEOMETRIC_REPRESENTATION_CONTEXT ( 3 ) GLOBAL_UNCERTAINTY_ASSIGNED_CONTEXT ( ( #8491 ) ) GLOBAL_UNIT_ASSIGNED_CONTEXT ( ( #4374, #165, #7110 ) ) REPRESENTATION_CONTEXT ( 'NONE', 'WORKASPACE' ) );
#4699 =( NAMED_UNIT ( * ) SI_UNIT ( $, .STERADIAN. ) SOLID_ANGLE_UNIT ( ) );
#4700 = ORIENTED_EDGE ( 'NONE', *, *, #4350, .F. ) ;
#4701 = EDGE_CURVE ( 'NONE', #1666, #4653, #3226, .T. ) ;
#4702 = VERTEX_POINT ( 'NONE', #6111 ) ;
#4703 = DIRECTION ( 'NONE',  ( 1.000000000000000000, 0.0000000000000000000, 0.0000000000000000000 ) ) ;
#4704 =( GEOMETRIC_REPRESENTATION_CONTEXT ( 3 ) GLOBAL_UNCERTAINTY_ASSIGNED_CONTEXT ( ( #6380 ) ) GLOBAL_UNIT_ASSIGNED_CONTEXT ( ( #6790, #4970, #5741 ) ) REPRESENTATION_CONTEXT ( 'NONE', 'WORKASPACE' ) );
#4705 = CIRCLE ( 'NONE', #3705, 0.1499999999999999667 ) ;
#4706 = CARTESIAN_POINT ( 'NONE',  ( -4.675999999999999268, 2.265000000000000124, 1.078132034355963942 ) ) ;
#4707 = EDGE_CURVE ( 'NONE', #2544, #7701, #7420, .T. ) ;
#4708 = EDGE_CURVE ( 'NONE', #7206, #8404, #1234, .T. ) ;
#4709 = PRESENTATION_LAYER_ASSIGNMENT (  '', '', ( #2977 ) ) ;
#4710 = VECTOR ( 'NONE', #4368, 1000.000000000000000 ) ;
#4711 = EDGE_CURVE ( 'NONE', #1165, #4458, #2810, .T. ) ;
#4712 = DIRECTION ( 'NONE',  ( 0.0000000000000000000, 0.0000000000000000000, 1.000000000000000000 ) ) ;
#4713 = ORIENTED_EDGE ( 'NONE', *, *, #4214, .T. ) ;
#4714 = PRESENTATION_STYLE_ASSIGNMENT (( #5507 ) ) ;
#4715 = VERTEX_POINT ( 'NONE', #547 ) ;
#4716 = CARTESIAN_POINT ( 'NONE',  ( 1.855406551469002130, 2.415000000000000036, 5.819907881329079657 ) ) ;
#4717 = CARTESIAN_POINT ( 'NONE',  ( 1.494400133010869602, 2.415000000000000036, 9.486771425588116813 ) ) ;
#4718 = CARTESIAN_POINT ( 'NONE',  ( -1.549444885727486287, 2.415000000000000036, 9.350997426420166292 ) ) ;
#4719 = SURFACE_SIDE_STYLE ('',( #5346 ) ) ;
#4720 = SURFACE_STYLE_USAGE ( .BOTH. , #8262 ) ;
#4721 = SURFACE_STYLE_USAGE ( .BOTH. , #3463 ) ;
#4722 = EDGE_CURVE ( 'NONE', #8764, #28, #112, .T. ) ;
#4723 = CARTESIAN_POINT ( 'NONE',  ( 1.888654939151996670, 2.415000000000000036, 7.341080889544857158 ) ) ;
#4724 = ORIENTED_EDGE ( 'NONE', *, *, #5142, .T. ) ;
#4725 = PRESENTATION_LAYER_ASSIGNMENT (  '', '', ( #574 ) ) ;
#4726 = EDGE_LOOP ( 'NONE', ( #7311, #8001, #5358, #4922, #7904, #7881 ) ) ;
#4727 = SPHERICAL_SURFACE ( 'NONE', #3614, 0.1499999999999999944 ) ;
#4728 = CARTESIAN_POINT ( 'NONE',  ( -2.831496167778767337, 2.415000000000000036, 7.789739413599653162 ) ) ;
#4729 = CARTESIAN_POINT ( 'NONE',  ( 3.244248878140645331, 2.415000000000000036, 9.554838846481329639 ) ) ;
#4730 = DIRECTION ( 'NONE',  ( 0.0000000000000000000, 1.000000000000000000, 0.0000000000000000000 ) ) ;
#4731 = CARTESIAN_POINT ( 'NONE',  ( 1.108220231757612861, 2.415000000000000036, 6.078372522475788742 ) ) ;
#4732 =( NAMED_UNIT ( * ) SI_UNIT ( $, .STERADIAN. ) SOLID_ANGLE_UNIT ( ) );
#4733 = ORIENTED_EDGE ( 'NONE', *, *, #7627, .F. ) ;
#4734 = EDGE_LOOP ( 'NONE', ( #1251, #7232, #822, #7052 ) ) ;
#4735 = CARTESIAN_POINT ( 'NONE',  ( 1.620948707539727751, 2.415000000000000036, 5.291400871024650954 ) ) ;
#4736 = CARTESIAN_POINT ( 'NONE',  ( -2.440470526753126368, 2.415000000000000036, 5.710252234112473957 ) ) ;
#4737 = CARTESIAN_POINT ( 'NONE',  ( -2.248521015281871538, 2.415000000000000036, 9.393179645953239287 ) ) ;
#4738 = CARTESIAN_POINT ( 'NONE',  ( 3.138987517257038729, 2.415000000000000036, 9.809126329440747583 ) ) ;
#4739 = CIRCLE ( 'NONE', #3744, 0.1499999999999999667 ) ;
#4740 = PRESENTATION_LAYER_ASSIGNMENT (  '', '', ( #5443 ) ) ;
#4741 = CARTESIAN_POINT ( 'NONE',  ( 1.044275808957881413, 2.415000000000000036, 7.981061671432881255 ) ) ;
#4742 = SURFACE_STYLE_FILL_AREA ( #666 ) ;
#4743 = ORIENTED_EDGE ( 'NONE', *, *, #6963, .T. ) ;
#4744 = PRESENTATION_LAYER_ASSIGNMENT (  '', '', ( #4887 ) ) ;
#4745 = ORIENTED_EDGE ( 'NONE', *, *, #2359, .T. ) ;
#4746 = STYLED_ITEM ( 'NONE', ( #6438 ), #821 ) ;
#4747 = CARTESIAN_POINT ( 'NONE',  ( -1.328881949669500795, 2.415000000000000036, 5.064793970159049863 ) ) ;
#4748 =( NAMED_UNIT ( * ) PLANE_ANGLE_UNIT ( ) SI_UNIT ( $, .RADIAN. ) );
#4749 = CARTESIAN_POINT ( 'NONE',  ( 0.01778245494523281178, 2.415000000000000036, 9.487660837670635061 ) ) ;
#4750 = EDGE_CURVE ( 'NONE', #8455, #4117, #8252, .T. ) ;
#4751 = B_SPLINE_CURVE_WITH_KNOTS ( 'NONE', 3,
 ( #7803, #925, #289, #1645, #240, #6527, #7247, #3056, #969, #5851, #8513, #6398, #7064, #5807, #8695, #2388, #3738, #8643, #2301 ),
 .UNSPECIFIED., .F., .F.,
 ( 4, 1, 1, 1, 1, 1, 1, 1, 1, 1, 1, 1, 1, 1, 1, 1, 4 ),
 ( 0.0000000000000000000, 0.09363088043893937062, 0.1794262037348931804, 0.2568045472608712632, 0.3257624280792911220, 0.3870139904050441393, 0.4399130242043117200, 0.4852978156364035622, 0.5225148250849537268, 0.5867156654248986136, 0.6467366256892291831, 0.7040075326832286873, 0.7604925732903261570, 0.8171614209264539408, 0.8752766620165713940, 0.9352276695303809451, 1.000000000000000000 ),
 .UNSPECIFIED. ) ;
#4752 = CIRCLE ( 'NONE', #8094, 0.2000000000000000944 ) ;
#4753 = FILL_AREA_STYLE_COLOUR ( '', #5138 ) ;
#4754 = CARTESIAN_POINT ( 'NONE',  ( 7.214999999999999858, 2.265000000000000124, 1.166000000000000814 ) ) ;
#4755 = ORIENTED_EDGE ( 'NONE', *, *, #4158, .F. ) ;
#4756 = CARTESIAN_POINT ( 'NONE',  ( -2.163136270198471323, 2.415000000000000036, 8.007494284377234095 ) ) ;
#4757 = VERTEX_POINT ( 'NONE', #8122 ) ;
#4758 = ADVANCED_FACE ( 'NONE', ( #7542 ), #6202, .T. ) ;
#4759 = COLOUR_RGB ( '',0.8274509803921568096, 0.8392156862745098200, 0.8274509803921568096 ) ;
#4760 = PRESENTATION_LAYER_ASSIGNMENT (  '', '', ( #3625 ) ) ;
#4761 = CARTESIAN_POINT ( 'NONE',  ( -7.214999999999998082, -2.260000000000000231, 12.03999999999999915 ) ) ;
#4762 = EDGE_CURVE ( 'NONE', #2521, #7529, #6749, .T. ) ;
#4763 =( LENGTH_UNIT ( ) NAMED_UNIT ( * ) SI_UNIT ( .MILLI., .METRE. ) );
#4764 = FACE_OUTER_BOUND ( 'NONE', #6037, .T. ) ;
#4765 = PRESENTATION_STYLE_ASSIGNMENT (( #8217 ) ) ;
#4766 = DIRECTION ( 'NONE',  ( 0.0000000000000000000, 0.0000000000000000000, 1.000000000000000000 ) ) ;
#4767 = MECHANICAL_DESIGN_GEOMETRIC_PRESENTATION_REPRESENTATION (  '', ( #2895 ), #3345 ) ;
#4768 = CYLINDRICAL_SURFACE ( 'NONE', #7577, 0.4049999999999999711 ) ;
#4769 = CARTESIAN_POINT ( 'NONE',  ( -0.1050299168822834417, 2.415000000000000036, 7.371600930235406857 ) ) ;
#4770 = ORIENTED_EDGE ( 'NONE', *, *, #5025, .T. ) ;
#4771 = ADVANCED_FACE ( 'NONE', ( #2104 ), #6290, .T. ) ;
#4772 = CARTESIAN_POINT ( 'NONE',  ( 2.059529473246874520, 2.415000000000000036, 5.261534285394525057 ) ) ;
#4773 = B_SPLINE_CURVE_WITH_KNOTS ( 'NONE', 3,
 ( #8294, #6915, #5598, #2230, #86, #7730, #1527, #8398, #900, #1582, #3586 ),
 .UNSPECIFIED., .F., .F.,
 ( 4, 1, 1, 1, 1, 1, 1, 1, 4 ),
 ( 0.0000000000000000000, 0.1508016722428964507, 0.2898937732417891100, 0.4174730941309301446, 0.5348749774907159971, 0.6480747681767962121, 0.7624549628676855484, 0.8798517385777183675, 1.000000000000000000 ),
 .UNSPECIFIED. ) ;
#4774 = CARTESIAN_POINT ( 'NONE',  ( 5.310000000000000497, 4.959819536546776286E-17, -3.500000000000000000 ) ) ;
#4775 = SURFACE_STYLE_USAGE ( .BOTH. , #3307 ) ;
#4776 = DIRECTION ( 'NONE',  ( -1.000000000000000000, 0.0000000000000000000, 0.0000000000000000000 ) ) ;
#4777 = CARTESIAN_POINT ( 'NONE',  ( 0.2192754839230646180, 2.415000000000000036, 7.699794119491955691 ) ) ;
#4778 =( GEOMETRIC_REPRESENTATION_CONTEXT ( 3 ) GLOBAL_UNCERTAINTY_ASSIGNED_CONTEXT ( ( #4406 ) ) GLOBAL_UNIT_ASSIGNED_CONTEXT ( ( #4617, #1421, #1961 ) ) REPRESENTATION_CONTEXT ( 'NONE', 'WORKASPACE' ) );
#4779 = EDGE_LOOP ( 'NONE', ( #5907, #4398, #7813, #6304 ) ) ;
#4780 = DIRECTION ( 'NONE',  ( 0.0000000000000000000, 0.0000000000000000000, 1.000000000000000000 ) ) ;
#4781 = CARTESIAN_POINT ( 'NONE',  ( -2.472246794227690447, 2.415000000000000036, 9.234464080258881324 ) ) ;
#4782 = CARTESIAN_POINT ( 'NONE',  ( -0.5945013286736260394, 2.415000000000000036, 7.218066402930542580 ) ) ;
#4783 = CARTESIAN_POINT ( 'NONE',  ( 2.109999999999999876, 0.0000000000000000000, -3.299999999999999822 ) ) ;
#4784 = CARTESIAN_POINT ( 'NONE',  ( 0.03748747458307855052, 2.415000000000000036, 7.248809262064647818 ) ) ;
#4785 = ORIENTED_EDGE ( 'NONE', *, *, #4510, .F. ) ;
#4786 = ORIENTED_EDGE ( 'NONE', *, *, #8098, .F. ) ;
#4787 = CARTESIAN_POINT ( 'NONE',  ( -0.8635474498300484969, 2.415000000000000036, 5.587255439240678356 ) ) ;
#4788 = CARTESIAN_POINT ( 'NONE',  ( 3.365401796710096427, 2.415000000000000036, 9.818366671529382472 ) ) ;
#4789 = CARTESIAN_POINT ( 'NONE',  ( -1.755077138585112273, 2.415000000000000036, 9.768550172006623455 ) ) ;
#4790 = LINE ( 'NONE', #4880, #7869 ) ;
#4791 = PLANE ( 'NONE',  #7736 ) ;
#4792 = PRESENTATION_STYLE_ASSIGNMENT (( #6158 ) ) ;
#4793 = EDGE_LOOP ( 'NONE', ( #8615, #6600, #103, #2284, #276, #5230, #4935, #2216, #8777, #3266, #4236, #6404, #5704, #6482 ) ) ;
#4794 = FILL_AREA_STYLE ('',( #6831 ) ) ;
#4795 = ORIENTED_EDGE ( 'NONE', *, *, #6257, .T. ) ;
#4796 = CARTESIAN_POINT ( 'NONE',  ( 1.888184761049392479, 2.415000000000000036, 7.981997205439217424 ) ) ;
#4797 = B_SPLINE_CURVE_WITH_KNOTS ( 'NONE', 3,
 ( #8586, #5122, #1500, #4273, #7019, #3603, #5893, #3828, #7192, #1202, #1064, #7240, #8076, #4515, #5304, #3880, #7893, #6570, #367, #2530, #3931, #421, #8689, #505, #549, #4459, #4601 ),
 .UNSPECIFIED., .F., .F.,
 ( 4, 1, 1, 1, 1, 1, 1, 1, 1, 1, 1, 1, 1, 1, 1, 1, 1, 1, 1, 1, 1, 1, 1, 1, 4 ),
 ( 0.0000000000000000000, 0.04517702266094278385, 0.08955433355601323531, 0.1325911011181293286, 0.1750675715050649395, 0.2168352767831897010, 0.2584124753620988812, 0.2993951126137606722, 0.3405302540594751792, 0.3813646097387982103, 0.4219655458708727602, 0.4621429095810583032, 0.5022917369923816100, 0.5427747681624159881, 0.5832847201456163866, 0.6246799902346423794, 0.6666906028925647654, 0.7088904280822343473, 0.7505918231471540025, 0.7919648026683768771, 0.8329569880541909388, 0.8744278216432594952, 0.9158656131560762859, 0.9576520537487793749, 1.000000000000000000 ),
 .UNSPECIFIED. ) ;
#4798 = CIRCLE ( 'NONE', #955, 0.1500000000000000500 ) ;
#4799 = CARTESIAN_POINT ( 'NONE',  ( -5.715000000000000746, 0.0000000000000000000, -3.500000000000000000 ) ) ;
#4800 = CARTESIAN_POINT ( 'NONE',  ( 1.010782924947956962, 2.415000000000000036, 5.743317303684054131 ) ) ;
#4801 = CARTESIAN_POINT ( 'NONE',  ( -0.2745792313506422722, 2.415000000000000036, 5.828941569966503700 ) ) ;
#4802 = PRESENTATION_STYLE_ASSIGNMENT (( #4721 ) ) ;
#4803 = CARTESIAN_POINT ( 'NONE',  ( 0.7454269091443107564, 2.415000000000000036, 9.523072746932985666 ) ) ;
#4804 = ORIENTED_EDGE ( 'NONE', *, *, #2830, .F. ) ;
#4805 = ORIENTED_EDGE ( 'NONE', *, *, #7809, .T. ) ;
#4806 = EDGE_CURVE ( 'NONE', #1955, #3110, #3336, .T. ) ;
#4807 = MECHANICAL_DESIGN_GEOMETRIC_PRESENTATION_REPRESENTATION (  '', ( #8005 ), #6970 ) ;
#4808 = DIRECTION ( 'NONE',  ( 0.0000000000000000000, -0.0000000000000000000, 1.000000000000000000 ) ) ;
#4809 = CARTESIAN_POINT ( 'NONE',  ( 0.1790151194704117932, 2.415000000000000036, 9.786798910171917498 ) ) ;
#4810 = CARTESIAN_POINT ( 'NONE',  ( -2.433750147444993406, 2.415000000000000036, 9.970145393763591102 ) ) ;
#4811 = SURFACE_SIDE_STYLE ('',( #5528 ) ) ;
#4812 = CARTESIAN_POINT ( 'NONE',  ( 0.0000000000000000000, 2.415000000000000036, 0.0000000000000000000 ) ) ;
#4813 = EDGE_CURVE ( 'NONE', #8548, #8376, #5655, .T. ) ;
#4814 = ORIENTED_EDGE ( 'NONE', *, *, #8107, .T. ) ;
#4815 = COLOUR_RGB ( '',0.7529411764705882248, 0.7529411764705882248, 0.7529411764705882248 ) ;
#4816 = FACE_OUTER_BOUND ( 'NONE', #6379, .T. ) ;
#4817 = CARTESIAN_POINT ( 'NONE',  ( 1.108336050911338688, 2.415000000000000036, 7.597477882409517491 ) ) ;
#4818 = CARTESIAN_POINT ( 'NONE',  ( -5.996371228980001078, 2.415000000000000036, 1.838656741055213040 ) ) ;
#4819 = FILL_AREA_STYLE_COLOUR ( '', #4426 ) ;
#4820 = CARTESIAN_POINT ( 'NONE',  ( -0.5199863068338799188, 2.415000000000000036, 7.177351597260874350 ) ) ;
#4821 = CARTESIAN_POINT ( 'NONE',  ( -0.8122653985479978411, 2.415000000000000036, 7.161534285394524524 ) ) ;
#4822 = STYLED_ITEM ( 'NONE', ( #4802 ), #5930 ) ;
#4823 = COLOUR_RGB ( '',0.2509803921568627416, 0.2509803921568627416, 0.2509803921568627416 ) ;
#4824 = PRESENTATION_STYLE_ASSIGNMENT (( #1392 ) ) ;
#4825 = CARTESIAN_POINT ( 'NONE',  ( 1.241975780097362758, 2.415000000000000036, 9.409446246841856265 ) ) ;
#4826 = PRESENTATION_LAYER_ASSIGNMENT (  '', '', ( #1559 ) ) ;
#4827 = VERTEX_POINT ( 'NONE', #3677 ) ;
#4828 = CARTESIAN_POINT ( 'NONE',  ( 1.650725390398693371, 2.415000000000000036, 9.821459316627642266 ) ) ;
#4829 = CARTESIAN_POINT ( 'NONE',  ( 3.198887111431449437, 2.415000000000000036, 9.957917096748403196 ) ) ;
#4830 = CIRCLE ( 'NONE', #3272, 0.1500000000000008271 ) ;
#4831 = CARTESIAN_POINT ( 'NONE',  ( -0.5632953312474363594, 2.415000000000000036, 8.122209975557110440 ) ) ;
#4832 = FACE_OUTER_BOUND ( 'NONE', #7381, .T. ) ;
#4833 = AXIS2_PLACEMENT_3D ( 'NONE', #5800, #2485, #1774 ) ;
#4834 = PRESENTATION_STYLE_ASSIGNMENT (( #8892 ) ) ;
#4835 = ORIENTED_EDGE ( 'NONE', *, *, #1017, .T. ) ;
#4836 = UNCERTAINTY_MEASURE_WITH_UNIT (LENGTH_MEASURE( 1.000000000000000082E-05 ), #3901, 'distance_accuracy_value', 'NONE');
#4837 = CARTESIAN_POINT ( 'NONE',  ( 0.9942493995903597392, 2.415000000000000036, 5.541211547788961411 ) ) ;
#4838 = ORIENTED_EDGE ( 'NONE', *, *, #2647, .F. ) ;
#4839 = VECTOR ( 'NONE', #3148, 1000.000000000000000 ) ;
#4840 = ORIENTED_EDGE ( 'NONE', *, *, #1060, .F. ) ;
#4841 = CIRCLE ( 'NONE', #997, 0.1500000000000000777 ) ;
#4842 =( NAMED_UNIT ( * ) SI_UNIT ( $, .STERADIAN. ) SOLID_ANGLE_UNIT ( ) );
#4843 = CARTESIAN_POINT ( 'NONE',  ( -2.573283026753126812, 2.415000000000000036, 9.817944541804781267 ) ) ;
#4844 = CIRCLE ( 'NONE', #1147, 0.2999999999999999334 ) ;
#4845 = AXIS2_PLACEMENT_3D ( 'NONE', #8694, #8782, #7336 ) ;
#4846 = CARTESIAN_POINT ( 'NONE',  ( 1.706252522115714987, 2.415000000000000036, 7.387369133251485032 ) ) ;
#4847 = VERTEX_POINT ( 'NONE', #8446 ) ;
#4848 = SURFACE_STYLE_FILL_AREA ( #6169 ) ;
#4849 = ORIENTED_EDGE ( 'NONE', *, *, #3106, .T. ) ;
#4850 = VECTOR ( 'NONE', #6531, 1000.000000000000000 ) ;
#4851 = AXIS2_PLACEMENT_3D ( 'NONE', #4799, #7549, #7177 ) ;
#4852 = CARTESIAN_POINT ( 'NONE',  ( -2.133341822391209508, 2.415000000000000036, 7.322865372681735430 ) ) ;
#4853 = CARTESIAN_POINT ( 'NONE',  ( 0.08653288345211690435, 2.415000000000000036, 9.901502620268937349 ) ) ;
#4854 = CARTESIAN_POINT ( 'NONE',  ( 3.100087071585125642, 2.415000000000000036, 9.388503068369876914 ) ) ;
#4855 = CARTESIAN_POINT ( 'NONE',  ( 1.544741472992939402, 2.415000000000000036, 7.298138221021162053 ) ) ;
#4856 = ADVANCED_FACE ( 'NONE', ( #5744 ), #762, .T. ) ;
#4857 = CARTESIAN_POINT ( 'NONE',  ( 0.07308587824136467126, 2.415000000000000036, 8.034474833006914452 ) ) ;
#4858 = VERTEX_POINT ( 'NONE', #954 ) ;
#4859 = EDGE_LOOP ( 'NONE', ( #2809, #225, #4835, #5587, #3200, #1065 ) ) ;
#4860 = FACE_BOUND ( 'NONE', #2897, .T. ) ;
#4861 = EDGE_CURVE ( 'NONE', #7092, #5666, #1533, .T. ) ;
#4862 = EDGE_CURVE ( 'NONE', #7946, #7492, #6008, .T. ) ;
#4863 = CARTESIAN_POINT ( 'NONE',  ( -1.049444885727485399, 2.415000000000000036, 9.523072746932985666 ) ) ;
#4864 =( NAMED_UNIT ( * ) PLANE_ANGLE_UNIT ( ) SI_UNIT ( $, .RADIAN. ) );
#4865 = SURFACE_SIDE_STYLE ('',( #1618 ) ) ;
#4866 = CARTESIAN_POINT ( 'NONE',  ( 6.120000000000000107, 0.0000000000000000000, -3.500000000000000000 ) ) ;
#4867 = CARTESIAN_POINT ( 'NONE',  ( -1.642131203098138981, 2.415000000000000036, 9.632327813689137486 ) ) ;
#4868 = CARTESIAN_POINT ( 'NONE',  ( -0.2986436036762016855, 2.415000000000000036, 7.315380439240679600 ) ) ;
#4869 = EDGE_CURVE ( 'NONE', #5058, #5725, #3838, .T. ) ;
#4870 = CLOSED_SHELL ( 'NONE', ( #3845, #2686, #7307, #4614, #5930, #5509, #1650, #6920, #8713, #6855, #5165, #2299, #273, #2136, #2742, #1422, #8607, #6086, #2944, #164, #5690, #2037, #821, #8035, #8323, #6201, #3165, #1260, #4461, #7258, #5413, #4059, #2490, #8789, #7919, #5255, #1542, #2353, #1706, #602, #1435, #1876, #2589, #4346, #1375, #7141, #3906, #6861, #3717, #1822, #8792, #328, #2476, #6098, #2635, #492, #5474, #3678, #392, #3959, #8730, #711, #8340, #7518, #2185, #4771, #320, #2074, #8773, #6247, #2586, #7583, #7620, #5803, #2022, #2235, #5641, #927, #8145, #2828, #5217, #3012, #4758, #7733, #6694, #6090, #5816, #6423, #6372, #4208, #5044, #5757, #6982, #7826, #4165, #2339, #5313, #2740, #8259, #1000, #2066, #4447, #867, #3963, #2345, #8549, #8625, #4856, #7029, #2677, #7069, #2200, #3899, #3503, #3063, #7635, #1339, #2515, #3238, #3569, #6755, #2128, #2682, #8666, #6590, #2885 ) ) ;
#4871 = DIRECTION ( 'NONE',  ( 1.000000000000000000, 0.0000000000000000000, 0.0000000000000000000 ) ) ;
#4872 = CARTESIAN_POINT ( 'NONE',  ( 1.149733924836127352, 2.415000000000000036, 9.485358772559379759 ) ) ;
#4873 = CARTESIAN_POINT ( 'NONE',  ( -0.09782393676985796926, 2.415000000000000036, 5.263119135862845077 ) ) ;
#4874 = ORIENTED_EDGE ( 'NONE', *, *, #5035, .F. ) ;
#4875 = EDGE_CURVE ( 'NONE', #6011, #4602, #7184, .T. ) ;
#4876 = CARTESIAN_POINT ( 'NONE',  ( 0.3113210787123056877, 2.415000000000000036, 2.043784946183417883 ) ) ;
#4877 = DIRECTION ( 'NONE',  ( 0.0000000000000000000, 0.0000000000000000000, 1.000000000000000000 ) ) ;
#4878 = VECTOR ( 'NONE', #3760, 1000.000000000000000 ) ;
#4879 =( LENGTH_UNIT ( ) NAMED_UNIT ( * ) SI_UNIT ( .MILLI., .METRE. ) );
#4880 = CARTESIAN_POINT ( 'NONE',  ( -0.8571371934197926645, 2.415000000000000036, 9.241021464881704617 ) ) ;
#4881 = EDGE_CURVE ( 'NONE', #5390, #3903, #1809, .T. ) ;
#4882 = CARTESIAN_POINT ( 'NONE',  ( -0.2820170011120998188, 2.415000000000000036, 5.822431721291962070 ) ) ;
#4883 = ORIENTED_EDGE ( 'NONE', *, *, #6141, .T. ) ;
#4884 = VERTEX_POINT ( 'NONE', #4397 ) ;
#4885 = EDGE_LOOP ( 'NONE', ( #7750, #27, #775, #4366 ) ) ;
#4886 = CARTESIAN_POINT ( 'NONE',  ( 1.779063796061942426, 2.415000000000000036, 7.951855353816039695 ) ) ;
#4887 = STYLED_ITEM ( 'NONE', ( #1615 ), #2074 ) ;
#4888 = CIRCLE ( 'NONE', #6057, 0.2049999999999998768 ) ;
#4889 = CYLINDRICAL_SURFACE ( 'NONE', #3170, 0.4049999999999999711 ) ;
#4890 = CARTESIAN_POINT ( 'NONE',  ( -0.04377365058828028288, 2.415000000000000036, 9.242596063794485062 ) ) ;
#4891 = CARTESIAN_POINT ( 'NONE',  ( -0.2706169087314947430, 2.415000000000000036, 5.107919694950950884 ) ) ;
#4892 = LINE ( 'NONE', #2335, #3858 ) ;
#4893 = ORIENTED_EDGE ( 'NONE', *, *, #5648, .F. ) ;
#4894 = AXIS2_PLACEMENT_3D ( 'NONE', #3922, #357, #6664 ) ;
#4895 =( GEOMETRIC_REPRESENTATION_CONTEXT ( 3 ) GLOBAL_UNCERTAINTY_ASSIGNED_CONTEXT ( ( #7554 ) ) GLOBAL_UNIT_ASSIGNED_CONTEXT ( ( #8381, #7077, #5684 ) ) REPRESENTATION_CONTEXT ( 'NONE', 'WORKASPACE' ) );
#4896 = CARTESIAN_POINT ( 'NONE',  ( -5.715000000000000746, 0.0000000000000000000, 1.016000000000000014 ) ) ;
#4897 = ORIENTED_EDGE ( 'NONE', *, *, #1007, .F. ) ;
#4898 = ORIENTED_EDGE ( 'NONE', *, *, #2073, .T. ) ;
#4899 = CARTESIAN_POINT ( 'NONE',  ( -2.767393603676203462, 2.415000000000000036, 9.971790695650936343 ) ) ;
#4900 = CARTESIAN_POINT ( 'NONE',  ( -1.002665287883522716, 2.415000000000000036, 2.397948410693576893 ) ) ;
#4901 = CARTESIAN_POINT ( 'NONE',  ( -0.04045911334497091782, 2.415000000000000036, 9.970159031184127940 ) ) ;
#4902 =( NAMED_UNIT ( * ) SI_UNIT ( $, .STERADIAN. ) SOLID_ANGLE_UNIT ( ) );
#4903 = VECTOR ( 'NONE', #5038, 1000.000000000000000 ) ;
#4904 = CARTESIAN_POINT ( 'NONE',  ( -1.931628167998648449, 2.415000000000000036, 9.252858902496397420 ) ) ;
#4905 = SURFACE_STYLE_USAGE ( .BOTH. , #1508 ) ;
#4906 = SURFACE_SIDE_STYLE ('',( #5813 ) ) ;
#4907 =( NAMED_UNIT ( * ) SI_UNIT ( $, .STERADIAN. ) SOLID_ANGLE_UNIT ( ) );
#4908 = VERTEX_POINT ( 'NONE', #5111 ) ;
#4909 = COLOUR_RGB ( '',0.8274509803921568096, 0.8392156862745098200, 0.8274509803921568096 ) ;
#4910 = SURFACE_STYLE_FILL_AREA ( #2132 ) ;
#4911 = CARTESIAN_POINT ( 'NONE',  ( 2.326757037349438395, 2.415000000000000036, 9.678922105907345141 ) ) ;
#4912 = DIRECTION ( 'NONE',  ( 0.0000000000000000000, 0.0000000000000000000, 1.000000000000000000 ) ) ;
#4913 = DIRECTION ( 'NONE',  ( 1.000000000000000000, 0.0000000000000000000, 0.0000000000000000000 ) ) ;
#4914 = SURFACE_STYLE_USAGE ( .BOTH. , #4865 ) ;
#4915 = B_SPLINE_CURVE_WITH_KNOTS ( 'NONE', 3,
 ( #6355, #1607, #6312, #4284, #5675, #2171, #2965 ),
 .UNSPECIFIED., .F., .F.,
 ( 4, 1, 1, 1, 4 ),
 ( 0.0000000000000000000, 0.2418813747501893652, 0.4871154746783848966, 0.7378378396464112532, 1.000000000000000000 ),
 .UNSPECIFIED. ) ;
#4916 = CARTESIAN_POINT ( 'NONE',  ( 0.8877857854073439858, 2.415000000000000036, 8.132365701196006214 ) ) ;
#4917 =( NAMED_UNIT ( * ) PLANE_ANGLE_UNIT ( ) SI_UNIT ( $, .RADIAN. ) );
#4918 = MECHANICAL_DESIGN_GEOMETRIC_PRESENTATION_REPRESENTATION (  '', ( #8850 ), #7501 ) ;
#4919 = DIRECTION ( 'NONE',  ( 0.0000000000000000000, 0.0000000000000000000, -1.000000000000000000 ) ) ;
#4920 = CARTESIAN_POINT ( 'NONE',  ( 2.837933982822019807, 2.415000000000000036, 0.9720660171779831327 ) ) ;
#4921 = FILL_AREA_STYLE ('',( #6413 ) ) ;
#4922 = ORIENTED_EDGE ( 'NONE', *, *, #6354, .T. ) ;
#4923 = FILL_AREA_STYLE_COLOUR ( '', #4618 ) ;
#4924 = EDGE_CURVE ( 'NONE', #5506, #2459, #3986, .T. ) ;
#4925 = CIRCLE ( 'NONE', #4518, 0.2000000000000000944 ) ;
#4926 = CARTESIAN_POINT ( 'NONE',  ( 1.525203369266550979, 2.415000000000000036, 9.943582353711393651 ) ) ;
#4927 = CARTESIAN_POINT ( 'NONE',  ( -3.780027236859362372, 2.415000000000000036, 9.730277723631093778 ) ) ;
#4928 = DIRECTION ( 'NONE',  ( 0.0000000000000000000, 1.000000000000000000, -0.0000000000000000000 ) ) ;
#4929 = CARTESIAN_POINT ( 'NONE',  ( -2.946880783163383200, 2.415000000000000036, 9.971790695650936343 ) ) ;
#4930 = SURFACE_STYLE_USAGE ( .BOTH. , #6156 ) ;
#4931 = ORIENTED_EDGE ( 'NONE', *, *, #5874, .F. ) ;
#4932 = EDGE_CURVE ( 'NONE', #8876, #6445, #5967, .T. ) ;
#4933 = DIRECTION ( 'NONE',  ( -1.000000000000000000, 0.0000000000000000000, 1.423070940095820959E-16 ) ) ;
#4934 = EDGE_LOOP ( 'NONE', ( #856, #3679, #7101 ) ) ;
#4935 = ORIENTED_EDGE ( 'NONE', *, *, #3557, .T. ) ;
#4936 = DIRECTION ( 'NONE',  ( 0.0000000000000000000, -1.000000000000000000, -0.0000000000000000000 ) ) ;
#4937 = DIRECTION ( 'NONE',  ( 0.0000000000000000000, -1.000000000000000000, 0.0000000000000000000 ) ) ;
#4938 = LINE ( 'NONE', #4445, #3836 ) ;
#4939 = UNCERTAINTY_MEASURE_WITH_UNIT (LENGTH_MEASURE( 1.000000000000000082E-05 ), #3660, 'distance_accuracy_value', 'NONE');
#4940 = CARTESIAN_POINT ( 'NONE',  ( -2.779551710283023613, 2.415000000000000036, 9.585444971282882420 ) ) ;
#4941 = VERTEX_POINT ( 'NONE', #1003 ) ;
#4942 = ORIENTED_EDGE ( 'NONE', *, *, #5809, .F. ) ;
#4943 = EDGE_LOOP ( 'NONE', ( #5393, #6560, #2438, #8327 ) ) ;
#4944 = CARTESIAN_POINT ( 'NONE',  ( 1.806219101251653525, 2.415000000000000036, 7.780810237699942178 ) ) ;
#4945 = MECHANICAL_DESIGN_GEOMETRIC_PRESENTATION_REPRESENTATION (  '', ( #4385 ), #3372 ) ;
#4946 = CARTESIAN_POINT ( 'NONE',  ( -1.674119597032673656, 2.415000000000000036, 9.455133535617592955 ) ) ;
#4947 = CARTESIAN_POINT ( 'NONE',  ( 0.9954269091443099793, 2.415000000000000036, 5.800396464881704794 ) ) ;
#4948 = CARTESIAN_POINT ( 'NONE',  ( 5.102258300203053487, 2.265000000000000124, 12.19000000000000306 ) ) ;
#4949 = CARTESIAN_POINT ( 'NONE',  ( -1.858033181446973492, 2.415000000000000036, 9.231814085536731440 ) ) ;
#4950 =( NAMED_UNIT ( * ) PLANE_ANGLE_UNIT ( ) SI_UNIT ( $, .RADIAN. ) );
#4951 = SURFACE_STYLE_USAGE ( .BOTH. , #4906 ) ;
#4952 =( GEOMETRIC_REPRESENTATION_CONTEXT ( 3 ) GLOBAL_UNCERTAINTY_ASSIGNED_CONTEXT ( ( #7541 ) ) GLOBAL_UNIT_ASSIGNED_CONTEXT ( ( #936, #4864, #1656 ) ) REPRESENTATION_CONTEXT ( 'NONE', 'WORKASPACE' ) );
#4953 = CARTESIAN_POINT ( 'NONE',  ( -3.392986927491996152, 2.415000000000000036, 9.797620945403382464 ) ) ;
#4954 = VERTEX_POINT ( 'NONE', #5067 ) ;
#4955 = FILL_AREA_STYLE ('',( #4150 ) ) ;
#4956 = AXIS2_PLACEMENT_3D ( 'NONE', #4131, #722, #3456 ) ;
#4957 = PRESENTATION_STYLE_ASSIGNMENT (( #8240 ) ) ;
#4958 = CARTESIAN_POINT ( 'NONE',  ( -1.598516019023537460, 2.415000000000000036, 9.687166162337002007 ) ) ;
#4959 = CARTESIAN_POINT ( 'NONE',  ( -0.5973214882915862667, 2.415000000000000036, 7.460813131548370336 ) ) ;
#4960 = CARTESIAN_POINT ( 'NONE',  ( 1.079361204016105358, 2.415000000000000036, 7.776918900779141275 ) ) ;
#4961 = CIRCLE ( 'NONE', #5845, 0.1999999999999996503 ) ;
#4962 = ORIENTED_EDGE ( 'NONE', *, *, #4569, .F. ) ;
#4963 = B_SPLINE_CURVE_WITH_KNOTS ( 'NONE', 3,
 ( #4787, #7532, #1480, #135, #5644, #2097, #1397, #6236, #6959, #4120, #797, #6866, #82, #6328, #5551, #3532, #8342, #6281, #181 ),
 .UNSPECIFIED., .F., .F.,
 ( 4, 1, 1, 1, 1, 1, 1, 1, 1, 1, 1, 1, 1, 1, 1, 1, 4 ),
 ( 0.0000000000000000000, 0.06387407635732617051, 0.1258406745899526558, 0.1864570581273039818, 0.2463360533361368121, 0.3062674957786465924, 0.3669553652012541578, 0.4288600754483654631, 0.4925627462240145804, 0.5565950133109077713, 0.6190706025823100589, 0.6810280736882228236, 0.7425815905758739177, 0.8049121779617663952, 0.8678597113043906575, 0.9329383663129646731, 1.000000000000000000 ),
 .UNSPECIFIED. ) ;
#4964 = CARTESIAN_POINT ( 'NONE',  ( -2.231408005636054792, 2.415000000000000036, 7.773185390974997055 ) ) ;
#4965 = CARTESIAN_POINT ( 'NONE',  ( 1.325441771947291958, 2.415000000000000036, 9.229034429525732719 ) ) ;
#4966 = CARTESIAN_POINT ( 'NONE',  ( -7.214999999999999858, 2.415000000000000036, 1.166000000000000814 ) ) ;
#4967 = CARTESIAN_POINT ( 'NONE',  ( 1.743582753503611249, 2.415000000000000036, 8.137558246036544318 ) ) ;
#4968 = AXIS2_PLACEMENT_3D ( 'NONE', #2303, #2258, #5583 ) ;
#4969 = AXIS2_PLACEMENT_3D ( 'NONE', #14, #7411, #5376 ) ;
#4970 =( NAMED_UNIT ( * ) PLANE_ANGLE_UNIT ( ) SI_UNIT ( $, .RADIAN. ) );
#4971 = EDGE_CURVE ( 'NONE', #4318, #6393, #2423, .T. ) ;
#4972 = ORIENTED_EDGE ( 'NONE', *, *, #892, .T. ) ;
#4973 = SURFACE_STYLE_USAGE ( .BOTH. , #1487 ) ;
#4974 = ORIENTED_EDGE ( 'NONE', *, *, #1815, .T. ) ;
#4975 =( NAMED_UNIT ( * ) PLANE_ANGLE_UNIT ( ) SI_UNIT ( $, .RADIAN. ) );
#4976 = VERTEX_POINT ( 'NONE', #1719 ) ;
#4977 = CARTESIAN_POINT ( 'NONE',  ( 2.078760242477644127, 2.415000000000000036, 6.082047105907346207 ) ) ;
#4978 = COLOUR_RGB ( '',0.2509803921568627416, 0.2509803921568627416, 0.2509803921568627416 ) ;
#4979 = PRESENTATION_STYLE_ASSIGNMENT (( #2201 ) ) ;
#4980 = CARTESIAN_POINT ( 'NONE',  ( -3.190470526753126368, 2.415000000000000036, 7.161534285394524524 ) ) ;
#4981 = CARTESIAN_POINT ( 'NONE',  ( -2.104533026753125480, 2.415000000000000036, 7.894306721291962425 ) ) ;
#4982 = CARTESIAN_POINT ( 'NONE',  ( 0.2138280573468375190, 2.415000000000000036, 9.525674389415296872 ) ) ;
#4983 = EDGE_CURVE ( 'NONE', #6146, #1054, #1137, .T. ) ;
#4984 = STYLED_ITEM ( 'NONE', ( #3540 ), #5509 ) ;
#4985 = CARTESIAN_POINT ( 'NONE',  ( -0.4121209809204271490, 2.415000000000000036, 5.194498089139872654 ) ) ;
#4986 = VECTOR ( 'NONE', #5073, 1000.000000000000000 ) ;
#4987 = AXIS2_PLACEMENT_3D ( 'NONE', #387, #7963, #1794 ) ;
#4988 = CARTESIAN_POINT ( 'NONE',  ( -1.857137193419791554, 2.415000000000000036, 7.348833964881704262 ) ) ;
#4989 = VERTEX_POINT ( 'NONE', #4448 ) ;
#4990 =( NAMED_UNIT ( * ) SI_UNIT ( $, .STERADIAN. ) SOLID_ANGLE_UNIT ( ) );
#4991 = VERTEX_POINT ( 'NONE', #5835 ) ;
#4992 = ORIENTED_EDGE ( 'NONE', *, *, #7238, .T. ) ;
#4993 = CARTESIAN_POINT ( 'NONE',  ( 1.819178837270713611, 2.415000000000000036, 7.775572718150632667 ) ) ;
#4994 = VECTOR ( 'NONE', #4470, 1000.000000000000000 ) ;
#4995 = CIRCLE ( 'NONE', #2825, 0.1500000000000000222 ) ;
#4996 = SURFACE_STYLE_FILL_AREA ( #3055 ) ;
#4997 = CARTESIAN_POINT ( 'NONE',  ( -0.2800250751338481670, 2.415000000000000036, 2.097470843619315239 ) ) ;
#4998 = EDGE_CURVE ( 'NONE', #5109, #8111, #3140, .T. ) ;
#4999 = SURFACE_STYLE_FILL_AREA ( #4418 ) ;
#5000 = CARTESIAN_POINT ( 'NONE',  ( -2.428816460513449904, 2.415000000000000036, 9.454730200487183822 ) ) ;
#5001 = ORIENTED_EDGE ( 'NONE', *, *, #7136, .T. ) ;
#5002 = CARTESIAN_POINT ( 'NONE',  ( -1.907643231250192306, 2.415000000000000036, 9.774489493454362687 ) ) ;
#5003 = VERTEX_POINT ( 'NONE', #408 ) ;
#5004 = CARTESIAN_POINT ( 'NONE',  ( 0.04029870401610509412, 2.415000000000000036, 9.561534285394525767 ) ) ;
#5005 = CARTESIAN_POINT ( 'NONE',  ( -1.917529253495340980, 2.415000000000000036, 7.253314154684211701 ) ) ;
#5006 = PRESENTATION_STYLE_ASSIGNMENT (( #8656 ) ) ;
#5007 = DIRECTION ( 'NONE',  ( 1.000000000000000000, 0.0000000000000000000, 0.0000000000000000000 ) ) ;
#5008 = FACE_OUTER_BOUND ( 'NONE', #1302, .T. ) ;
#5009 = LINE ( 'NONE', #1664, #6715 ) ;
#5010 = CARTESIAN_POINT ( 'NONE',  ( 1.206723183499506691, 2.415000000000000036, 9.427875912763836297 ) ) ;
#5011 =( GEOMETRIC_REPRESENTATION_CONTEXT ( 3 ) GLOBAL_UNCERTAINTY_ASSIGNED_CONTEXT ( ( #8578 ) ) GLOBAL_UNIT_ASSIGNED_CONTEXT ( ( #6512, #7014, #814 ) ) REPRESENTATION_CONTEXT ( 'NONE', 'WORKASPACE' ) );
#5012 = CARTESIAN_POINT ( 'NONE',  ( -0.2174848170252093316, 2.415000000000000036, 5.284292742799117981 ) ) ;
#5013 = VERTEX_POINT ( 'NONE', #3869 ) ;
#5014 = CARTESIAN_POINT ( 'NONE',  ( -7.364999999999998437, -2.410000000000000142, 12.18999999999999950 ) ) ;
#5015 = CARTESIAN_POINT ( 'NONE',  ( 1.430957445427856412, 2.415000000000000036, 9.978645491545689694 ) ) ;
#5016 = FILL_AREA_STYLE ('',( #1526 ) ) ;
#5017 = CARTESIAN_POINT ( 'NONE',  ( -0.6401259222415027761, 2.415000000000000036, 8.072804979743636977 ) ) ;
#5018 = CARTESIAN_POINT ( 'NONE',  ( -1.549444885727486287, 2.415000000000000036, 9.350997426420166292 ) ) ;
#5019 =( NAMED_UNIT ( * ) PLANE_ANGLE_UNIT ( ) SI_UNIT ( $, .RADIAN. ) );
#5020 = CARTESIAN_POINT ( 'NONE',  ( 1.835144145182207032, 2.415000000000000036, 5.291093856536364548 ) ) ;
#5021 = ORIENTED_EDGE ( 'NONE', *, *, #49, .F. ) ;
#5022 = ORIENTED_EDGE ( 'NONE', *, *, #1105, .F. ) ;
#5023 = EDGE_LOOP ( 'NONE', ( #1588, #1414 ) ) ;
#5024 = LINE ( 'NONE', #1635, #6536 ) ;
#5025 = EDGE_CURVE ( 'NONE', #8736, #7545, #453, .T. ) ;
#5026 = SURFACE_STYLE_FILL_AREA ( #6927 ) ;
#5027 = DIRECTION ( 'NONE',  ( -0.7071067811865469066, -1.149970062512528508E-15, 0.7071067811865481278 ) ) ;
#5028 = DIRECTION ( 'NONE',  ( 0.0000000000000000000, 1.000000000000000000, 0.0000000000000000000 ) ) ;
#5029 = AXIS2_PLACEMENT_3D ( 'NONE', #4389, #6460, #305 ) ;
#5030 = PRESENTATION_LAYER_ASSIGNMENT (  '', '', ( #7624 ) ) ;
#5031 = SURFACE_SIDE_STYLE ('',( #6974 ) ) ;
#5032 = VERTEX_POINT ( 'NONE', #6946 ) ;
#5033 = EDGE_LOOP ( 'NONE', ( #1365, #802, #8817, #3734, #2817, #6985, #6293, #6051, #2954, #4138, #6289, #7871, #6830, #4249 ) ) ;
#5034 = ORIENTED_EDGE ( 'NONE', *, *, #1772, .F. ) ;
#5035 = EDGE_CURVE ( 'NONE', #2852, #108, #3980, .T. ) ;
#5036 = CARTESIAN_POINT ( 'NONE',  ( -3.652686692965983362, 2.415000000000000036, 9.955522972246230395 ) ) ;
#5037 = CARTESIAN_POINT ( 'NONE',  ( 2.781831646298872585, 2.415000000000000036, 9.316013436108971035 ) ) ;
#5038 = DIRECTION ( 'NONE',  ( -0.0000000000000000000, -1.000000000000000000, -0.0000000000000000000 ) ) ;
#5039 = CARTESIAN_POINT ( 'NONE',  ( -4.888132034355963995, 2.265000000000000124, 1.165999999999999259 ) ) ;
#5040 = FACE_BOUND ( 'NONE', #6226, .T. ) ;
#5041 = VECTOR ( 'NONE', #2961, 1000.000000000000000 ) ;
#5042 = CARTESIAN_POINT ( 'NONE',  ( -2.567064006788480679, 2.415000000000000036, 9.395072536655158402 ) ) ;
#5043 = VERTEX_POINT ( 'NONE', #2651 ) ;
#5044 = ADVANCED_FACE ( 'NONE', ( #8326 ), #4147, .T. ) ;
#5045 = CARTESIAN_POINT ( 'NONE',  ( -1.676634569373513850, 2.415000000000000036, 9.951319651336282490 ) ) ;
#5046 = ORIENTED_EDGE ( 'NONE', *, *, #220, .T. ) ;
#5047 = B_SPLINE_CURVE_WITH_KNOTS ( 'NONE', 3,
 ( #4050, #3848, #4716, #2400, #594, #3749, #6587, #386, #3068, #6499, #6796, #5191, #5819, #637, #8861 ),
 .UNSPECIFIED., .F., .F.,
 ( 4, 1, 1, 1, 1, 1, 1, 1, 1, 1, 1, 1, 4 ),
 ( 0.0000000000000000000, 0.1123176909025381948, 0.2171617415079309665, 0.3207358977705301872, 0.4286893493222829754, 0.4861254991326031116, 0.5465765049052830893, 0.6106705183481896393, 0.6783790624362533439, 0.7510371888561249154, 0.8285849811679791843, 0.9115049737330757074, 1.000000000000000000 ),
 .UNSPECIFIED. ) ;
#5048 =( LENGTH_UNIT ( ) NAMED_UNIT ( * ) SI_UNIT ( .MILLI., .METRE. ) );
#5049 = PRESENTATION_LAYER_ASSIGNMENT (  '', '', ( #8546 ) ) ;
#5050 = CARTESIAN_POINT ( 'NONE',  ( 2.944000000000001727, 2.415000000000000036, 1.078132034355964830 ) ) ;
#5051 =( LENGTH_UNIT ( ) NAMED_UNIT ( * ) SI_UNIT ( .MILLI., .METRE. ) );
#5052 = CARTESIAN_POINT ( 'NONE',  ( 1.316801688106486123, 2.415000000000000036, 9.817723900337329113 ) ) ;
#5053 = CARTESIAN_POINT ( 'NONE',  ( 1.604423125131842820, 2.415000000000000036, 7.772407933965613580 ) ) ;
#5054 = CARTESIAN_POINT ( 'NONE',  ( 1.142862806580207780, 2.415000000000000036, 7.776918900779140387 ) ) ;
#5055 = CARTESIAN_POINT ( 'NONE',  ( -0.5200329007809791904, 2.415000000000000036, 7.391039455142265346 ) ) ;
#5056 = CARTESIAN_POINT ( 'NONE',  ( 1.854401268118669455, 2.415000000000000036, 5.797191336676576157 ) ) ;
#5057 = CARTESIAN_POINT ( 'NONE',  ( 1.988052238091205348, 2.415000000000000036, 5.517653005210840789 ) ) ;
#5058 = VERTEX_POINT ( 'NONE', #580 ) ;
#5059 = PLANE ( 'NONE',  #2607 ) ;
#5060 = LINE ( 'NONE', #4537, #2719 ) ;
#5061 = CARTESIAN_POINT ( 'NONE',  ( 4.719933982822018592, -2.410000000000000142, 1.122066017177982822 ) ) ;
#5062 =( LENGTH_UNIT ( ) NAMED_UNIT ( * ) SI_UNIT ( .MILLI., .METRE. ) );
#5063 = COLOUR_RGB ( '',0.2509803921568627416, 0.2509803921568627416, 0.2509803921568627416 ) ;
#5064 = SURFACE_SIDE_STYLE ('',( #3764 ) ) ;
#5065 = CARTESIAN_POINT ( 'NONE',  ( -2.440470526753126368, 2.415000000000000036, 6.082047105907345319 ) ) ;
#5066 = EDGE_LOOP ( 'NONE', ( #8362, #8600 ) ) ;
#5067 = CARTESIAN_POINT ( 'NONE',  ( 4.952346719737946934, 2.415000000000000036, 2.889938792337262363 ) ) ;
#5068 = VERTEX_POINT ( 'NONE', #3570 ) ;
#5069 = CARTESIAN_POINT ( 'NONE',  ( 1.950555114272515267, 2.415000000000000036, 7.764098387958627612 ) ) ;
#5070 = FACE_OUTER_BOUND ( 'NONE', #1828, .T. ) ;
#5071 = CARTESIAN_POINT ( 'NONE',  ( -0.2345568129707146787, 2.415000000000000036, 9.392216602027938066 ) ) ;
#5072 = LINE ( 'NONE', #6472, #4324 ) ;
#5073 = DIRECTION ( 'NONE',  ( -1.000000000000000000, 0.0000000000000000000, 0.0000000000000000000 ) ) ;
#5074 = EDGE_CURVE ( 'NONE', #1535, #3436, #8847, .T. ) ;
#5075 = CARTESIAN_POINT ( 'NONE',  ( -2.706818439215802563, 2.415000000000000036, 9.440023859108434223 ) ) ;
#5076 = ORIENTED_EDGE ( 'NONE', *, *, #6317, .F. ) ;
#5077 = ORIENTED_EDGE ( 'NONE', *, *, #1288, .F. ) ;
#5078 = ORIENTED_EDGE ( 'NONE', *, *, #3853, .F. ) ;
#5079 = FACE_OUTER_BOUND ( 'NONE', #8869, .T. ) ;
#5080 = LINE ( 'NONE', #3154, #5041 ) ;
#5081 = FILL_AREA_STYLE_COLOUR ( '', #7230 ) ;
#5082 = FACE_OUTER_BOUND ( 'NONE', #1578, .T. ) ;
#5083 =( NAMED_UNIT ( * ) PLANE_ANGLE_UNIT ( ) SI_UNIT ( $, .RADIAN. ) );
#5084 = EDGE_CURVE ( 'NONE', #107, #7969, #5565, .T. ) ;
#5085 = CARTESIAN_POINT ( 'NONE',  ( -2.377749700836358837, 2.415000000000000036, 9.542729919447994646 ) ) ;
#5086 = ORIENTED_EDGE ( 'NONE', *, *, #7822, .F. ) ;
#5087 = CARTESIAN_POINT ( 'NONE',  ( -1.923706144501976745, 2.415000000000000036, 9.758692735266071949 ) ) ;
#5088 = ORIENTED_EDGE ( 'NONE', *, *, #7627, .T. ) ;
#5089 = B_SPLINE_CURVE_WITH_KNOTS ( 'NONE', 3,
 ( #7926, #7003, #5652, #4307, #7046, #904, #3637, #5700, #8488, #5020, #1630, #4359, #7090, #952, #2049, #7522, #3387, #7477, #7978 ),
 .UNSPECIFIED., .F., .F.,
 ( 4, 1, 1, 1, 1, 1, 1, 1, 1, 1, 1, 1, 1, 1, 1, 1, 4 ),
 ( 0.0000000000000000000, 0.1096048279269791620, 0.2107289586479176025, 0.3021055522796426973, 0.3852746914428723524, 0.4593184430577164634, 0.5248481062749216219, 0.5836422981936798537, 0.6346413730195100689, 0.6812015378015114919, 0.7267984958730586698, 0.7706516608835908277, 0.8140165401416187274, 0.8579456920328782932, 0.9033057225776089938, 0.9505279004805483600, 1.000000000000000000 ),
 .UNSPECIFIED. ) ;
#5090 = CARTESIAN_POINT ( 'NONE',  ( -2.061004174759987428, 2.415000000000000036, 9.485375803756928903 ) ) ;
#5091 = CARTESIAN_POINT ( 'NONE',  ( -0.6776500139326132599, 2.415000000000000036, 9.241021464881704617 ) ) ;
#5092 = EDGE_CURVE ( 'NONE', #2350, #1501, #5896, .T. ) ;
#5093 = EDGE_CURVE ( 'NONE', #5271, #482, #3064, .T. ) ;
#5094 = CARTESIAN_POINT ( 'NONE',  ( 1.681766688550382360, 2.415000000000000036, 7.473581745222181105 ) ) ;
#5095 = CARTESIAN_POINT ( 'NONE',  ( 2.035666799623109924, 2.415000000000000036, 9.974461208657762867 ) ) ;
#5096 = PRESENTATION_LAYER_ASSIGNMENT (  '', '', ( #83 ) ) ;
#5097 = CARTESIAN_POINT ( 'NONE',  ( 2.239016652734054258, 2.415000000000000036, 5.082047105907345319 ) ) ;
#5098 = SURFACE_SIDE_STYLE ('',( #7122 ) ) ;
#5099 = FILL_AREA_STYLE ('',( #3128 ) ) ;
#5100 = ORIENTED_EDGE ( 'NONE', *, *, #1271, .T. ) ;
#5101 = CARTESIAN_POINT ( 'NONE',  ( -2.260178650982559656, 2.415000000000000036, 7.967522419418065383 ) ) ;
#5102 = CARTESIAN_POINT ( 'NONE',  ( 1.527478191195591917, 2.415000000000000036, 9.607808323856064092 ) ) ;
#5103 = CARTESIAN_POINT ( 'NONE',  ( 2.731867965644037444, -2.410000000000000142, 1.166000000000000814 ) ) ;
#5104 = CARTESIAN_POINT ( 'NONE',  ( 1.626397216729507100, 2.415000000000000036, 5.471134236003489804 ) ) ;
#5105 = B_SPLINE_CURVE_WITH_KNOTS ( 'NONE', 3,
 ( #4532, #3027, #5094, #1121, #4431, #1033, #3753, #6501, #3071, #8609, #2403, #7346, #6087, #8915, #480, #7431, #3218, #6045, #8749 ),
 .UNSPECIFIED., .F., .F.,
 ( 4, 1, 1, 1, 1, 1, 1, 1, 1, 1, 1, 1, 1, 1, 1, 1, 4 ),
 ( 0.0000000000000000000, 0.05280388960419518662, 0.1028477719876498553, 0.1516336500453419611, 0.1994927356165231425, 0.2476904783705139168, 0.2961693942942762448, 0.3462043712799603434, 0.3984355106402359126, 0.4541947959278134217, 0.5142481968338273868, 0.5792716717573075380, 0.6501859388279850327, 0.7275668778331120246, 0.8115321697483057761, 0.9025173432274210539, 1.000000000000000000 ),
 .UNSPECIFIED. ) ;
#5106 = CARTESIAN_POINT ( 'NONE',  ( -1.257312771411018604, 2.415000000000000036, 5.926867319596376582 ) ) ;
#5107 = EDGE_CURVE ( 'NONE', #962, #4757, #2151, .T. ) ;
#5108 = COLOUR_RGB ( '',0.7529411764705882248, 0.7529411764705882248, 0.7529411764705882248 ) ;
#5109 = VERTEX_POINT ( 'NONE', #2874 ) ;
#5110 = UNCERTAINTY_MEASURE_WITH_UNIT (LENGTH_MEASURE( 1.000000000000000082E-05 ), #3659, 'distance_accuracy_value', 'NONE');
#5111 = CARTESIAN_POINT ( 'NONE',  ( 3.037293896323796982, 2.415000000000000036, 9.830765054625294042 ) ) ;
#5112 = CARTESIAN_POINT ( 'NONE',  ( -1.474436073596824492, 2.415000000000000036, 5.352944667329536443 ) ) ;
#5113 = ORIENTED_EDGE ( 'NONE', *, *, #3243, .F. ) ;
#5114 = AXIS2_PLACEMENT_3D ( 'NONE', #8265, #5388, #8171 ) ;
#5115 = VECTOR ( 'NONE', #5288, 1000.000000000000000 ) ;
#5116 = DIRECTION ( 'NONE',  ( -0.7071067811865503483, 0.0000000000000000000, -0.7071067811865445751 ) ) ;
#5117 = CARTESIAN_POINT ( 'NONE',  ( 5.715000000000000746, 0.0000000000000000000, -3.500000000000000000 ) ) ;
#5118 = CARTESIAN_POINT ( 'NONE',  ( -3.310596807498114025, 2.415000000000000036, 9.656090318639897419 ) ) ;
#5119 = UNCERTAINTY_MEASURE_WITH_UNIT (LENGTH_MEASURE( 1.000000000000000082E-05 ), #2363, 'distance_accuracy_value', 'NONE');
#5120 = ORIENTED_EDGE ( 'NONE', *, *, #3054, .T. ) ;
#5121 = VECTOR ( 'NONE', #5425, 1000.000000000000000 ) ;
#5122 = CARTESIAN_POINT ( 'NONE',  ( -1.212566763081083465, 2.415000000000000036, 5.056586196416247958 ) ) ;
#5123 = ORIENTED_EDGE ( 'NONE', *, *, #4555, .F. ) ;
#5124 = ORIENTED_EDGE ( 'NONE', *, *, #1221, .F. ) ;
#5125 = B_SPLINE_CURVE_WITH_KNOTS ( 'NONE', 3,
 ( #3742, #5768, #1609, #6493, #5085, #7856, #8425, #5625, #6401, #5000, #2305, #7810, #246, #4420, #6357, #1691, #2966, #5042, #2214 ),
 .UNSPECIFIED., .F., .F.,
 ( 4, 1, 1, 1, 1, 1, 1, 1, 1, 1, 1, 1, 1, 1, 1, 1, 4 ),
 ( 0.0000000000000000000, 0.06872348786101632745, 0.1354188358711394813, 0.1995406242277404096, 0.2623684170497285750, 0.3241205809066301513, 0.3853926429119835517, 0.4476182385189315105, 0.5104372173223821196, 0.5732150476769629632, 0.6338572951302017255, 0.6943990178795897972, 0.7536433224673810827, 0.8135999097127309954, 0.8735780424866776972, 0.9361320232447676304, 1.000000000000000000 ),
 .UNSPECIFIED. ) ;
#5126 = CARTESIAN_POINT ( 'NONE',  ( 0.0000000000000000000, 2.415000000000000036, 0.0000000000000000000 ) ) ;
#5127 = PRESENTATION_LAYER_ASSIGNMENT (  '', '', ( #4570 ) ) ;
#5128 = SURFACE_STYLE_USAGE ( .BOTH. , #7756 ) ;
#5129 = CARTESIAN_POINT ( 'NONE',  ( 2.724590677937531513, 2.415000000000000036, 9.379922915623851054 ) ) ;
#5130 = VECTOR ( 'NONE', #5821, 1000.000000000000000 ) ;
#5131 = TOROIDAL_SURFACE ( 'NONE', #8179, 0.2999999999999999889, 0.1499999999999999944 ) ;
#5132 = DIRECTION ( 'NONE',  ( 1.000000000000000000, 0.0000000000000000000, 0.0000000000000000000 ) ) ;
#5133 = SURFACE_SIDE_STYLE ('',( #4525 ) ) ;
#5134 = CARTESIAN_POINT ( 'NONE',  ( 1.681474507772331650, 2.415000000000000036, 9.457407436525393507 ) ) ;
#5135 = ORIENTED_EDGE ( 'NONE', *, *, #7755, .F. ) ;
#5136 = CARTESIAN_POINT ( 'NONE',  ( -1.559411877006290803, 2.415000000000000036, 6.005865515606917171 ) ) ;
#5137 = EDGE_LOOP ( 'NONE', ( #4553, #3004 ) ) ;
#5138 = COLOUR_RGB ( '',0.7529411764705882248, 0.7529411764705882248, 0.7529411764705882248 ) ;
#5139 = COLOUR_RGB ( '',0.2509803921568627416, 0.2509803921568627416, 0.2509803921568627416 ) ;
#5140 = CARTESIAN_POINT ( 'NONE',  ( 2.917026272832386802, 2.415000000000000036, 9.795842475273348171 ) ) ;
#5141 = FILL_AREA_STYLE_COLOUR ( '', #8589 ) ;
#5142 = EDGE_CURVE ( 'NONE', #3159, #3508, #4082, .T. ) ;
#5143 = SURFACE_STYLE_FILL_AREA ( #8706 ) ;
#5144 = CARTESIAN_POINT ( 'NONE',  ( -2.741163900352518112, 2.415000000000000036, 9.297968865207007383 ) ) ;
#5145 = CARTESIAN_POINT ( 'NONE',  ( 1.945220014956902554, 2.415000000000000036, 9.927168019783410458 ) ) ;
#5146 = COLOUR_RGB ( '',0.2509803921568627416, 0.2509803921568627416, 0.2509803921568627416 ) ;
#5147 = AXIS2_PLACEMENT_3D ( 'NONE', #8180, #2665, #6767 ) ;
#5148 = CARTESIAN_POINT ( 'NONE',  ( -1.791970142338818794, 2.415000000000000036, 9.815173265583245765 ) ) ;
#5149 = CARTESIAN_POINT ( 'NONE',  ( 0.03489587439100814981, 2.415000000000000036, 7.733284107665715723 ) ) ;
#5150 = EDGE_CURVE ( 'NONE', #5239, #8736, #3653, .T. ) ;
#5151 = DIRECTION ( 'NONE',  ( 0.0000000000000000000, 0.0000000000000000000, 1.000000000000000000 ) ) ;
#5152 = EDGE_LOOP ( 'NONE', ( #2282, #1597, #2510, #8447, #3939 ) ) ;
#5153 = COLOUR_RGB ( '',0.2509803921568627416, 0.2509803921568627416, 0.2509803921568627416 ) ;
#5154 = DIRECTION ( 'NONE',  ( 0.0000000000000000000, -0.0000000000000000000, 1.000000000000000000 ) ) ;
#5155 = CARTESIAN_POINT ( 'NONE',  ( -2.369957706240306550, 2.415000000000000036, 9.607808323856064092 ) ) ;
#5156 = VECTOR ( 'NONE', #3348, 1000.000000000000000 ) ;
#5157 = EDGE_CURVE ( 'NONE', #6719, #962, #932, .T. ) ;
#5158 = DIRECTION ( 'NONE',  ( -1.000000000000000000, -0.0000000000000000000, -0.0000000000000000000 ) ) ;
#5159 = CARTESIAN_POINT ( 'NONE',  ( 1.674342148111308770, 2.415000000000000036, 5.552995845679630449 ) ) ;
#5160 = CARTESIAN_POINT ( 'NONE',  ( -1.338326017811250823, 2.415000000000000036, 5.909876115293804411 ) ) ;
#5161 = DIRECTION ( 'NONE',  ( 0.0000000000000000000, 0.0000000000000000000, -1.000000000000000000 ) ) ;
#5162 = ORIENTED_EDGE ( 'NONE', *, *, #1097, .T. ) ;
#5163 = MECHANICAL_DESIGN_GEOMETRIC_PRESENTATION_REPRESENTATION (  '', ( #574 ), #5299 ) ;
#5164 = CARTESIAN_POINT ( 'NONE',  ( -0.5363453678965206528, 2.415000000000000036, 9.609692909121143600 ) ) ;
#5165 = ADVANCED_FACE ( 'NONE', ( #7859 ), #4566, .T. ) ;
#5166 = LINE ( 'NONE', #8763, #6572 ) ;
#5167 = ORIENTED_EDGE ( 'NONE', *, *, #5262, .F. ) ;
#5168 =( NAMED_UNIT ( * ) PLANE_ANGLE_UNIT ( ) SI_UNIT ( $, .RADIAN. ) );
#5169 = CARTESIAN_POINT ( 'NONE',  ( 2.774594159742385990, 2.415000000000000036, 9.878245541745831915 ) ) ;
#5170 = COLOUR_RGB ( '',0.2509803921568627416, 0.2509803921568627416, 0.2509803921568627416 ) ;
#5171 = PRESENTATION_STYLE_ASSIGNMENT (( #1676 ) ) ;
#5172 = CARTESIAN_POINT ( 'NONE',  ( 1.848792293759694561, 2.415000000000000036, 7.161534285394524524 ) ) ;
#5173 = CARTESIAN_POINT ( 'NONE',  ( 1.565367789136949073, 2.415000000000000036, 7.632483025166810542 ) ) ;
#5174 = CARTESIAN_POINT ( 'NONE',  ( -2.794000000000000483, -2.260000000000000231, 1.165999999999999259 ) ) ;
#5175 = CARTESIAN_POINT ( 'NONE',  ( -3.305855142137743563, 2.415000000000000036, 9.894466977702217392 ) ) ;
#5176 = ORIENTED_EDGE ( 'NONE', *, *, #6793, .F. ) ;
#5177 =( NAMED_UNIT ( * ) SI_UNIT ( $, .STERADIAN. ) SOLID_ANGLE_UNIT ( ) );
#5178 = ORIENTED_EDGE ( 'NONE', *, *, #5524, .F. ) ;
#5179 = VECTOR ( 'NONE', #3443, 1000.000000000000000 ) ;
#5180 = DIRECTION ( 'NONE',  ( 0.0000000000000000000, -0.0000000000000000000, 1.000000000000000000 ) ) ;
#5181 = CARTESIAN_POINT ( 'NONE',  ( 1.157011742465131166, 2.415000000000000036, 5.697712310470857133 ) ) ;
#5182 = DIRECTION ( 'NONE',  ( 0.7071067811865503483, 0.0000000000000000000, 0.7071067811865445751 ) ) ;
#5183 = CARTESIAN_POINT ( 'NONE',  ( -4.825999999999999623, 2.265000000000000124, 1.015999999999999348 ) ) ;
#5184 = FACE_BOUND ( 'NONE', #1039, .T. ) ;
#5185 = B_SPLINE_CURVE_WITH_KNOTS ( 'NONE', 3,
 ( #8575, #3812, #2370, #6510, #8358, #2418, #1494, #5159, #7925, #6555, #4221, #6972, #5104, #3549, #150, #7877, #2989, #4394, #7130 ),
 .UNSPECIFIED., .F., .F.,
 ( 4, 1, 1, 1, 1, 1, 1, 1, 1, 1, 1, 1, 1, 1, 1, 1, 4 ),
 ( 0.0000000000000000000, 0.07276882570834825037, 0.1426795345295721607, 0.2094269283542665172, 0.2746319441020423358, 0.3368314137124341356, 0.3976305532729106362, 0.4568978557111157968, 0.5151388068997401204, 0.5731625673544153976, 0.6310985730168293673, 0.6890150595572375192, 0.7488204473412124473, 0.8092839178879007722, 0.8707550277886187962, 0.9342854386219483498, 1.000000000000000000 ),
 .UNSPECIFIED. ) ;
#5186 = CARTESIAN_POINT ( 'NONE',  ( -1.805654821624922191, 2.415000000000000036, 9.531886849497089642 ) ) ;
#5187 = ORIENTED_EDGE ( 'NONE', *, *, #3954, .F. ) ;
#5188 = SURFACE_SIDE_STYLE ('',( #3160 ) ) ;
#5189 = ORIENTED_EDGE ( 'NONE', *, *, #6659, .T. ) ;
#5190 = CARTESIAN_POINT ( 'NONE',  ( -1.901475515148473239, 2.415000000000000036, 7.274666172813986975 ) ) ;
#5191 = CARTESIAN_POINT ( 'NONE',  ( 1.968339690342531867, 2.415000000000000036, 5.900905523081815929 ) ) ;
#5192 =( NAMED_UNIT ( * ) SI_UNIT ( $, .STERADIAN. ) SOLID_ANGLE_UNIT ( ) );
#5193 =( NAMED_UNIT ( * ) SI_UNIT ( $, .STERADIAN. ) SOLID_ANGLE_UNIT ( ) );
#5194 = CARTESIAN_POINT ( 'NONE',  ( -0.2834222194727322730, 2.415000000000000036, 2.486293480278664703 ) ) ;
#5195 = PRESENTATION_LAYER_ASSIGNMENT (  '', '', ( #7483 ) ) ;
#5196 = CIRCLE ( 'NONE', #8538, 0.1499999999999999667 ) ;
#5197 = CARTESIAN_POINT ( 'NONE',  ( -2.602207095290764993, 2.415000000000000036, 9.233069707756776268 ) ) ;
#5198 = CARTESIAN_POINT ( 'NONE',  ( -0.8644287230730981486, 2.415000000000000036, 5.621864997430190414 ) ) ;
#5199 =( NAMED_UNIT ( * ) SI_UNIT ( $, .STERADIAN. ) SOLID_ANGLE_UNIT ( ) );
#5200 = CARTESIAN_POINT ( 'NONE',  ( 0.01655651986140641713, 2.415000000000000036, 7.797744481441764464 ) ) ;
#5201 = ORIENTED_EDGE ( 'NONE', *, *, #8874, .T. ) ;
#5202 = ORIENTED_EDGE ( 'NONE', *, *, #491, .T. ) ;
#5203 = FILL_AREA_STYLE ('',( #2463 ) ) ;
#5204 = CARTESIAN_POINT ( 'NONE',  ( 2.197519595484228816, 2.415000000000000036, 9.816510525062717818 ) ) ;
#5205 = FILL_AREA_STYLE ('',( #4627 ) ) ;
#5206 = STYLED_ITEM ( 'NONE', ( #6222 ), #2490 ) ;
#5207 = CARTESIAN_POINT ( 'NONE',  ( 0.9426846093413846495, 2.415000000000000036, 6.036640740222215307 ) ) ;
#5208 = UNCERTAINTY_MEASURE_WITH_UNIT (LENGTH_MEASURE( 1.000000000000000082E-05 ), #2917, 'distance_accuracy_value', 'NONE');
#5209 = EDGE_CURVE ( 'NONE', #7703, #3639, #3255, .T. ) ;
#5210 = CARTESIAN_POINT ( 'NONE',  ( -2.731867965644036111, -2.260000000000000231, 0.8659999999999993259 ) ) ;
#5211 = CARTESIAN_POINT ( 'NONE',  ( 0.9554202559139155504, 2.415000000000000036, 7.959986809328821522 ) ) ;
#5212 = ORIENTED_EDGE ( 'NONE', *, *, #4701, .F. ) ;
#5213 = MECHANICAL_DESIGN_GEOMETRIC_PRESENTATION_REPRESENTATION (  '', ( #1918 ), #3042 ) ;
#5214 = CARTESIAN_POINT ( 'NONE',  ( 0.3992730629904645001, 2.415000000000000036, 9.689739413599653517 ) ) ;
#5215 = SURFACE_SIDE_STYLE ('',( #3875 ) ) ;
#5216 = CARTESIAN_POINT ( 'NONE',  ( 1.504291035422558043, 2.415000000000000036, 7.492859561498248055 ) ) ;
#5217 = ADVANCED_FACE ( 'NONE', ( #5993 ), #1164, .T. ) ;
#5218 = MECHANICAL_DESIGN_GEOMETRIC_PRESENTATION_REPRESENTATION (  '', ( #481 ), #1638 ) ;
#5219 = EDGE_CURVE ( 'NONE', #3276, #1090, #5950, .T. ) ;
#5220 = EDGE_LOOP ( 'NONE', ( #4814, #5742, #6253, #4008 ) ) ;
#5221 = CARTESIAN_POINT ( 'NONE',  ( 5.285680053071279971, 2.415000000000000036, 2.889938792337262363 ) ) ;
#5222 = ORIENTED_EDGE ( 'NONE', *, *, #875, .F. ) ;
#5223 = CARTESIAN_POINT ( 'NONE',  ( 1.519686196599538963, 2.415000000000000036, 9.542729919447998199 ) ) ;
#5224 = CARTESIAN_POINT ( 'NONE',  ( -1.599951171396970517, 2.415000000000000036, 9.296936266697070295 ) ) ;
#5225 = CARTESIAN_POINT ( 'NONE',  ( 3.043704152734053370, 2.415000000000000036, 9.228200952061190065 ) ) ;
#5226 = CARTESIAN_POINT ( 'NONE',  ( -1.905000000000000027, 0.0000000000000000000, -3.500000000000000000 ) ) ;
#5227 = CARTESIAN_POINT ( 'NONE',  ( 2.809529473246874076, 2.415000000000000036, 7.809571144368883999 ) ) ;
#5228 = SURFACE_STYLE_FILL_AREA ( #4469 ) ;
#5229 = CARTESIAN_POINT ( 'NONE',  ( 1.706061432192276239, 2.415000000000000036, 9.566075993013106071 ) ) ;
#5230 = ORIENTED_EDGE ( 'NONE', *, *, #809, .T. ) ;
#5231 = VERTEX_POINT ( 'NONE', #106 ) ;
#5232 = SURFACE_STYLE_FILL_AREA ( #1877 ) ;
#5233 = CARTESIAN_POINT ( 'NONE',  ( -2.780214116496716237, 2.415000000000000036, 9.608409285394525767 ) ) ;
#5234 = CARTESIAN_POINT ( 'NONE',  ( 1.329348682066637810, 2.415000000000000036, 9.983667833707386308 ) ) ;
#5235 = CARTESIAN_POINT ( 'NONE',  ( -0.5019802033389765272, 2.415000000000000036, 2.399153535927007752 ) ) ;
#5236 = CARTESIAN_POINT ( 'NONE',  ( -1.215310270342869092, 2.415000000000000036, 5.928200952061192019 ) ) ;
#5237 = LINE ( 'NONE', #8838, #7717 ) ;
#5238 = CARTESIAN_POINT ( 'NONE',  ( 0.02728291870144809728, 2.415000000000000036, 7.766225215934809967 ) ) ;
#5239 = VERTEX_POINT ( 'NONE', #6841 ) ;
#5240 = ORIENTED_EDGE ( 'NONE', *, *, #3494, .F. ) ;
#5241 = CARTESIAN_POINT ( 'NONE',  ( 1.677020450352954661, 2.415000000000000036, 5.186590736165799242 ) ) ;
#5242 = CARTESIAN_POINT ( 'NONE',  ( 0.0000000000000000000, 2.415000000000000036, 0.0000000000000000000 ) ) ;
#5243 = CARTESIAN_POINT ( 'NONE',  ( 3.810000000000001830, -2.410000000000000142, 0.2121320343559651711 ) ) ;
#5244 = PLANE ( 'NONE',  #3353 ) ;
#5245 = PRODUCT_DEFINITION_SHAPE ( 'NONE', 'NONE',  #7556 ) ;
#5246 = CARTESIAN_POINT ( 'NONE',  ( 1.143443419839468067, 2.415000000000000036, 6.080405833254622472 ) ) ;
#5247 = CARTESIAN_POINT ( 'NONE',  ( -2.235715502112477715, 2.415000000000000036, 7.140389050759969436 ) ) ;
#5248 = ORIENTED_EDGE ( 'NONE', *, *, #3626, .F. ) ;
#5249 = CARTESIAN_POINT ( 'NONE',  ( -7.214999999999999858, 2.265000000000000124, 1.166000000000000814 ) ) ;
#5250 = ORIENTED_EDGE ( 'NONE', *, *, #5921, .T. ) ;
#5251 = SURFACE_STYLE_USAGE ( .BOTH. , #7935 ) ;
#5252 = LINE ( 'NONE', #3193, #3509 ) ;
#5253 = DIRECTION ( 'NONE',  ( 0.0000000000000000000, 1.000000000000000000, 0.0000000000000000000 ) ) ;
#5254 = CARTESIAN_POINT ( 'NONE',  ( 0.8536051619272048141, 2.415000000000000036, 7.649201024007142635 ) ) ;
#5255 = ADVANCED_FACE ( 'NONE', ( #2118, #6888 ), #4189, .T. ) ;
#5256 = COLOUR_RGB ( '',0.2509803921568627416, 0.2509803921568627416, 0.2509803921568627416 ) ;
#5257 = PRESENTATION_STYLE_ASSIGNMENT (( #321 ) ) ;
#5258 = ORIENTED_EDGE ( 'NONE', *, *, #8438, .T. ) ;
#5259 = CARTESIAN_POINT ( 'NONE',  ( 1.190939729657130464, 2.415000000000000036, 5.517944541804781444 ) ) ;
#5260 = ORIENTED_EDGE ( 'NONE', *, *, #7989, .F. ) ;
#5261 = AXIS2_PLACEMENT_3D ( 'NONE', #6458, #1038, #1082 ) ;
#5262 = EDGE_CURVE ( 'NONE', #8047, #8245, #776, .T. ) ;
#5263 = CARTESIAN_POINT ( 'NONE',  ( 1.527478191195591917, 2.415000000000000036, 9.607808323856064092 ) ) ;
#5264 = EDGE_CURVE ( 'NONE', #2561, #4629, #4830, .T. ) ;
#5265 = CARTESIAN_POINT ( 'NONE',  ( -1.628575374228523609, 2.415000000000000036, 9.275582926357445857 ) ) ;
#5266 = CARTESIAN_POINT ( 'NONE',  ( 3.410464436771670993, 2.415000000000000036, 9.489583548281517622 ) ) ;
#5267 = CIRCLE ( 'NONE', #4254, 0.1500000000000000500 ) ;
#5268 = DIRECTION ( 'NONE',  ( 0.0000000000000000000, 0.0000000000000000000, -1.000000000000000000 ) ) ;
#5269 = VECTOR ( 'NONE', #7574, 1000.000000000000000 ) ;
#5270 = CARTESIAN_POINT ( 'NONE',  ( 1.701214979234192404, 2.415000000000000036, 9.528161339349937364 ) ) ;
#5271 = VERTEX_POINT ( 'NONE', #2745 ) ;
#5272 = ORIENTED_EDGE ( 'NONE', *, *, #220, .F. ) ;
#5273 =( LENGTH_UNIT ( ) NAMED_UNIT ( * ) SI_UNIT ( .MILLI., .METRE. ) );
#5274 = CARTESIAN_POINT ( 'NONE',  ( 1.798933982822018995, 2.415000000000000036, -1.798933982822018107 ) ) ;
#5275 = STYLED_ITEM ( 'NONE', ( #5721 ), #6590 ) ;
#5276 = EDGE_CURVE ( 'NONE', #3506, #591, #988, .T. ) ;
#5277 = DIRECTION ( 'NONE',  ( 1.000000000000000000, 0.0000000000000000000, 0.0000000000000000000 ) ) ;
#5278 = CARTESIAN_POINT ( 'NONE',  ( -2.440470526753126368, 2.415000000000000036, 5.710252234112473957 ) ) ;
#5279 = CARTESIAN_POINT ( 'NONE',  ( -0.1532109113685103108, 2.415000000000000036, 9.984611208471447341 ) ) ;
#5280 = CARTESIAN_POINT ( 'NONE',  ( -1.077705025876158906, 2.415000000000000036, 5.903939035136656521 ) ) ;
#5281 = CARTESIAN_POINT ( 'NONE',  ( 0.9286111546898144775, 2.415000000000000036, 7.820810530189249654 ) ) ;
#5282 = CIRCLE ( 'NONE', #2694, 0.1500000000000008271 ) ;
#5283 = ORIENTED_EDGE ( 'NONE', *, *, #3231, .T. ) ;
#5284 =( GEOMETRIC_REPRESENTATION_CONTEXT ( 3 ) GLOBAL_UNCERTAINTY_ASSIGNED_CONTEXT ( ( #7005 ) ) GLOBAL_UNIT_ASSIGNED_CONTEXT ( ( #1568, #4202, #209 ) ) REPRESENTATION_CONTEXT ( 'NONE', 'WORKASPACE' ) );
#5285 = ORIENTED_EDGE ( 'NONE', *, *, #6187, .F. ) ;
#5286 = CARTESIAN_POINT ( 'NONE',  ( 1.849803406250579263, 2.415000000000000036, 5.090141774695697841 ) ) ;
#5287 = CARTESIAN_POINT ( 'NONE',  ( 4.888132034355965772, 2.415000000000000036, 1.166000000000000814 ) ) ;
#5288 = DIRECTION ( 'NONE',  ( 0.0000000000000000000, 0.0000000000000000000, 1.000000000000000000 ) ) ;
#5289 = VECTOR ( 'NONE', #4256, 1000.000000000000000 ) ;
#5290 = MECHANICAL_DESIGN_GEOMETRIC_PRESENTATION_REPRESENTATION (  '', ( #1292 ), #6869 ) ;
#5291 = ORIENTED_EDGE ( 'NONE', *, *, #57, .F. ) ;
#5292 = CARTESIAN_POINT ( 'NONE',  ( 1.889843600603770879, 2.415000000000000036, 5.716653804991272736 ) ) ;
#5293 = AXIS2_PLACEMENT_3D ( 'NONE', #6615, #3924, #3821 ) ;
#5294 = VERTEX_POINT ( 'NONE', #4019 ) ;
#5295 = STYLED_ITEM ( 'NONE', ( #4075 ), #7733 ) ;
#5296 = CARTESIAN_POINT ( 'NONE',  ( -2.735563545450731215, 2.415000000000000036, 9.745248541119961416 ) ) ;
#5297 = CARTESIAN_POINT ( 'NONE',  ( -0.4092711259938905388, 2.415000000000000036, 5.957100868997787124 ) ) ;
#5298 = CARTESIAN_POINT ( 'NONE',  ( 0.7460622104626765116, 2.415000000000000036, 7.783754048331119613 ) ) ;
#5299 =( GEOMETRIC_REPRESENTATION_CONTEXT ( 3 ) GLOBAL_UNCERTAINTY_ASSIGNED_CONTEXT ( ( #3230 ) ) GLOBAL_UNIT_ASSIGNED_CONTEXT ( ( #8718, #5924, #3809 ) ) REPRESENTATION_CONTEXT ( 'NONE', 'WORKASPACE' ) );
#5300 = CARTESIAN_POINT ( 'NONE',  ( 2.731867965644037444, 2.265000000000000124, 1.166000000000000814 ) ) ;
#5301 = UNCERTAINTY_MEASURE_WITH_UNIT (LENGTH_MEASURE( 1.000000000000000082E-05 ), #6984, 'distance_accuracy_value', 'NONE');
#5302 =( NAMED_UNIT ( * ) PLANE_ANGLE_UNIT ( ) SI_UNIT ( $, .RADIAN. ) );
#5303 = ORIENTED_EDGE ( 'NONE', *, *, #6195, .F. ) ;
#5304 = CARTESIAN_POINT ( 'NONE',  ( -0.8151464076027863381, 2.415000000000000036, 5.231013872960346589 ) ) ;
#5305 = ORIENTED_EDGE ( 'NONE', *, *, #5093, .F. ) ;
#5306 = EDGE_CURVE ( 'NONE', #7047, #366, #1840, .T. ) ;
#5307 = CYLINDRICAL_SURFACE ( 'NONE', #1466, 0.1499999999999999667 ) ;
#5308 = LINE ( 'NONE', #6710, #8345 ) ;
#5309 = CARTESIAN_POINT ( 'NONE',  ( 3.084443784579205872, 2.415000000000000036, 9.229031510678426642 ) ) ;
#5310 = VECTOR ( 'NONE', #2271, 1000.000000000000000 ) ;
#5311 = CARTESIAN_POINT ( 'NONE',  ( 1.391244576099110564, 2.415000000000000036, 9.228984473355611229 ) ) ;
#5312 = ORIENTED_EDGE ( 'NONE', *, *, #2073, .F. ) ;
#5313 = ADVANCED_FACE ( 'NONE', ( #6976 ), #5616, .T. ) ;
#5314 = LINE ( 'NONE', #4686, #4611 ) ;
#5315 = CARTESIAN_POINT ( 'NONE',  ( 2.078760242477644127, 2.415000000000000036, 6.082047105907346207 ) ) ;
#5316 = CARTESIAN_POINT ( 'NONE',  ( 2.335170498887899626, 2.415000000000000036, 9.894466977702217392 ) ) ;
#5317 = SURFACE_SIDE_STYLE ('',( #8525 ) ) ;
#5318 =( GEOMETRIC_REPRESENTATION_CONTEXT ( 3 ) GLOBAL_UNCERTAINTY_ASSIGNED_CONTEXT ( ( #1546 ) ) GLOBAL_UNIT_ASSIGNED_CONTEXT ( ( #7344, #3346, #7473 ) ) REPRESENTATION_CONTEXT ( 'NONE', 'WORKASPACE' ) );
#5319 = CARTESIAN_POINT ( 'NONE',  ( 0.9125698963551684972, 2.415000000000000036, 7.861897219909973700 ) ) ;
#5320 = ORIENTED_EDGE ( 'NONE', *, *, #8395, .F. ) ;
#5321 = VERTEX_POINT ( 'NONE', #963 ) ;
#5322 = LINE ( 'NONE', #6730, #1612 ) ;
#5323 = COLOUR_RGB ( '',0.2509803921568627416, 0.2509803921568627416, 0.2509803921568627416 ) ;
#5324 = SURFACE_SIDE_STYLE ('',( #3909 ) ) ;
#5325 = CARTESIAN_POINT ( 'NONE',  ( -2.377877458554311207, 2.415000000000000036, 9.672202375653430551 ) ) ;
#5326 = CYLINDRICAL_SURFACE ( 'NONE', #7363, 0.1500000000000008271 ) ;
#5327 =( LENGTH_UNIT ( ) NAMED_UNIT ( * ) SI_UNIT ( .MILLI., .METRE. ) );
#5328 = ORIENTED_EDGE ( 'NONE', *, *, #12, .T. ) ;
#5329 = B_SPLINE_CURVE_WITH_KNOTS ( 'NONE', 3,
 ( #6532, #8786, #5311, #4650, #1241, #3936, #8043, #8648, #513, #3976, #1209, #3299, #2393, #5134, #7903, #5270, #5229, #6580, #1873 ),
 .UNSPECIFIED., .F., .F.,
 ( 4, 1, 1, 1, 1, 1, 1, 1, 1, 1, 1, 1, 1, 1, 1, 1, 4 ),
 ( 0.0000000000000000000, 0.06128969885562510905, 0.1211119184563135137, 0.1796633028133828303, 0.2383420705421537833, 0.2974852184571006863, 0.3577528556314612529, 0.4192777636402747476, 0.4836161373193550439, 0.5483215954185101104, 0.6117276531773285786, 0.6742599473861836668, 0.7370647105003805821, 0.8001271801471173672, 0.8647152466120999748, 0.9313700550459672600, 1.000000000000000000 ),
 .UNSPECIFIED. ) ;
#5330 = CIRCLE ( 'NONE', #8383, 0.4049999999999999711 ) ;
#5331 =( NAMED_UNIT ( * ) PLANE_ANGLE_UNIT ( ) SI_UNIT ( $, .RADIAN. ) );
#5332 = ORIENTED_EDGE ( 'NONE', *, *, #3885, .F. ) ;
#5333 = CARTESIAN_POINT ( 'NONE',  ( -2.104533026753125480, 2.415000000000000036, 7.894306721291962425 ) ) ;
#5334 = FILL_AREA_STYLE_COLOUR ( '', #3338 ) ;
#5335 = CARTESIAN_POINT ( 'NONE',  ( 2.971196233180199542, 2.415000000000000036, 9.978696169053842269 ) ) ;
#5336 = FILL_AREA_STYLE ('',( #540 ) ) ;
#5337 = CARTESIAN_POINT ( 'NONE',  ( -2.652008988291587599, 2.415000000000000036, 7.161534285394524524 ) ) ;
#5338 = CARTESIAN_POINT ( 'NONE',  ( 0.8181274458654491655, 2.415000000000000036, 7.675443057786647927 ) ) ;
#5339 = CARTESIAN_POINT ( 'NONE',  ( 2.040298704016104914, 2.415000000000000036, 9.241021464881704617 ) ) ;
#5340 = VERTEX_POINT ( 'NONE', #7148 ) ;
#5341 = MECHANICAL_DESIGN_GEOMETRIC_PRESENTATION_REPRESENTATION (  '', ( #621 ), #2487 ) ;
#5342 = CARTESIAN_POINT ( 'NONE',  ( -0.5290295550440123895, 2.415000000000000036, 7.926044617621910149 ) ) ;
#5343 = EDGE_LOOP ( 'NONE', ( #6761, #5021, #5872, #2763 ) ) ;
#5344 = CARTESIAN_POINT ( 'NONE',  ( 1.420587070291951637, 2.415000000000000036, 9.418081924600585353 ) ) ;
#5345 = PRESENTATION_STYLE_ASSIGNMENT (( #1993 ) ) ;
#5346 = SURFACE_STYLE_FILL_AREA ( #3205 ) ;
#5347 = CARTESIAN_POINT ( 'NONE',  ( 1.005191034350769508, 2.415000000000000036, 5.752925142699904626 ) ) ;
#5348 = CARTESIAN_POINT ( 'NONE',  ( -0.9711982489134903807, 2.415000000000000036, 2.016715916318709834 ) ) ;
#5349 = ORIENTED_EDGE ( 'NONE', *, *, #3386, .F. ) ;
#5350 = ORIENTED_EDGE ( 'NONE', *, *, #3665, .T. ) ;
#5351 = MECHANICAL_DESIGN_GEOMETRIC_PRESENTATION_REPRESENTATION (  '', ( #4210 ), #5938 ) ;
#5352 = CARTESIAN_POINT ( 'NONE',  ( 1.969785883503284429, 2.415000000000000036, 8.161534285394525412 ) ) ;
#5353 = CARTESIAN_POINT ( 'NONE',  ( 4.952346719737946934, 2.415000000000000036, 2.889938792337262363 ) ) ;
#5354 = FILL_AREA_STYLE_COLOUR ( '', #2750 ) ;
#5355 = LINE ( 'NONE', #6643, #5156 ) ;
#5356 = EDGE_CURVE ( 'NONE', #7652, #4629, #284, .T. ) ;
#5357 = CARTESIAN_POINT ( 'NONE',  ( 0.9120935758109769420, 2.415000000000000036, 7.877680118727859337 ) ) ;
#5358 = ORIENTED_EDGE ( 'NONE', *, *, #7867, .T. ) ;
#5359 = VERTEX_POINT ( 'NONE', #1683 ) ;
#5360 = FILL_AREA_STYLE_COLOUR ( '', #2729 ) ;
#5361 = EDGE_CURVE ( 'NONE', #154, #729, #3558, .T. ) ;
#5362 = EDGE_CURVE ( 'NONE', #5847, #7737, #5996, .T. ) ;
#5363 = CARTESIAN_POINT ( 'NONE',  ( -2.535622770342870425, 2.415000000000000036, 9.984611208471447341 ) ) ;
#5364 = PRESENTATION_STYLE_ASSIGNMENT (( #1256 ) ) ;
#5365 = ORIENTED_EDGE ( 'NONE', *, *, #2998, .T. ) ;
#5366 = CARTESIAN_POINT ( 'NONE',  ( -1.575085911368512059, 2.415000000000000036, 9.780083964881706393 ) ) ;
#5367 = ORIENTED_EDGE ( 'NONE', *, *, #4619, .F. ) ;
#5368 = CARTESIAN_POINT ( 'NONE',  ( -2.779993507664180630, 2.415000000000000036, 9.616027604571524279 ) ) ;
#5369 = VECTOR ( 'NONE', #457, 1000.000000000000000 ) ;
#5370 = SURFACE_STYLE_FILL_AREA ( #5336 ) ;
#5371 =( NAMED_UNIT ( * ) PLANE_ANGLE_UNIT ( ) SI_UNIT ( $, .RADIAN. ) );
#5372 = FILL_AREA_STYLE_COLOUR ( '', #2622 ) ;
#5373 = EDGE_CURVE ( 'NONE', #1594, #2448, #4797, .T. ) ;
#5374 =( NAMED_UNIT ( * ) SI_UNIT ( $, .STERADIAN. ) SOLID_ANGLE_UNIT ( ) );
#5375 = TOROIDAL_SURFACE ( 'NONE', #2381, 0.2049999999999996547, 0.2000000000000000111 ) ;
#5376 = DIRECTION ( 'NONE',  ( 0.0000000000000000000, 0.0000000000000000000, 1.000000000000000000 ) ) ;
#5377 = EDGE_LOOP ( 'NONE', ( #3354, #8547, #271, #7017, #7021, #6547, #2163, #3718 ) ) ;
#5378 = PRODUCT ( '81C9C555-A0E8-4CC7-A8BA-9754516864E7', '81C9C555-A0E8-4CC7-A8BA-9754516864E7', '', ( #6462 ) ) ;
#5379 = CARTESIAN_POINT ( 'NONE',  ( -0.5973214882915862667, 2.415000000000000036, 7.862255439240678712 ) ) ;
#5380 = VERTEX_POINT ( 'NONE', #8032 ) ;
#5381 = B_SPLINE_CURVE_WITH_KNOTS ( 'NONE', 3,
 ( #8039, #1994, #1869, #6119, #2660, #8900, #7996, #3334, #7418, #8864, #3249 ),
 .UNSPECIFIED., .F., .F.,
 ( 4, 1, 1, 1, 1, 1, 1, 1, 4 ),
 ( 0.0000000000000000000, 0.09702573652551182981, 0.1948856699076923216, 0.2941438112517888448, 0.3971445841421642475, 0.5133118351260105294, 0.6514172901890610268, 0.8139889530568139575, 1.000000000000000000 ),
 .UNSPECIFIED. ) ;
#5382 = STYLED_ITEM ( 'NONE', ( #3322 ), #4165 ) ;
#5383 = LINE ( 'NONE', #8126, #3669 ) ;
#5384 = CARTESIAN_POINT ( 'NONE',  ( 1.402739373629860564, 2.415000000000000036, 9.409546284238182068 ) ) ;
#5385 = CARTESIAN_POINT ( 'NONE',  ( -1.046516073017745851, 2.415000000000000036, 6.083269888910401768 ) ) ;
#5386 =( NAMED_UNIT ( * ) PLANE_ANGLE_UNIT ( ) SI_UNIT ( $, .RADIAN. ) );
#5387 = CARTESIAN_POINT ( 'NONE',  ( -1.805654821624922191, 2.415000000000000036, 9.531886849497089642 ) ) ;
#5388 = DIRECTION ( 'NONE',  ( -0.0000000000000000000, -0.0000000000000000000, -1.000000000000000000 ) ) ;
#5389 = CARTESIAN_POINT ( 'NONE',  ( 1.681392725600599602, 2.415000000000000036, 7.453388867722543054 ) ) ;
#5390 = VERTEX_POINT ( 'NONE', #5259 ) ;
#5391 =( GEOMETRIC_REPRESENTATION_CONTEXT ( 3 ) GLOBAL_UNCERTAINTY_ASSIGNED_CONTEXT ( ( #1273 ) ) GLOBAL_UNIT_ASSIGNED_CONTEXT ( ( #938, #3024, #1516 ) ) REPRESENTATION_CONTEXT ( 'NONE', 'WORKASPACE' ) );
#5392 =( LENGTH_UNIT ( ) NAMED_UNIT ( * ) SI_UNIT ( .MILLI., .METRE. ) );
#5393 = ORIENTED_EDGE ( 'NONE', *, *, #3781, .F. ) ;
#5394 = B_SPLINE_CURVE_WITH_KNOTS ( 'NONE', 3,
 ( #6259, #66, #6890, #8365, #109, #2120, #157, #4852, #2822, #1340, #7656 ),
 .UNSPECIFIED., .F., .F.,
 ( 4, 1, 1, 1, 1, 1, 1, 1, 4 ),
 ( 0.0000000000000000000, 0.1604579205559359123, 0.3076115473748587958, 0.4421388877557720365, 0.5662291941703347931, 0.6812222080152131598, 0.7895580052436294016, 0.8950288924051351680, 0.9999999999999998890 ),
 .UNSPECIFIED. ) ;
#5395 =( LENGTH_UNIT ( ) NAMED_UNIT ( * ) SI_UNIT ( .MILLI., .METRE. ) );
#5396 = CIRCLE ( 'NONE', #1547, 0.2000000000000000944 ) ;
#5397 = MECHANICAL_DESIGN_GEOMETRIC_PRESENTATION_REPRESENTATION (  '', ( #1550 ), #7714 ) ;
#5398 = CARTESIAN_POINT ( 'NONE',  ( 1.297598846013594320, 2.415000000000000036, 9.978944902847443288 ) ) ;
#5399 = SURFACE_STYLE_FILL_AREA ( #31 ) ;
#5400 = CARTESIAN_POINT ( 'NONE',  ( 3.241933954273654273, 2.415000000000000036, 9.541681780757311770 ) ) ;
#5401 = EDGE_LOOP ( 'NONE', ( #6436, #8044, #8161, #6513 ) ) ;
#5402 = VECTOR ( 'NONE', #688, 1000.000000000000114 ) ;
#5403 = ORIENTED_EDGE ( 'NONE', *, *, #2638, .T. ) ;
#5404 = CARTESIAN_POINT ( 'NONE',  ( -1.908419244701842654, 2.415000000000000036, 7.933569541804780911 ) ) ;
#5405 =( LENGTH_UNIT ( ) NAMED_UNIT ( * ) SI_UNIT ( .MILLI., .METRE. ) );
#5406 = CARTESIAN_POINT ( 'NONE',  ( -2.215961389663566372, 2.415000000000000036, 9.457407436525393507 ) ) ;
#5407 = CARTESIAN_POINT ( 'NONE',  ( -0.6456631607674726547, 2.415000000000000036, 7.255668519447447729 ) ) ;
#5408 = CARTESIAN_POINT ( 'NONE',  ( 0.9690645020793184905, 2.415000000000000036, 7.967219866727628386 ) ) ;
#5409 =( GEOMETRIC_REPRESENTATION_CONTEXT ( 3 ) GLOBAL_UNCERTAINTY_ASSIGNED_CONTEXT ( ( #8855 ) ) GLOBAL_UNIT_ASSIGNED_CONTEXT ( ( #5979, #6705, #5177 ) ) REPRESENTATION_CONTEXT ( 'NONE', 'WORKASPACE' ) );
#5410 =( GEOMETRIC_REPRESENTATION_CONTEXT ( 3 ) GLOBAL_UNCERTAINTY_ASSIGNED_CONTEXT ( ( #7836 ) ) GLOBAL_UNIT_ASSIGNED_CONTEXT ( ( #3644, #5571, #8544 ) ) REPRESENTATION_CONTEXT ( 'NONE', 'WORKASPACE' ) );
#5411 = CARTESIAN_POINT ( 'NONE',  ( 0.1845303762610716325, 2.415000000000000036, 7.452661110685459889 ) ) ;
#5412 = ORIENTED_EDGE ( 'NONE', *, *, #3914, .F. ) ;
#5413 = ADVANCED_FACE ( 'NONE', ( #3967, #3779 ), #7945, .T. ) ;
#5414 = ORIENTED_EDGE ( 'NONE', *, *, #2471, .F. ) ;
#5415 = LINE ( 'NONE', #2724, #166 ) ;
#5416 = EDGE_CURVE ( 'NONE', #5756, #4954, #1776, .T. ) ;
#5417 = SPHERICAL_SURFACE ( 'NONE', #1335, 0.1499999999999999944 ) ;
#5418 = CARTESIAN_POINT ( 'NONE',  ( -1.905000000000000027, 0.0000000000000000000, 1.015999999999999126 ) ) ;
#5419 = CARTESIAN_POINT ( 'NONE',  ( 0.02530690234001435959, 2.415000000000000036, 9.504654416929451344 ) ) ;
#5420 = B_SPLINE_CURVE_WITH_KNOTS ( 'NONE', 3,
 ( #7949, #1021, #6485, #5715, #6397, #3099, #329, #5806, #8512, #2300, #4465 ),
 .UNSPECIFIED., .F., .F.,
 ( 4, 1, 1, 1, 1, 1, 1, 1, 4 ),
 ( 0.0000000000000000000, 0.1929534274174852793, 0.3661855177627211799, 0.5204592545406234727, 0.6557849537556910136, 0.7706233634198158544, 0.8656766797993468154, 0.9426743118502476371, 1.000000000000000000 ),
 .UNSPECIFIED. ) ;
#5421 = SURFACE_STYLE_FILL_AREA ( #8296 ) ;
#5422 = EDGE_CURVE ( 'NONE', #1364, #3191, #4171, .T. ) ;
#5423 = VECTOR ( 'NONE', #3321, 1000.000000000000000 ) ;
#5424 = STYLED_ITEM ( 'NONE', ( #7802 ), #7307 ) ;
#5425 = DIRECTION ( 'NONE',  ( -1.000000000000000000, 0.0000000000000000000, 0.0000000000000000000 ) ) ;
#5426 = ORIENTED_EDGE ( 'NONE', *, *, #1772, .T. ) ;
#5427 = DIRECTION ( 'NONE',  ( -0.0000000000000000000, -1.000000000000000000, 0.0000000000000000000 ) ) ;
#5428 = VERTEX_POINT ( 'NONE', #8858 ) ;
#5429 = CARTESIAN_POINT ( 'NONE',  ( 1.894265050169951392, 2.415000000000000036, 7.982047105907346563 ) ) ;
#5430 = CARTESIAN_POINT ( 'NONE',  ( -1.721981596739296849, 2.415000000000000036, 5.519344023082834561 ) ) ;
#5431 = SURFACE_SIDE_STYLE ('',( #2700 ) ) ;
#5432 = CARTESIAN_POINT ( 'NONE',  ( 1.692342990655089086, 2.415000000000000036, 7.407677823629321701 ) ) ;
#5433 = ORIENTED_EDGE ( 'NONE', *, *, #1270, .F. ) ;
#5434 = CARTESIAN_POINT ( 'NONE',  ( -0.05421287995814376426, 2.415000000000000036, 7.413045977821912658 ) ) ;
#5435 = ORIENTED_EDGE ( 'NONE', *, *, #105, .F. ) ;
#5436 = DIRECTION ( 'NONE',  ( 0.0000000000000000000, 0.0000000000000000000, -1.000000000000000000 ) ) ;
#5437 = VECTOR ( 'NONE', #2458, 1000.000000000000000 ) ;
#5438 = CARTESIAN_POINT ( 'NONE',  ( 1.014982399292913895, 2.415000000000000036, 5.857655076127908700 ) ) ;
#5439 = PRESENTATION_STYLE_ASSIGNMENT (( #4103 ) ) ;
#5440 = DIRECTION ( 'NONE',  ( 1.000000000000000000, -0.0000000000000000000, 0.0000000000000000000 ) ) ;
#5441 = FACE_OUTER_BOUND ( 'NONE', #1280, .T. ) ;
#5442 = CARTESIAN_POINT ( 'NONE',  ( 2.335120838265081655, 2.415000000000000036, 9.540901449177423999 ) ) ;
#5443 = STYLED_ITEM ( 'NONE', ( #1220 ), #328 ) ;
#5444 = ORIENTED_EDGE ( 'NONE', *, *, #2722, .F. ) ;
#5445 = DIRECTION ( 'NONE',  ( 0.7071067811865491270, 0.0000000000000000000, 0.7071067811865459074 ) ) ;
#5446 = SURFACE_SIDE_STYLE ('',( #2718 ) ) ;
#5447 = VECTOR ( 'NONE', #3357, 1000.000000000000000 ) ;
#5448 = COLOUR_RGB ( '',0.2509803921568627416, 0.2509803921568627416, 0.2509803921568627416 ) ;
#5449 = CARTESIAN_POINT ( 'NONE',  ( -0.1879606928767331708, 2.415000000000000036, 9.228532683977244133 ) ) ;
#5450 = CARTESIAN_POINT ( 'NONE',  ( 0.2186254717901301436, 2.415000000000000036, 7.607323954224363582 ) ) ;
#5451 = ORIENTED_EDGE ( 'NONE', *, *, #4875, .T. ) ;
#5452 = COLOUR_RGB ( '',0.8274509803921568096, 0.8392156862745098200, 0.8274509803921568096 ) ;
#5453 = EDGE_LOOP ( 'NONE', ( #7402, #7086, #4683, #8148 ) ) ;
#5454 = CIRCLE ( 'NONE', #6634, 0.4049999999999999711 ) ;
#5455 = CARTESIAN_POINT ( 'NONE',  ( -2.580634209329412343, 2.415000000000000036, 9.817723900337332665 ) ) ;
#5456 = SURFACE_SIDE_STYLE ('',( #626 ) ) ;
#5457 = FACE_OUTER_BOUND ( 'NONE', #922, .T. ) ;
#5458 = MECHANICAL_DESIGN_GEOMETRIC_PRESENTATION_REPRESENTATION (  '', ( #4488 ), #5615 ) ;
#5459 = CARTESIAN_POINT ( 'NONE',  ( 1.422095710947792080, 2.415000000000000036, 9.795173866920585226 ) ) ;
#5460 = EDGE_CURVE ( 'NONE', #5464, #6598, #8510, .T. ) ;
#5461 = UNCERTAINTY_MEASURE_WITH_UNIT (LENGTH_MEASURE( 1.000000000000000082E-05 ), #6551, 'distance_accuracy_value', 'NONE');
#5462 = ORIENTED_EDGE ( 'NONE', *, *, #2995, .T. ) ;
#5463 = CARTESIAN_POINT ( 'NONE',  ( -2.168835911368509173, 2.415000000000000036, 8.007688131548370336 ) ) ;
#5464 = VERTEX_POINT ( 'NONE', #7413 ) ;
#5465 = COLOUR_RGB ( '',0.2509803921568627416, 0.2509803921568627416, 0.2509803921568627416 ) ;
#5466 = EDGE_CURVE ( 'NONE', #1165, #7652, #4087, .T. ) ;
#5467 = CARTESIAN_POINT ( 'NONE',  ( -2.440470526753126368, 2.415000000000000036, 5.261534285394525057 ) ) ;
#5468 = CARTESIAN_POINT ( 'NONE',  ( -0.2613702117229911859, 2.415000000000000036, 9.811569581571113474 ) ) ;
#5469 = EDGE_CURVE ( 'NONE', #5617, #4361, #6849, .T. ) ;
#5470 =( NAMED_UNIT ( * ) SI_UNIT ( $, .STERADIAN. ) SOLID_ANGLE_UNIT ( ) );
#5471 = DIRECTION ( 'NONE',  ( 0.0000000000000000000, 0.0000000000000000000, 1.000000000000000000 ) ) ;
#5472 = CARTESIAN_POINT ( 'NONE',  ( 1.092788946225507596, 2.415000000000000036, 5.703230411138319411 ) ) ;
#5473 = DIRECTION ( 'NONE',  ( 0.0000000000000000000, 1.000000000000000000, 0.0000000000000000000 ) ) ;
#5474 = ADVANCED_FACE ( 'NONE', ( #1988 ), #6751, .T. ) ;
#5475 = CARTESIAN_POINT ( 'NONE',  ( 1.674914088631489939, 2.415000000000000036, 5.821229798215037832 ) ) ;
#5476 = AXIS2_PLACEMENT_3D ( 'NONE', #5226, #1781, #3933 ) ;
#5477 = UNCERTAINTY_MEASURE_WITH_UNIT (LENGTH_MEASURE( 1.000000000000000082E-05 ), #8862, 'distance_accuracy_value', 'NONE');
#5478 = CARTESIAN_POINT ( 'NONE',  ( 1.792274861320164669, 2.415000000000000036, 7.347933274137107951 ) ) ;
#5479 = ORIENTED_EDGE ( 'NONE', *, *, #750, .T. ) ;
#5480 = CARTESIAN_POINT ( 'NONE',  ( 0.01635479787269722776, 2.415000000000000036, 7.524286559302205468 ) ) ;
#5481 = ORIENTED_EDGE ( 'NONE', *, *, #6214, .T. ) ;
#5482 = DIRECTION ( 'NONE',  ( 0.0000000000000000000, 1.000000000000000000, 0.0000000000000000000 ) ) ;
#5483 = CARTESIAN_POINT ( 'NONE',  ( 1.089052559474226856, 2.415000000000000036, 5.896951358085489758 ) ) ;
#5484 = CARTESIAN_POINT ( 'NONE',  ( 0.2138480573558615150, 2.415000000000000036, 9.680986089405250183 ) ) ;
#5485 = B_SPLINE_CURVE_WITH_KNOTS ( 'NONE', 3,
 ( #6400, #8371, #7760, #7661, #7707, #1560, #8463, #2257, #4283, #332, #3612, #7027, #4904, #7805, #1507, #4949, #5765, #2212, #3011 ),
 .UNSPECIFIED., .F., .F.,
 ( 4, 1, 1, 1, 1, 1, 1, 1, 1, 1, 1, 1, 1, 1, 1, 1, 4 ),
 ( 0.0000000000000000000, 0.06105141822555619491, 0.1194938274523530963, 0.1771314512950995235, 0.2338548315337991013, 0.2902613457222547044, 0.3477857788026025299, 0.4063048094843829117, 0.4671066187636542799, 0.5289623100817442136, 0.5911158284428889020, 0.6535744500600660922, 0.7174432863964034235, 0.7835847607132007120, 0.8525719726800670140, 0.9243923690025515061, 1.000000000000000000 ),
 .UNSPECIFIED. ) ;
#5486 = CARTESIAN_POINT ( 'NONE',  ( 7.214999999999999858, 2.265000000000000124, -1.026745683279135589E-15 ) ) ;
#5487 = CARTESIAN_POINT ( 'NONE',  ( 1.208365872271416785, 2.415000000000000036, 6.081998907863742865 ) ) ;
#5488 = CARTESIAN_POINT ( 'NONE',  ( 1.001837165554566367, 2.415000000000000036, 5.538377234112473957 ) ) ;
#5489 = CIRCLE ( 'NONE', #1642, 0.1499999999999999667 ) ;
#5490 = ORIENTED_EDGE ( 'NONE', *, *, #6650, .T. ) ;
#5491 = CARTESIAN_POINT ( 'NONE',  ( 5.285680053071279971, 2.415000000000000036, 2.069425971824442101 ) ) ;
#5492 = DIRECTION ( 'NONE',  ( 0.0000000000000000000, 0.0000000000000000000, -1.000000000000000000 ) ) ;
#5493 = CARTESIAN_POINT ( 'NONE',  ( -0.8047542909743891082, 2.415000000000000036, 5.920437337845284809 ) ) ;
#5494 = DIRECTION ( 'NONE',  ( 0.0000000000000000000, 0.0000000000000000000, 1.000000000000000000 ) ) ;
#5495 = LINE ( 'NONE', #889, #5876 ) ;
#5496 = DIRECTION ( 'NONE',  ( 0.0000000000000000000, 0.0000000000000000000, -1.000000000000000000 ) ) ;
#5497 = CARTESIAN_POINT ( 'NONE',  ( -0.1908171914368159972, 2.415000000000000036, 7.144182596939470109 ) ) ;
#5498 = CARTESIAN_POINT ( 'NONE',  ( 1.161876801835178830, 2.415000000000000036, 9.468976906666597415 ) ) ;
#5499 = ORIENTED_EDGE ( 'NONE', *, *, #1660, .T. ) ;
#5500 = CARTESIAN_POINT ( 'NONE',  ( -2.106842075830857031, 2.415000000000000036, 7.891412001193241821 ) ) ;
#5501 = CARTESIAN_POINT ( 'NONE',  ( -2.190789496671277092, 2.415000000000000036, 9.618570747441422597 ) ) ;
#5502 = CARTESIAN_POINT ( 'NONE',  ( 3.291661088580321248, 2.415000000000000036, 9.901502620268939125 ) ) ;
#5503 = CARTESIAN_POINT ( 'NONE',  ( -1.231072737388851923, 2.415000000000000036, 6.107522279366181195 ) ) ;
#5504 = DIRECTION ( 'NONE',  ( -0.0000000000000000000, 1.000000000000000000, 0.0000000000000000000 ) ) ;
#5505 = CARTESIAN_POINT ( 'NONE',  ( 1.860811524528925176, 2.415000000000000036, 9.720188131548370691 ) ) ;
#5506 = VERTEX_POINT ( 'NONE', #3498 ) ;
#5507 = SURFACE_STYLE_USAGE ( .BOTH. , #4175 ) ;
#5508 = ORIENTED_EDGE ( 'NONE', *, *, #7806, .F. ) ;
#5509 = ADVANCED_FACE ( 'NONE', ( #6243 ), #94, .T. ) ;
#5510 =( NAMED_UNIT ( * ) PLANE_ANGLE_UNIT ( ) SI_UNIT ( $, .RADIAN. ) );
#5511 = PRESENTATION_LAYER_ASSIGNMENT (  '', '', ( #516 ) ) ;
#5512 = CARTESIAN_POINT ( 'NONE',  ( 4.888132034355965772, -2.260000000000000231, 0.8660000000000008802 ) ) ;
#5513 = CARTESIAN_POINT ( 'NONE',  ( -1.505415785849790522, 2.415000000000000036, 5.135154971088903508 ) ) ;
#5514 = CARTESIAN_POINT ( 'NONE',  ( -5.715000000000000746, 0.0000000000000000000, -3.299999999999999822 ) ) ;
#5515 = CARTESIAN_POINT ( 'NONE',  ( -3.810000000000000053, -2.260000000000000231, 0.2121320343559643939 ) ) ;
#5516 =( NAMED_UNIT ( * ) SI_UNIT ( $, .STERADIAN. ) SOLID_ANGLE_UNIT ( ) );
#5517 = VERTEX_POINT ( 'NONE', #2520 ) ;
#5518 = EDGE_CURVE ( 'NONE', #4069, #1535, #5166, .T. ) ;
#5519 = EDGE_CURVE ( 'NONE', #5003, #4484, #1053, .T. ) ;
#5520 = CARTESIAN_POINT ( 'NONE',  ( 0.02372943587349503336, 2.415000000000000036, 7.545727314398058994 ) ) ;
#5521 = ORIENTED_EDGE ( 'NONE', *, *, #3494, .T. ) ;
#5522 = VECTOR ( 'NONE', #6096, 1000.000000000000000 ) ;
#5523 = SPHERICAL_SURFACE ( 'NONE', #3331, 0.1499999999999999944 ) ;
#5524 = EDGE_CURVE ( 'NONE', #2531, #2909, #6610, .T. ) ;
#5525 = DIRECTION ( 'NONE',  ( -1.000000000000000000, 0.0000000000000000000, 0.0000000000000000000 ) ) ;
#5526 = CARTESIAN_POINT ( 'NONE',  ( 1.038354833055875170, 2.415000000000000036, 5.878548747896839899 ) ) ;
#5527 = CARTESIAN_POINT ( 'NONE',  ( 3.134569118110460018, 2.415000000000000036, 9.400785067431762343 ) ) ;
#5528 = SURFACE_STYLE_FILL_AREA ( #2827 ) ;
#5529 = AXIS2_PLACEMENT_3D ( 'NONE', #8540, #2379, #8499 ) ;
#5530 =( NAMED_UNIT ( * ) SI_UNIT ( $, .STERADIAN. ) SOLID_ANGLE_UNIT ( ) );
#5531 = CARTESIAN_POINT ( 'NONE',  ( -2.186635944789638408, 2.415000000000000036, 7.315692195688019872 ) ) ;
#5532 = EDGE_CURVE ( 'NONE', #3222, #4702, #8284, .T. ) ;
#5533 = ORIENTED_EDGE ( 'NONE', *, *, #8880, .F. ) ;
#5534 = PRESENTATION_LAYER_ASSIGNMENT (  '', '', ( #2106 ) ) ;
#5535 =( NAMED_UNIT ( * ) SI_UNIT ( $, .STERADIAN. ) SOLID_ANGLE_UNIT ( ) );
#5536 = EDGE_CURVE ( 'NONE', #5506, #28, #6122, .T. ) ;
#5537 = PRESENTATION_LAYER_ASSIGNMENT (  '', '', ( #2241 ) ) ;
#5538 = PLANE ( 'NONE',  #8374 ) ;
#5539 = CARTESIAN_POINT ( 'NONE',  ( -2.230557418600390029, 2.415000000000000036, 9.424482526133365567 ) ) ;
#5540 = CARTESIAN_POINT ( 'NONE',  ( -0.7840246891330990842, 2.415000000000000036, 5.896050909474296553 ) ) ;
#5541 = CARTESIAN_POINT ( 'NONE',  ( -0.7304081148999347350, 2.415000000000000036, 1.967949448218331510 ) ) ;
#5542 = CARTESIAN_POINT ( 'NONE',  ( -1.584966309841545629, 2.415000000000000036, 9.716851845210898730 ) ) ;
#5543 = CARTESIAN_POINT ( 'NONE',  ( 1.064733427647429176, 2.415000000000000036, 7.981722072849663618 ) ) ;
#5544 = AXIS2_PLACEMENT_3D ( 'NONE', #5249, #8020, #4590 ) ;
#5545 = CARTESIAN_POINT ( 'NONE',  ( 2.809529473246874076, 2.415000000000000036, 8.161534285394525412 ) ) ;
#5546 = CARTESIAN_POINT ( 'NONE',  ( 1.117445374723771589, 2.415000000000000036, 9.600657730839943227 ) ) ;
#5547 = VECTOR ( 'NONE', #8057, 1000.000000000000000 ) ;
#5548 = CARTESIAN_POINT ( 'NONE',  ( -0.3762502218851951907, 2.415000000000000036, 5.562680138334415325 ) ) ;
#5549 = ORIENTED_EDGE ( 'NONE', *, *, #119, .F. ) ;
#5550 = B_SPLINE_CURVE_WITH_KNOTS ( 'NONE', 3,
 ( #4317, #7057, #917, #8504, #7795, #5754, #7651, #6302, #5075, #7846, #5613, #1681, #4407, #7146, #6252, #4225, #4940, #1548, #4271 ),
 .UNSPECIFIED., .F., .F.,
 ( 4, 1, 1, 1, 1, 1, 1, 1, 1, 1, 1, 1, 1, 1, 1, 1, 4 ),
 ( 0.0000000000000000000, 0.06562844767881709229, 0.1286674343563473377, 0.1897981322051006392, 0.2497184972569521655, 0.3092025872891548954, 0.3688233562041721703, 0.4289696945220194402, 0.4907098448874487873, 0.5520473154382188330, 0.6131602573594476802, 0.6740359587037701994, 0.7357174875687386706, 0.7982956988656487729, 0.8629467178666853089, 0.9301654647628658790, 1.000000000000000000 ),
 .UNSPECIFIED. ) ;
#5551 = CARTESIAN_POINT ( 'NONE',  ( -1.119944089088205086, 2.415000000000000036, 5.249813836206313589 ) ) ;
#5552 = CARTESIAN_POINT ( 'NONE',  ( -5.919999999999999929, 3.735172737399425174E-17, -3.500000000000000000 ) ) ;
#5553 = CARTESIAN_POINT ( 'NONE',  ( -3.720330810218308137, 2.415000000000000036, 9.903736548030060760 ) ) ;
#5554 = CARTESIAN_POINT ( 'NONE',  ( -1.699999999999999956, 0.0000000000000000000, -3.500000000000000000 ) ) ;
#5555 = VECTOR ( 'NONE', #1739, 1000.000000000000000 ) ;
#5556 = VERTEX_POINT ( 'NONE', #7933 ) ;
#5557 = UNCERTAINTY_MEASURE_WITH_UNIT (LENGTH_MEASURE( 1.000000000000000082E-05 ), #8128, 'distance_accuracy_value', 'NONE');
#5558 = CARTESIAN_POINT ( 'NONE',  ( 1.251837165554566367, 2.415000000000000036, 5.902559926420166470 ) ) ;
#5559 = ORIENTED_EDGE ( 'NONE', *, *, #3118, .F. ) ;
#5560 = STYLED_ITEM ( 'NONE', ( #8853 ), #8259 ) ;
#5561 = EDGE_LOOP ( 'NONE', ( #6124, #6791, #562, #2663 ) ) ;
#5562 = CARTESIAN_POINT ( 'NONE',  ( 1.745426909144310201, 2.415000000000000036, 7.876678516163755361 ) ) ;
#5563 = CARTESIAN_POINT ( 'NONE',  ( -2.472521808804407417, 2.415000000000000036, 7.420548708471447874 ) ) ;
#5564 = VECTOR ( 'NONE', #2326, 1000.000000000000000 ) ;
#5565 = B_SPLINE_CURVE_WITH_KNOTS ( 'NONE', 3,
 ( #5366, #3316, #831, #7666, #1511, #8150, #2562, #7359, #6897, #7030, #5678, #5045, #4474, #248, #2260, #7111, #880, #337, #5770 ),
 .UNSPECIFIED., .F., .F.,
 ( 4, 1, 1, 1, 1, 1, 1, 1, 1, 1, 1, 1, 1, 1, 1, 1, 4 ),
 ( 0.0000000000000000000, 0.05992737971430910082, 0.1176471829219036536, 0.1748915384722403987, 0.2317526736210658578, 0.2894150556015470110, 0.3478421937902033689, 0.4083444758135017505, 0.4714280592384997304, 0.5352503728833918339, 0.5983050676735127693, 0.6613807736920691571, 0.7254026094797962898, 0.7909507845074216226, 0.8578867070698701358, 0.9274223611256533495, 1.000000000000000000 ),
 .UNSPECIFIED. ) ;
#5566 = PRESENTATION_LAYER_ASSIGNMENT (  '', '', ( #1292 ) ) ;
#5567 = CARTESIAN_POINT ( 'NONE',  ( -7.365000000000000213, 2.265000000000000124, 8.673617379884035472E-16 ) ) ;
#5568 = CARTESIAN_POINT ( 'NONE',  ( -0.03623176782493451459, 2.415000000000000036, 5.082237639742589685 ) ) ;
#5569 = UNCERTAINTY_MEASURE_WITH_UNIT (LENGTH_MEASURE( 1.000000000000000082E-05 ), #75, 'distance_accuracy_value', 'NONE');
#5570 = EDGE_CURVE ( 'NONE', #8637, #2489, #2031, .T. ) ;
#5571 =( NAMED_UNIT ( * ) PLANE_ANGLE_UNIT ( ) SI_UNIT ( $, .RADIAN. ) );
#5572 = ORIENTED_EDGE ( 'NONE', *, *, #6591, .T. ) ;
#5573 = DIRECTION ( 'NONE',  ( 1.000000000000000000, 0.0000000000000000000, 0.0000000000000000000 ) ) ;
#5574 = ORIENTED_EDGE ( 'NONE', *, *, #2244, .F. ) ;
#5575 = VERTEX_POINT ( 'NONE', #7278 ) ;
#5576 = STYLED_ITEM ( 'NONE', ( #5171 ), #8730 ) ;
#5577 = PRESENTATION_LAYER_ASSIGNMENT (  '', '', ( #7022 ) ) ;
#5578 = DIRECTION ( 'NONE',  ( 0.0000000000000000000, -1.000000000000000000, 0.0000000000000000000 ) ) ;
#5579 = SURFACE_STYLE_FILL_AREA ( #4102 ) ;
#5580 = CARTESIAN_POINT ( 'NONE',  ( 0.02642207410827228375, 2.415000000000000036, 9.942669623941192469 ) ) ;
#5581 = SURFACE_STYLE_FILL_AREA ( #5672 ) ;
#5582 = DIRECTION ( 'NONE',  ( 1.000000000000000000, 0.0000000000000000000, 0.0000000000000000000 ) ) ;
#5583 = DIRECTION ( 'NONE',  ( -0.7071067811865532349, 0.0000000000000000000, -0.7071067811865416886 ) ) ;
#5584 = CARTESIAN_POINT ( 'NONE',  ( 0.9120935758109769420, 2.415000000000000036, 7.877680118727859337 ) ) ;
#5585 = EDGE_CURVE ( 'NONE', #4127, #7691, #1138, .T. ) ;
#5586 = DIRECTION ( 'NONE',  ( -1.000000000000000000, 0.0000000000000000000, 0.0000000000000000000 ) ) ;
#5587 = ORIENTED_EDGE ( 'NONE', *, *, #8250, .T. ) ;
#5588 = SURFACE_STYLE_USAGE ( .BOTH. , #2178 ) ;
#5589 = CARTESIAN_POINT ( 'NONE',  ( 1.566252424706386259, 2.415000000000000036, 7.891349451600861542 ) ) ;
#5590 = EDGE_CURVE ( 'NONE', #6382, #6535, #6102, .T. ) ;
#5591 = CARTESIAN_POINT ( 'NONE',  ( 0.8532638449200412589, 2.415000000000000036, 8.115174761471580567 ) ) ;
#5592 = CARTESIAN_POINT ( 'NONE',  ( -0.2608472728965931520, 2.415000000000000036, 8.006737221932775483 ) ) ;
#5593 = CARTESIAN_POINT ( 'NONE',  ( 1.842676580418193710, 2.415000000000000036, 5.481153576228858348 ) ) ;
#5594 = ORIENTED_EDGE ( 'NONE', *, *, #507, .F. ) ;
#5595 = CARTESIAN_POINT ( 'NONE',  ( 5.285680053071279971, 2.415000000000000036, 2.069425971824442101 ) ) ;
#5596 = CARTESIAN_POINT ( 'NONE',  ( 1.210700291879690305, 2.415000000000000036, 9.262374164617130035 ) ) ;
#5597 = VECTOR ( 'NONE', #2877, 1000.000000000000000 ) ;
#5598 = CARTESIAN_POINT ( 'NONE',  ( -2.394968466763590875, 2.415000000000000036, 7.622003464686081031 ) ) ;
#5599 = CARTESIAN_POINT ( 'NONE',  ( -1.376782047361708949, 2.415000000000000036, 6.089586074795506399 ) ) ;
#5600 = FILL_AREA_STYLE_COLOUR ( '', #848 ) ;
#5601 = ORIENTED_EDGE ( 'NONE', *, *, #5631, .T. ) ;
#5602 = COLOUR_RGB ( '',0.2509803921568627416, 0.2509803921568627416, 0.2509803921568627416 ) ;
#5603 = DIRECTION ( 'NONE',  ( 0.0000000000000000000, 1.000000000000000000, 0.0000000000000000000 ) ) ;
#5604 = ORIENTED_EDGE ( 'NONE', *, *, #7172, .F. ) ;
#5605 = ORIENTED_EDGE ( 'NONE', *, *, #3181, .F. ) ;
#5606 = CARTESIAN_POINT ( 'NONE',  ( 1.791964374092469781, 2.415000000000000036, 7.960512792859860909 ) ) ;
#5607 = AXIS2_PLACEMENT_3D ( 'NONE', #2449, #4529, #7074 ) ;
#5608 = CARTESIAN_POINT ( 'NONE',  ( -0.2005630370146004593, 2.415000000000000036, 9.829649361861703127 ) ) ;
#5609 = VECTOR ( 'NONE', #1992, 1000.000000000000000 ) ;
#5610 = CARTESIAN_POINT ( 'NONE',  ( 1.860811524528925176, 2.415000000000000036, 9.241021464881704617 ) ) ;
#5611 = CARTESIAN_POINT ( 'NONE',  ( -3.780214116496718013, 2.415000000000000036, 9.241021464881704617 ) ) ;
#5612 = SURFACE_STYLE_FILL_AREA ( #2863 ) ;
#5613 = CARTESIAN_POINT ( 'NONE',  ( -2.735559095600720081, 2.415000000000000036, 9.468976906666597415 ) ) ;
#5614 = ORIENTED_EDGE ( 'NONE', *, *, #3174, .T. ) ;
#5615 =( GEOMETRIC_REPRESENTATION_CONTEXT ( 3 ) GLOBAL_UNCERTAINTY_ASSIGNED_CONTEXT ( ( #1455 ) ) GLOBAL_UNIT_ASSIGNED_CONTEXT ( ( #3116, #2452, #5193 ) ) REPRESENTATION_CONTEXT ( 'NONE', 'WORKASPACE' ) );
#5616 = SPHERICAL_SURFACE ( 'NONE', #6999, 0.1499999999999999944 ) ;
#5617 = VERTEX_POINT ( 'NONE', #2272 ) ;
#5618 = ORIENTED_EDGE ( 'NONE', *, *, #261, .T. ) ;
#5619 = DIRECTION ( 'NONE',  ( 1.000000000000000000, 0.0000000000000000000, 0.0000000000000000000 ) ) ;
#5620 = SURFACE_SIDE_STYLE ('',( #5579 ) ) ;
#5621 = STYLED_ITEM ( 'NONE', ( #5439 ), #2476 ) ;
#5622 = CARTESIAN_POINT ( 'NONE',  ( -1.500000000000000000, 0.0000000000000000000, -3.299999999999999822 ) ) ;
#5623 = DIRECTION ( 'NONE',  ( 1.000000000000000000, 0.0000000000000000000, 0.0000000000000000000 ) ) ;
#5624 =( NAMED_UNIT ( * ) PLANE_ANGLE_UNIT ( ) SI_UNIT ( $, .RADIAN. ) );
#5625 = CARTESIAN_POINT ( 'NONE',  ( -2.403035764425028642, 2.415000000000000036, 9.486771425588120366 ) ) ;
#5626 = CARTESIAN_POINT ( 'NONE',  ( -1.395598731881331656, 2.415000000000000036, 9.523072746932985666 ) ) ;
#5627 = VERTEX_POINT ( 'NONE', #7775 ) ;
#5628 = COLOUR_RGB ( '',0.2509803921568627416, 0.2509803921568627416, 0.2509803921568627416 ) ;
#5629 = DIRECTION ( 'NONE',  ( 1.000000000000000000, 0.0000000000000000000, 0.0000000000000000000 ) ) ;
#5630 = CARTESIAN_POINT ( 'NONE',  ( 0.9949214826944237089, 2.415000000000000036, 7.603233280137181360 ) ) ;
#5631 = EDGE_CURVE ( 'NONE', #4976, #7703, #8619, .T. ) ;
#5632 = CARTESIAN_POINT ( 'NONE',  ( -0.7162890962977437326, 2.415000000000000036, 5.773034141762310334 ) ) ;
#5633 =( NAMED_UNIT ( * ) SI_UNIT ( $, .STERADIAN. ) SOLID_ANGLE_UNIT ( ) );
#5634 = CARTESIAN_POINT ( 'NONE',  ( 1.864330758813893318, 2.415000000000000036, 9.778465946001913878 ) ) ;
#5635 = CARTESIAN_POINT ( 'NONE',  ( 0.7381049091840991005, 2.415000000000000036, 7.943063535878952308 ) ) ;
#5636 = CARTESIAN_POINT ( 'NONE',  ( 5.715000000000000746, 0.0000000000000000000, -3.299999999999999822 ) ) ;
#5637 = AXIS2_PLACEMENT_3D ( 'NONE', #4783, #1518, #7527 ) ;
#5638 = DIRECTION ( 'NONE',  ( 1.000000000000000000, 0.0000000000000000000, 0.0000000000000000000 ) ) ;
#5639 = CARTESIAN_POINT ( 'NONE',  ( -2.160422449830047942, 2.415000000000000036, 7.582608003343242586 ) ) ;
#5640 = EDGE_CURVE ( 'NONE', #6114, #8455, #4299, .T. ) ;
#5641 = ADVANCED_FACE ( 'NONE', ( #8435 ), #7917, .T. ) ;
#5642 = CARTESIAN_POINT ( 'NONE',  ( -2.831496167778767337, 2.415000000000000036, 7.610252234112473424 ) ) ;
#5643 = ORIENTED_EDGE ( 'NONE', *, *, #6969, .T. ) ;
#5644 = CARTESIAN_POINT ( 'NONE',  ( -0.8777700694613324028, 2.415000000000000036, 5.483258388642756387 ) ) ;
#5645 = CIRCLE ( 'NONE', #7516, 0.2999999999999999334 ) ;
#5646 = CARTESIAN_POINT ( 'NONE',  ( 1.701433435582122788, 2.415000000000000036, 9.684234152113978311 ) ) ;
#5647 = CARTESIAN_POINT ( 'NONE',  ( -2.566131049071171510, 2.415000000000000036, 9.817724997087454497 ) ) ;
#5648 = EDGE_CURVE ( 'NONE', #8064, #8651, #4159, .T. ) ;
#5649 = FILL_AREA_STYLE_COLOUR ( '', #8509 ) ;
#5650 = CARTESIAN_POINT ( 'NONE',  ( -1.821294890258703614, 2.415000000000000036, 9.395342422993703480 ) ) ;
#5651 = B_SPLINE_CURVE_WITH_KNOTS ( 'NONE', 3,
 ( #8234, #697, #4777, #1467, #7523, #6944, #1383, #6850, #6896, #34, #2753, #8324, #2129, #4857, #3515, #118, #2832, #8373, #7433, #8596, #4286, #4334, #7157, #2349, #7070, #3700, #7664 ),
 .UNSPECIFIED., .F., .F.,
 ( 4, 1, 1, 1, 1, 1, 1, 1, 1, 1, 1, 1, 1, 1, 1, 1, 1, 1, 1, 1, 1, 1, 1, 1, 4 ),
 ( 0.0000000000000000000, 0.04466401750806816423, 0.08851316645689798202, 0.1312029579290880377, 0.1728935297252445213, 0.2142238251360528145, 0.2549810222209828448, 0.2955100522505705873, 0.3361044037298013820, 0.3763066990429658754, 0.4165024032756198258, 0.4564873555401472438, 0.4966500881453732030, 0.5373436720997020188, 0.5782335586659053117, 0.6200383688086957834, 0.6627364348326945098, 0.7054000129700078725, 0.7476531148416818429, 0.7894297470288954566, 0.8312648273061742366, 0.8728231409263219609, 0.9148688017972556041, 0.9570263422230129713, 1.000000000000000000 ),
 .UNSPECIFIED. ) ;
#5652 = CARTESIAN_POINT ( 'NONE',  ( 1.977984912437577236, 2.415000000000000036, 5.261707961387857679 ) ) ;
#5653 = ORIENTED_EDGE ( 'NONE', *, *, #3949, .F. ) ;
#5654 = UNCERTAINTY_MEASURE_WITH_UNIT (LENGTH_MEASURE( 1.000000000000000082E-05 ), #1798, 'distance_accuracy_value', 'NONE');
#5655 = LINE ( 'NONE', #5558, #2248 ) ;
#5656 = ORIENTED_EDGE ( 'NONE', *, *, #3449, .F. ) ;
#5657 = VERTEX_POINT ( 'NONE', #7219 ) ;
#5658 = CARTESIAN_POINT ( 'NONE',  ( -2.310000000000000053, 4.959819536546781216E-17, -3.500000000000000000 ) ) ;
#5659 = EDGE_CURVE ( 'NONE', #2768, #1291, #2546, .T. ) ;
#5660 = DIRECTION ( 'NONE',  ( -0.7071067811865483499, 2.891205793294677439E-15, -0.7071067811865466846 ) ) ;
#5661 = CARTESIAN_POINT ( 'NONE',  ( -2.178851937009534723, 2.415000000000000036, 7.315380439240678712 ) ) ;
#5662 = DIRECTION ( 'NONE',  ( -0.7071067811865476838, 0.0000000000000000000, 0.7071067811865474617 ) ) ;
#5663 = UNCERTAINTY_MEASURE_WITH_UNIT (LENGTH_MEASURE( 1.000000000000000082E-05 ), #7948, 'distance_accuracy_value', 'NONE');
#5664 = FILL_AREA_STYLE ('',( #7511 ) ) ;
#5665 = ORIENTED_EDGE ( 'NONE', *, *, #2290, .T. ) ;
#5666 = VERTEX_POINT ( 'NONE', #5781 ) ;
#5667 = ORIENTED_EDGE ( 'NONE', *, *, #6872, .F. ) ;
#5668 = PRESENTATION_STYLE_ASSIGNMENT (( #5251 ) ) ;
#5669 = VECTOR ( 'NONE', #2902, 999.9999999999998863 ) ;
#5670 = CYLINDRICAL_SURFACE ( 'NONE', #7056, 0.1500000000000008271 ) ;
#5671 = DIRECTION ( 'NONE',  ( 1.000000000000000000, 0.0000000000000000000, 0.0000000000000000000 ) ) ;
#5672 = FILL_AREA_STYLE ('',( #2913 ) ) ;
#5673 = CARTESIAN_POINT ( 'NONE',  ( 3.150375339637837335, 2.415000000000000036, 9.409229174955935804 ) ) ;
#5674 = CARTESIAN_POINT ( 'NONE',  ( -4.888132034355963995, -2.410000000000000142, 1.015999999999999348 ) ) ;
#5675 = CARTESIAN_POINT ( 'NONE',  ( -2.097054300313433206, 2.415000000000000036, 7.905349428779049781 ) ) ;
#5676 = SURFACE_STYLE_USAGE ( .BOTH. , #3615 ) ;
#5677 = AXIS2_PLACEMENT_3D ( 'NONE', #1030, #7911, #4011 ) ;
#5678 = CARTESIAN_POINT ( 'NONE',  ( -1.658356195008282130, 2.415000000000000036, 9.938939040923237656 ) ) ;
#5679 = ORIENTED_EDGE ( 'NONE', *, *, #497, .T. ) ;
#5680 = CARTESIAN_POINT ( 'NONE',  ( 0.9442631938717477302, 2.415000000000000036, 7.611380636380056686 ) ) ;
#5681 = DIRECTION ( 'NONE',  ( 1.423070940095821945E-16, -0.0000000000000000000, 1.000000000000000000 ) ) ;
#5682 = PRESENTATION_LAYER_ASSIGNMENT (  '', '', ( #3254 ) ) ;
#5683 = SURFACE_STYLE_FILL_AREA ( #38 ) ;
#5684 =( NAMED_UNIT ( * ) SI_UNIT ( $, .STERADIAN. ) SOLID_ANGLE_UNIT ( ) );
#5685 = CARTESIAN_POINT ( 'NONE',  ( 1.001837165554566367, 2.415000000000000036, 5.538377234112473957 ) ) ;
#5686 = CARTESIAN_POINT ( 'NONE',  ( 0.8700386375215408696, 2.415000000000000036, 8.124053312803820148 ) ) ;
#5687 = LINE ( 'NONE', #2270, #3841 ) ;
#5688 = CARTESIAN_POINT ( 'NONE',  ( 1.120405239526379493, 2.415000000000000036, 9.563155129751905292 ) ) ;
#5689 = AXIS2_PLACEMENT_3D ( 'NONE', #1908, #2576, #7370 ) ;
#5690 = ADVANCED_FACE ( 'NONE', ( #4435, #6548 ), #3074, .T. ) ;
#5691 =( LENGTH_UNIT ( ) NAMED_UNIT ( * ) SI_UNIT ( .MILLI., .METRE. ) );
#5692 = ORIENTED_EDGE ( 'NONE', *, *, #5585, .T. ) ;
#5693 = DIRECTION ( 'NONE',  ( 1.000000000000000000, 0.0000000000000000000, 0.0000000000000000000 ) ) ;
#5694 = CARTESIAN_POINT ( 'NONE',  ( 1.580998289087310882, 2.415000000000000036, 9.903190931365976724 ) ) ;
#5695 = SURFACE_STYLE_USAGE ( .BOTH. , #8397 ) ;
#5696 = CARTESIAN_POINT ( 'NONE',  ( 1.565939729657130686, 2.415000000000000036, 7.900716977702216148 ) ) ;
#5697 =( GEOMETRIC_REPRESENTATION_CONTEXT ( 3 ) GLOBAL_UNCERTAINTY_ASSIGNED_CONTEXT ( ( #6921 ) ) GLOBAL_UNIT_ASSIGNED_CONTEXT ( ( #3888, #8082, #7201 ) ) REPRESENTATION_CONTEXT ( 'NONE', 'WORKASPACE' ) );
#5698 = CARTESIAN_POINT ( 'NONE',  ( 2.847991011708412845, 2.415000000000000036, 9.702559926420168068 ) ) ;
#5699 = VECTOR ( 'NONE', #7824, 1000.000000000000000 ) ;
#5700 = CARTESIAN_POINT ( 'NONE',  ( 1.863100976203803327, 2.415000000000000036, 5.277820107354072476 ) ) ;
#5701 = ORIENTED_EDGE ( 'NONE', *, *, #7873, .T. ) ;
#5702 = EDGE_CURVE ( 'NONE', #3497, #6964, #5709, .T. ) ;
#5703 = CARTESIAN_POINT ( 'NONE',  ( 0.2133095975854844006, 2.415000000000000036, 2.458586470794503764 ) ) ;
#5704 = ORIENTED_EDGE ( 'NONE', *, *, #8152, .T. ) ;
#5705 =( GEOMETRIC_REPRESENTATION_CONTEXT ( 3 ) GLOBAL_UNCERTAINTY_ASSIGNED_CONTEXT ( ( #2527 ) ) GLOBAL_UNIT_ASSIGNED_CONTEXT ( ( #7700, #2249, #4990 ) ) REPRESENTATION_CONTEXT ( 'NONE', 'WORKASPACE' ) );
#5706 = DIRECTION ( 'NONE',  ( -1.000000000000000000, 0.0000000000000000000, 0.0000000000000000000 ) ) ;
#5707 = PLANE ( 'NONE',  #5529 ) ;
#5708 = EDGE_CURVE ( 'NONE', #6598, #1112, #4915, .T. ) ;
#5709 = CIRCLE ( 'NONE', #1856, 0.4049999999999999711 ) ;
#5710 = VECTOR ( 'NONE', #2484, 1000.000000000000000 ) ;
#5711 = EDGE_LOOP ( 'NONE', ( #3541, #7100, #224, #5178 ) ) ;
#5712 = ORIENTED_EDGE ( 'NONE', *, *, #7989, .T. ) ;
#5713 = ORIENTED_EDGE ( 'NONE', *, *, #485, .T. ) ;
#5714 = CARTESIAN_POINT ( 'NONE',  ( -3.527008988291589819, 2.415000000000000036, 9.984611208471447341 ) ) ;
#5715 = CARTESIAN_POINT ( 'NONE',  ( -2.287421630934974193, 2.415000000000000036, 7.724573974214528072 ) ) ;
#5716 = DIRECTION ( 'NONE',  ( 0.0000000000000000000, 1.000000000000000000, 0.0000000000000000000 ) ) ;
#5717 = CARTESIAN_POINT ( 'NONE',  ( 5.919999999999999929, 0.0000000000000000000, -3.299999999999999822 ) ) ;
#5718 = CARTESIAN_POINT ( 'NONE',  ( -1.049444885727485399, 2.415000000000000036, 9.689739413599653517 ) ) ;
#5719 = FILL_AREA_STYLE_COLOUR ( '', #6584 ) ;
#5720 = B_SPLINE_CURVE_WITH_KNOTS ( 'NONE', 3,
 ( #5783, #1845, #4028, #4735, #659, #3223, #5241, #4623, #5959, #4581, #1965, #2674, #7393, #5286, #1303, #3905, #7312, #2511, #1252 ),
 .UNSPECIFIED., .F., .F.,
 ( 4, 1, 1, 1, 1, 1, 1, 1, 1, 1, 1, 1, 1, 1, 1, 1, 4 ),
 ( 0.0000000000000000000, 0.08026411360750683455, 0.1584807277536660342, 0.2362171838365447196, 0.3147238196688085798, 0.3928458216771421596, 0.4686444438773679777, 0.5426992484824938456, 0.6172920148740468349, 0.6559515662731425500, 0.6970397339065309561, 0.7406598521388926271, 0.7867731540855944505, 0.8355683813850602881, 0.8872421605004023881, 0.9418938819013507047, 1.000000000000000000 ),
 .UNSPECIFIED. ) ;
#5721 = PRESENTATION_STYLE_ASSIGNMENT (( #4951 ) ) ;
#5722 = ORIENTED_EDGE ( 'NONE', *, *, #1595, .F. ) ;
#5723 = AXIS2_PLACEMENT_3D ( 'NONE', #1193, #6565, #4547 ) ;
#5724 = CARTESIAN_POINT ( 'NONE',  ( -2.049444885727486287, 2.415000000000000036, 9.859010246932985666 ) ) ;
#5725 = VERTEX_POINT ( 'NONE', #876 ) ;
#5726 = VECTOR ( 'NONE', #7719, 1000.000000000000000 ) ;
#5727 = DIRECTION ( 'NONE',  ( -1.000000000000000000, 0.0000000000000000000, 0.0000000000000000000 ) ) ;
#5728 = CARTESIAN_POINT ( 'NONE',  ( 1.131449967611148466, 2.415000000000000036, 9.693125760980006334 ) ) ;
#5729 = CARTESIAN_POINT ( 'NONE',  ( 0.4697858835032844849, 2.415000000000000036, 6.082047105907345319 ) ) ;
#5730 = CARTESIAN_POINT ( 'NONE',  ( 1.932410079729262486, 2.415000000000000036, 9.915305010904564398 ) ) ;
#5731 = CARTESIAN_POINT ( 'NONE',  ( 2.731867965644037444, -2.410000000000000142, 0.8660000000000008802 ) ) ;
#5732 = CARTESIAN_POINT ( 'NONE',  ( -0.01373026486036054046, 2.415000000000000036, 7.856523618690356869 ) ) ;
#5733 = CARTESIAN_POINT ( 'NONE',  ( -0.1264355704732598173, 2.415000000000000036, 5.265436392414666322 ) ) ;
#5734 = ORIENTED_EDGE ( 'NONE', *, *, #3000, .T. ) ;
#5735 = FILL_AREA_STYLE ('',( #3805 ) ) ;
#5736 = DIRECTION ( 'NONE',  ( 1.000000000000000000, 0.0000000000000000000, 0.0000000000000000000 ) ) ;
#5737 = CARTESIAN_POINT ( 'NONE',  ( 1.765859601452002492, 2.415000000000000036, 8.143705759753499862 ) ) ;
#5738 = EDGE_CURVE ( 'NONE', #4884, #7276, #6983, .T. ) ;
#5739 =( LENGTH_UNIT ( ) NAMED_UNIT ( * ) SI_UNIT ( .MILLI., .METRE. ) );
#5740 = FACE_OUTER_BOUND ( 'NONE', #742, .T. ) ;
#5741 =( NAMED_UNIT ( * ) SI_UNIT ( $, .STERADIAN. ) SOLID_ANGLE_UNIT ( ) );
#5742 = ORIENTED_EDGE ( 'NONE', *, *, #1172, .T. ) ;
#5743 = UNCERTAINTY_MEASURE_WITH_UNIT (LENGTH_MEASURE( 1.000000000000000082E-05 ), #5051, 'distance_accuracy_value', 'NONE');
#5744 = FACE_OUTER_BOUND ( 'NONE', #712, .T. ) ;
#5745 = VERTEX_POINT ( 'NONE', #7662 ) ;
#5746 =( GEOMETRIC_REPRESENTATION_CONTEXT ( 3 ) GLOBAL_UNCERTAINTY_ASSIGNED_CONTEXT ( ( #6837 ) ) GLOBAL_UNIT_ASSIGNED_CONTEXT ( ( #4439, #3034, #1043 ) ) REPRESENTATION_CONTEXT ( 'NONE', 'WORKASPACE' ) );
#5747 = CARTESIAN_POINT ( 'NONE',  ( -2.240350334445432523, 2.415000000000000036, 7.765300311035550962 ) ) ;
#5748 = B_SPLINE_CURVE_WITH_KNOTS ( 'NONE', 3,
 ( #1473, #4205, #2758, #790, #4867, #2091, #4958, #5542, #2137, #2924, #6953 ),
 .UNSPECIFIED., .F., .F.,
 ( 4, 1, 1, 1, 1, 1, 1, 1, 4 ),
 ( 0.0000000000000000000, 0.1569877851680993586, 0.3013576874525785709, 0.4334352554214551123, 0.5565775237199535042, 0.6711157701913560425, 0.7817546857136895566, 0.8900606716162624554, 1.000000000000000000 ),
 .UNSPECIFIED. ) ;
#5749 = PRESENTATION_STYLE_ASSIGNMENT (( #2950 ) ) ;
#5750 = CARTESIAN_POINT ( 'NONE',  ( -2.440470526753126368, 2.415000000000000036, 5.902559926420166470 ) ) ;
#5751 = EDGE_CURVE ( 'NONE', #3370, #7643, #4559, .T. ) ;
#5752 = FILL_AREA_STYLE_COLOUR ( '', #3412 ) ;
#5753 = UNCERTAINTY_MEASURE_WITH_UNIT (LENGTH_MEASURE( 1.000000000000000082E-05 ), #1991, 'distance_accuracy_value', 'NONE');
#5754 = CARTESIAN_POINT ( 'NONE',  ( -2.655460117338535042, 2.415000000000000036, 9.409446246841854489 ) ) ;
#5755 = ORIENTED_EDGE ( 'NONE', *, *, #4107, .F. ) ;
#5756 = VERTEX_POINT ( 'NONE', #2871 ) ;
#5757 = ADVANCED_FACE ( 'NONE', ( #829 ), #244, .T. ) ;
#5758 = VERTEX_POINT ( 'NONE', #5718 ) ;
#5759 = MECHANICAL_DESIGN_GEOMETRIC_PRESENTATION_REPRESENTATION (  '', ( #3606 ), #601 ) ;
#5760 = PLANE ( 'NONE',  #1897 ) ;
#5761 = EDGE_CURVE ( 'NONE', #6205, #3096, #8517, .T. ) ;
#5762 = CARTESIAN_POINT ( 'NONE',  ( -3.190470526753126368, 2.415000000000000036, 8.161534285394525412 ) ) ;
#5763 = CARTESIAN_POINT ( 'NONE',  ( 2.919292168519763919, 2.415000000000000036, 9.243216062119344656 ) ) ;
#5764 =( LENGTH_UNIT ( ) NAMED_UNIT ( * ) SI_UNIT ( .MILLI., .METRE. ) );
#5765 = CARTESIAN_POINT ( 'NONE',  ( -1.830434704395329959, 2.415000000000000036, 9.228734478395487884 ) ) ;
#5766 =( LENGTH_UNIT ( ) NAMED_UNIT ( * ) SI_UNIT ( .MILLI., .METRE. ) );
#5767 = MECHANICAL_DESIGN_GEOMETRIC_PRESENTATION_REPRESENTATION (  '', ( #3332 ), #319 ) ;
#5768 = CARTESIAN_POINT ( 'NONE',  ( -2.370182043732581345, 2.415000000000000036, 9.600256591388918181 ) ) ;
#5769 = ORIENTED_EDGE ( 'NONE', *, *, #7242, .T. ) ;
#5770 = CARTESIAN_POINT ( 'NONE',  ( -1.810863154958255450, 2.415000000000000036, 9.984611208471447341 ) ) ;
#5771 = VERTEX_POINT ( 'NONE', #4372 ) ;
#5772 = DIRECTION ( 'NONE',  ( 0.7071067811865474617, 0.0000000000000000000, 0.7071067811865474617 ) ) ;
#5773 = AXIS2_PLACEMENT_3D ( 'NONE', #7494, #1356, #1899 ) ;
#5774 = PRESENTATION_STYLE_ASSIGNMENT (( #8602 ) ) ;
#5775 = DIRECTION ( 'NONE',  ( 1.000000000000000000, 0.0000000000000000000, 0.0000000000000000000 ) ) ;
#5776 = SURFACE_SIDE_STYLE ('',( #6453 ) ) ;
#5777 = DIRECTION ( 'NONE',  ( 0.0000000000000000000, 0.0000000000000000000, 1.000000000000000000 ) ) ;
#5778 = CARTESIAN_POINT ( 'NONE',  ( -2.767393603676203462, 2.415000000000000036, 9.320749028984270268 ) ) ;
#5779 = DIRECTION ( 'NONE',  ( -0.7071067811865562325, -0.0000000000000000000, 0.7071067811865388020 ) ) ;
#5780 = DIRECTION ( 'NONE',  ( -1.000000000000000000, 0.0000000000000000000, 0.0000000000000000000 ) ) ;
#5781 = CARTESIAN_POINT ( 'NONE',  ( 2.719785883503283763, 2.415000000000000036, 9.386454157189398018 ) ) ;
#5782 = ORIENTED_EDGE ( 'NONE', *, *, #7986, .T. ) ;
#5783 = CARTESIAN_POINT ( 'NONE',  ( 1.610811524528925842, 2.415000000000000036, 5.371510246932986732 ) ) ;
#5784 = CARTESIAN_POINT ( 'NONE',  ( 0.6492730629904639450, 2.415000000000000036, 6.082047105907345319 ) ) ;
#5785 = DIRECTION ( 'NONE',  ( 0.0000000000000000000, 0.0000000000000000000, 1.000000000000000000 ) ) ;
#5786 = FILL_AREA_STYLE_COLOUR ( '', #1401 ) ;
#5787 = CIRCLE ( 'NONE', #5637, 0.2000000000000000944 ) ;
#5788 = CARTESIAN_POINT ( 'NONE',  ( 2.248038713533648369, 2.415000000000000036, 9.797620945403382464 ) ) ;
#5789 = CARTESIAN_POINT ( 'NONE',  ( 2.040298704016104914, 2.415000000000000036, 9.558329157189398018 ) ) ;
#5790 = ORIENTED_EDGE ( 'NONE', *, *, #6700, .F. ) ;
#5791 = CARTESIAN_POINT ( 'NONE',  ( -0.4305340453858193528, 2.415000000000000036, 9.878245541745830138 ) ) ;
#5792 = AXIS2_PLACEMENT_3D ( 'NONE', #8140, #3349, #1024 ) ;
#5793 = CARTESIAN_POINT ( 'NONE',  ( -1.299623105378916677, 2.415000000000000036, 5.241857928404926703 ) ) ;
#5794 = VERTEX_POINT ( 'NONE', #3013 ) ;
#5795 = CARTESIAN_POINT ( 'NONE',  ( -0.5366243729069718471, 2.415000000000000036, 9.595388452061191842 ) ) ;
#5796 = DIRECTION ( 'NONE',  ( 0.0000000000000000000, 0.0000000000000000000, 1.000000000000000000 ) ) ;
#5797 = CARTESIAN_POINT ( 'NONE',  ( -0.1716554918829149567, 2.415000000000000036, 9.382264339247972984 ) ) ;
#5798 = CARTESIAN_POINT ( 'NONE',  ( 2.335170498887899626, 2.415000000000000036, 9.241021464881704617 ) ) ;
#5799 = SURFACE_STYLE_USAGE ( .BOTH. , #280 ) ;
#5800 = CARTESIAN_POINT ( 'NONE',  ( 0.0000000000000000000, 2.415000000000000036, 0.0000000000000000000 ) ) ;
#5801 = ORIENTED_EDGE ( 'NONE', *, *, #7695, .F. ) ;
#5802 = ORIENTED_EDGE ( 'NONE', *, *, #4425, .T. ) ;
#5803 = ADVANCED_FACE ( 'NONE', ( #5082 ), #3935, .T. ) ;
#5804 = VERTEX_POINT ( 'NONE', #1690 ) ;
#5805 = SURFACE_SIDE_STYLE ('',( #4367 ) ) ;
#5806 = CARTESIAN_POINT ( 'NONE',  ( -2.351777277112060638, 2.415000000000000036, 7.666861079808314550 ) ) ;
#5807 = CARTESIAN_POINT ( 'NONE',  ( -3.546322661241210650, 2.415000000000000036, 9.796122837335349942 ) ) ;
#5808 = FILL_AREA_STYLE ('',( #1871 ) ) ;
#5809 = EDGE_CURVE ( 'NONE', #3639, #599, #2496, .T. ) ;
#5810 = DIRECTION ( 'NONE',  ( 0.0000000000000000000, 1.000000000000000000, 0.0000000000000000000 ) ) ;
#5811 = FACE_BOUND ( 'NONE', #6481, .T. ) ;
#5812 = EDGE_CURVE ( 'NONE', #5794, #3746, #1025, .T. ) ;
#5813 = SURFACE_STYLE_FILL_AREA ( #7709 ) ;
#5814 = CARTESIAN_POINT ( 'NONE',  ( -1.832430141333192708, 2.415000000000000036, 9.817201213030932294 ) ) ;
#5815 = VERTEX_POINT ( 'NONE', #8741 ) ;
#5816 = ADVANCED_FACE ( 'NONE', ( #8785 ), #5989, .T. ) ;
#5817 = CARTESIAN_POINT ( 'NONE',  ( 2.847991011708412845, 2.415000000000000036, 9.702559926420168068 ) ) ;
#5818 = CARTESIAN_POINT ( 'NONE',  ( 2.870026268118668344, 2.415000000000000036, 9.457968580266319591 ) ) ;
#5819 = CARTESIAN_POINT ( 'NONE',  ( 1.985381589488184328, 2.415000000000000036, 5.902413368659032322 ) ) ;
#5820 = CARTESIAN_POINT ( 'NONE',  ( -0.1238393908012561800, 2.415000000000000036, 2.524421804711651784 ) ) ;
#5821 = DIRECTION ( 'NONE',  ( 0.0000000000000000000, 0.0000000000000000000, -1.000000000000000000 ) ) ;
#5822 = CARTESIAN_POINT ( 'NONE',  ( -7.364999999999998437, 2.265000000000000124, 12.03999999999999915 ) ) ;
#5823 = CIRCLE ( 'NONE', #960, 0.1499999999999999667 ) ;
#5824 = EDGE_CURVE ( 'NONE', #6393, #1853, #8593, .T. ) ;
#5825 = B_SPLINE_CURVE_WITH_KNOTS ( 'NONE', 3,
 ( #5404, #6773, #484, #8190, #8102, #8801, #7352, #3311, #1219, #2552, #1886, #6687, #525, #3268, #6003, #4070, #3989, #1351, #2598 ),
 .UNSPECIFIED., .F., .F.,
 ( 4, 1, 1, 1, 1, 1, 1, 1, 1, 1, 1, 1, 1, 1, 1, 1, 4 ),
 ( 0.0000000000000000000, 0.06317540964910729751, 0.1244623432476147235, 0.1848483165796656058, 0.2445766143088457800, 0.3045485859854759614, 0.3654316375848393195, 0.4273557712075448101, 0.4918957604494558766, 0.5561356454673568317, 0.6192436885244445577, 0.6811364124907410833, 0.7424629934821922461, 0.8049828562808554189, 0.8682466957831810328, 0.9328845299629230370, 0.9999999999999998890 ),
 .UNSPECIFIED. ) ;
#5826 = CARTESIAN_POINT ( 'NONE',  ( 0.0000000000000000000, 2.415000000000000036, 0.0000000000000000000 ) ) ;
#5827 = ORIENTED_EDGE ( 'NONE', *, *, #7930, .T. ) ;
#5828 =( NAMED_UNIT ( * ) PLANE_ANGLE_UNIT ( ) SI_UNIT ( $, .RADIAN. ) );
#5829 = CARTESIAN_POINT ( 'NONE',  ( -2.174943847431670463, 2.415000000000000036, 8.007373613003050394 ) ) ;
#5830 = FACE_OUTER_BOUND ( 'NONE', #3857, .T. ) ;
#5831 = CARTESIAN_POINT ( 'NONE',  ( 1.596172600542660858, 2.415000000000000036, 8.020675711606504166 ) ) ;
#5832 = MECHANICAL_DESIGN_GEOMETRIC_PRESENTATION_REPRESENTATION (  '', ( #3682 ), #4554 ) ;
#5833 = CARTESIAN_POINT ( 'NONE',  ( -2.440470526753126368, 2.415000000000000036, 5.082047105907345319 ) ) ;
#5834 = ORIENTED_EDGE ( 'NONE', *, *, #5306, .F. ) ;
#5835 = CARTESIAN_POINT ( 'NONE',  ( 1.874833960426361967, 2.415000000000000036, 6.064218580266320657 ) ) ;
#5836 = DIRECTION ( 'NONE',  ( -0.7071067811865467956, -0.0000000000000000000, -0.7071067811865482389 ) ) ;
#5837 = VERTEX_POINT ( 'NONE', #7952 ) ;
#5838 = CARTESIAN_POINT ( 'NONE',  ( 1.902878832221233329, 2.415000000000000036, 7.764098387958627612 ) ) ;
#5839 = DIRECTION ( 'NONE',  ( 0.0000000000000000000, 0.0000000000000000000, 1.000000000000000000 ) ) ;
#5840 = CARTESIAN_POINT ( 'NONE',  ( -3.305855142137743563, 2.415000000000000036, 9.531886849497089642 ) ) ;
#5841 = CARTESIAN_POINT ( 'NONE',  ( 1.431324345041745882, 2.415000000000000036, 6.082047105907345319 ) ) ;
#5842 = UNCERTAINTY_MEASURE_WITH_UNIT (LENGTH_MEASURE( 1.000000000000000082E-05 ), #3502, 'distance_accuracy_value', 'NONE');
#5843 = B_SPLINE_CURVE_WITH_KNOTS ( 'NONE', 3,
 ( #7844, #7145, #3731, #5118, #3047, #4315, #7096, #2333, #7889, #3686, #1059 ),
 .UNSPECIFIED., .F., .F.,
 ( 4, 1, 1, 1, 1, 1, 1, 1, 4 ),
 ( 0.0000000000000000000, 0.06791869833774133447, 0.1514723528642966666, 0.2512073818760285349, 0.3682880949147517846, 0.5001359860041706407, 0.6509403976092053012, 0.8166511496462243169, 1.000000000000000000 ),
 .UNSPECIFIED. ) ;
#5844 = ORIENTED_EDGE ( 'NONE', *, *, #5264, .T. ) ;
#5845 = AXIS2_PLACEMENT_3D ( 'NONE', #7035, #887, #299 ) ;
#5846 = SURFACE_STYLE_FILL_AREA ( #3094 ) ;
#5847 = VERTEX_POINT ( 'NONE', #2392 ) ;
#5848 = CARTESIAN_POINT ( 'NONE',  ( -3.536103842053872626, 2.415000000000000036, 9.984395581675940434 ) ) ;
#5849 = STYLED_ITEM ( 'NONE', ( #7380 ), #5217 ) ;
#5850 = CARTESIAN_POINT ( 'NONE',  ( -4.888132034355963995, -2.260000000000000231, 1.015999999999999348 ) ) ;
#5851 = CARTESIAN_POINT ( 'NONE',  ( -3.588034718189941241, 2.415000000000000036, 9.733761173793457289 ) ) ;
#5852 = CARTESIAN_POINT ( 'NONE',  ( 1.181925306580207335, 2.415000000000000036, 5.697431721291961182 ) ) ;
#5853 = MECHANICAL_DESIGN_GEOMETRIC_PRESENTATION_REPRESENTATION (  '', ( #8351 ), #7002 ) ;
#5854 = PRESENTATION_STYLE_ASSIGNMENT (( #1159 ) ) ;
#5855 = DIRECTION ( 'NONE',  ( 0.0000000000000000000, -1.000000000000000000, -0.0000000000000000000 ) ) ;
#5856 = FACE_BOUND ( 'NONE', #5377, .T. ) ;
#5857 = LINE ( 'NONE', #26, #2559 ) ;
#5858 = VERTEX_POINT ( 'NONE', #3105 ) ;
#5859 = SURFACE_STYLE_USAGE ( .BOTH. , #4609 ) ;
#5860 = ORIENTED_EDGE ( 'NONE', *, *, #1429, .F. ) ;
#5861 = VECTOR ( 'NONE', #352, 1000.000000000000000 ) ;
#5862 = PRESENTATION_LAYER_ASSIGNMENT (  '', '', ( #8041 ) ) ;
#5863 = SURFACE_SIDE_STYLE ('',( #3111 ) ) ;
#5864 = CARTESIAN_POINT ( 'NONE',  ( -1.970848431513044341, 2.415000000000000036, 7.201126073074453515 ) ) ;
#5865 = DIRECTION ( 'NONE',  ( 0.0000000000000000000, 0.0000000000000000000, 1.000000000000000000 ) ) ;
#5866 = CARTESIAN_POINT ( 'NONE',  ( 1.242134930460165654, 2.415000000000000036, 9.803939968883502942 ) ) ;
#5867 = CARTESIAN_POINT ( 'NONE',  ( -0.9902210078854010167, 2.415000000000000036, 5.852300721138431250 ) ) ;
#5868 = EDGE_CURVE ( 'NONE', #1083, #5506, #6630, .T. ) ;
#5869 =( GEOMETRIC_REPRESENTATION_CONTEXT ( 3 ) GLOBAL_UNCERTAINTY_ASSIGNED_CONTEXT ( ( #1185 ) ) GLOBAL_UNIT_ASSIGNED_CONTEXT ( ( #8770, #4748, #4083 ) ) REPRESENTATION_CONTEXT ( 'NONE', 'WORKASPACE' ) );
#5870 = ORIENTED_EDGE ( 'NONE', *, *, #593, .T. ) ;
#5871 = CARTESIAN_POINT ( 'NONE',  ( 4.676000000000001044, 2.265000000000000124, 1.078132034355965496 ) ) ;
#5872 = ORIENTED_EDGE ( 'NONE', *, *, #1824, .F. ) ;
#5873 = CARTESIAN_POINT ( 'NONE',  ( -0.03169747303842941621, 2.415000000000000036, 9.785949785763053299 ) ) ;
#5874 = EDGE_CURVE ( 'NONE', #3508, #4497, #8646, .T. ) ;
#5875 = PLANE ( 'NONE',  #4234 ) ;
#5876 = VECTOR ( 'NONE', #6904, 1000.000000000000000 ) ;
#5877 = CARTESIAN_POINT ( 'NONE',  ( 0.9705871655545663668, 2.415000000000000036, 5.082047105907345319 ) ) ;
#5878 = CARTESIAN_POINT ( 'NONE',  ( 2.326757037349438395, 2.415000000000000036, 9.678922105907345141 ) ) ;
#5879 = CARTESIAN_POINT ( 'NONE',  ( -0.4058654519832784469, 2.415000000000000036, 9.301793813740676597 ) ) ;
#5880 = CARTESIAN_POINT ( 'NONE',  ( 0.9595731606228939947, 2.415000000000000036, 6.045668021785952639 ) ) ;
#5881 = CARTESIAN_POINT ( 'NONE',  ( -0.5545303600148316914, 2.415000000000000036, 5.512055837122321833 ) ) ;
#5882 = VERTEX_POINT ( 'NONE', #1110 ) ;
#5883 = CARTESIAN_POINT ( 'NONE',  ( 1.713397484106203184, 2.415000000000000036, 5.692920754478439704 ) ) ;
#5884 = CARTESIAN_POINT ( 'NONE',  ( 0.9480417253706597824, 2.415000000000000036, 7.955600274720658227 ) ) ;
#5885 = ORIENTED_EDGE ( 'NONE', *, *, #6812, .T. ) ;
#5886 = CARTESIAN_POINT ( 'NONE',  ( 2.668503832221232663, 2.415000000000000036, 9.595388452061191842 ) ) ;
#5887 = AXIS2_PLACEMENT_3D ( 'NONE', #4206, #1476, #8288 ) ;
#5888 = CARTESIAN_POINT ( 'NONE',  ( -3.810000000000000053, -2.260000000000000231, 0.2121320343559643662 ) ) ;
#5889 = CARTESIAN_POINT ( 'NONE',  ( 1.611005086068307612, 2.415000000000000036, 7.673444996567109655 ) ) ;
#5890 = COLOUR_RGB ( '',0.2509803921568627416, 0.2509803921568627416, 0.2509803921568627416 ) ;
#5891 = CARTESIAN_POINT ( 'NONE',  ( -3.420542229764213182, 2.415000000000000036, 9.965197126689153251 ) ) ;
#5892 = ORIENTED_EDGE ( 'NONE', *, *, #6053, .T. ) ;
#5893 = CARTESIAN_POINT ( 'NONE',  ( -1.044201825597403266, 2.415000000000000036, 5.082561043709225679 ) ) ;
#5894 = VERTEX_POINT ( 'NONE', #6578 ) ;
#5895 =( NAMED_UNIT ( * ) PLANE_ANGLE_UNIT ( ) SI_UNIT ( $, .RADIAN. ) );
#5896 = B_SPLINE_CURVE_WITH_KNOTS ( 'NONE', 3,
 ( #6447, #3702, #1693, #1652, #4953, #7160, #7906, #3793, #6358, #8427, #7764 ),
 .UNSPECIFIED., .F., .F.,
 ( 4, 1, 1, 1, 1, 1, 1, 1, 4 ),
 ( 0.0000000000000000000, 0.1229902457162881657, 0.2414454751303122815, 0.3573541236598791193, 0.4765451170703347561, 0.5993836243904290262, 0.7252993106387926048, 0.8578008137016195356, 1.000000000000000000 ),
 .UNSPECIFIED. ) ;
#5897 = TOROIDAL_SURFACE ( 'NONE', #167, 0.2999999999999999889, 0.1499999999999999944 ) ;
#5898 = CARTESIAN_POINT ( 'NONE',  ( -1.019982412198694011, 2.415000000000000036, 6.074542379613395937 ) ) ;
#5899 = CARTESIAN_POINT ( 'NONE',  ( 2.817378040216882873, 2.415000000000000036, 9.288950776547574506 ) ) ;
#5900 = SURFACE_SIDE_STYLE ('',( #5986 ) ) ;
#5901 = LINE ( 'NONE', #471, #5987 ) ;
#5902 = FACE_BOUND ( 'NONE', #3126, .T. ) ;
#5903 = PRESENTATION_STYLE_ASSIGNMENT (( #3158 ) ) ;
#5904 = ORIENTED_EDGE ( 'NONE', *, *, #3501, .T. ) ;
#5905 =( GEOMETRIC_REPRESENTATION_CONTEXT ( 3 ) GLOBAL_UNCERTAINTY_ASSIGNED_CONTEXT ( ( #4224 ) ) GLOBAL_UNIT_ASSIGNED_CONTEXT ( ( #7525, #7578, #7668 ) ) REPRESENTATION_CONTEXT ( 'NONE', 'WORKASPACE' ) );
#5906 = AXIS2_PLACEMENT_3D ( 'NONE', #8366, #7658, #869 ) ;
#5907 = ORIENTED_EDGE ( 'NONE', *, *, #3305, .F. ) ;
#5908 = DIRECTION ( 'NONE',  ( 0.0000000000000000000, -0.0000000000000000000, 1.000000000000000000 ) ) ;
#5909 = CARTESIAN_POINT ( 'NONE',  ( -2.009816482927599512, 2.415000000000000036, 7.175101695436526761 ) ) ;
#5910 = CARTESIAN_POINT ( 'NONE',  ( -0.2994448857274837339, 2.415000000000000036, 7.135893259753498974 ) ) ;
#5911 = CARTESIAN_POINT ( 'NONE',  ( 1.139704742141665283, 2.415000000000000036, 9.711660370340714721 ) ) ;
#5912 = CARTESIAN_POINT ( 'NONE',  ( -0.4228025078972355577, 2.415000000000000036, 2.433990400880520877 ) ) ;
#5913 = COLOUR_RGB ( '',0.2509803921568627416, 0.2509803921568627416, 0.2509803921568627416 ) ;
#5914 = PRESENTATION_LAYER_ASSIGNMENT (  '', '', ( #8239 ) ) ;
#5915 = CARTESIAN_POINT ( 'NONE',  ( 0.02747819119559228793, 2.415000000000000036, 9.702559926420166292 ) ) ;
#5916 = ORIENTED_EDGE ( 'NONE', *, *, #5874, .T. ) ;
#5917 = AXIS2_PLACEMENT_3D ( 'NONE', #2800, #7728, #7779 ) ;
#5918 = DIRECTION ( 'NONE',  ( 0.7071067811865481278, 0.0000000000000000000, -0.7071067811865466846 ) ) ;
#5919 = ORIENTED_EDGE ( 'NONE', *, *, #6366, .F. ) ;
#5920 = PRESENTATION_STYLE_ASSIGNMENT (( #6816 ) ) ;
#5921 = EDGE_CURVE ( 'NONE', #356, #7992, #5901, .T. ) ;
#5922 = CARTESIAN_POINT ( 'NONE',  ( -2.224121872250901077, 2.415000000000000036, 7.993569527449895240 ) ) ;
#5923 = CARTESIAN_POINT ( 'NONE',  ( -2.413945790972783723, 2.415000000000000036, 9.744179386416901067 ) ) ;
#5924 =( NAMED_UNIT ( * ) PLANE_ANGLE_UNIT ( ) SI_UNIT ( $, .RADIAN. ) );
#5925 = CARTESIAN_POINT ( 'NONE',  ( 2.016660883503284651, 2.415000000000000036, 5.517944541804781444 ) ) ;
#5926 =( GEOMETRIC_REPRESENTATION_CONTEXT ( 3 ) GLOBAL_UNCERTAINTY_ASSIGNED_CONTEXT ( ( #4675 ) ) GLOBAL_UNIT_ASSIGNED_CONTEXT ( ( #4443, #1757, #6931 ) ) REPRESENTATION_CONTEXT ( 'NONE', 'WORKASPACE' ) );
#5927 = ORIENTED_EDGE ( 'NONE', *, *, #6764, .T. ) ;
#5928 = EDGE_CURVE ( 'NONE', #3735, #2531, #7998, .T. ) ;
#5929 = UNCERTAINTY_MEASURE_WITH_UNIT (LENGTH_MEASURE( 1.000000000000000082E-05 ), #4402, 'distance_accuracy_value', 'NONE');
#5930 = ADVANCED_FACE ( 'NONE', ( #728 ), #685, .T. ) ;
#5931 = ORIENTED_EDGE ( 'NONE', *, *, #4701, .T. ) ;
#5932 = EDGE_CURVE ( 'NONE', #1928, #1598, #5267, .T. ) ;
#5933 = MECHANICAL_DESIGN_GEOMETRIC_PRESENTATION_REPRESENTATION (  '', ( #6941 ), #1926 ) ;
#5934 = FILL_AREA_STYLE_COLOUR ( '', #2040 ) ;
#5935 = DIRECTION ( 'NONE',  ( -0.0000000000000000000, -1.000000000000000000, -0.0000000000000000000 ) ) ;
#5936 = CARTESIAN_POINT ( 'NONE',  ( -1.222521808804407417, 2.415000000000000036, 5.594867618727858982 ) ) ;
#5937 = CYLINDRICAL_SURFACE ( 'NONE', #2879, 0.4049999999999999711 ) ;
#5938 =( GEOMETRIC_REPRESENTATION_CONTEXT ( 3 ) GLOBAL_UNCERTAINTY_ASSIGNED_CONTEXT ( ( #546 ) ) GLOBAL_UNIT_ASSIGNED_CONTEXT ( ( #7066, #4371, #291 ) ) REPRESENTATION_CONTEXT ( 'NONE', 'WORKASPACE' ) );
#5939 = UNCERTAINTY_MEASURE_WITH_UNIT (LENGTH_MEASURE( 1.000000000000000082E-05 ), #6465, 'distance_accuracy_value', 'NONE');
#5940 = ORIENTED_EDGE ( 'NONE', *, *, #3969, .F. ) ;
#5941 = EDGE_LOOP ( 'NONE', ( #8577, #6303, #881, #1830 ) ) ;
#5942 = B_SPLINE_CURVE_WITH_KNOTS ( 'NONE', 3,
 ( #6834, #682, #6929, #808, #3547, #723, #5468, #148, #5608, #6797, #8409 ),
 .UNSPECIFIED., .F., .F.,
 ( 4, 1, 1, 1, 1, 1, 1, 1, 4 ),
 ( 0.0000000000000000000, 0.1193185523868195430, 0.2369690225604315359, 0.3563998219639661902, 0.4809115285861533251, 0.6078214982174656722, 0.7347578606887508190, 0.8646446540325173347, 1.000000000000000000 ),
 .UNSPECIFIED. ) ;
#5943 = EDGE_CURVE ( 'NONE', #2938, #5003, #395, .T. ) ;
#5944 = CARTESIAN_POINT ( 'NONE',  ( 1.512934354096448608, 2.415000000000000036, 9.523094414967760102 ) ) ;
#5945 = CARTESIAN_POINT ( 'NONE',  ( -1.801848731881332544, 2.415000000000000036, 9.228200952061190065 ) ) ;
#5946 = DIRECTION ( 'NONE',  ( 1.000000000000000000, 0.0000000000000000000, 0.0000000000000000000 ) ) ;
#5947 = DIRECTION ( 'NONE',  ( 2.716326130063896955E-16, 0.0000000000000000000, -1.000000000000000000 ) ) ;
#5948 = CARTESIAN_POINT ( 'NONE',  ( -1.823268621799120082, 2.415000000000000036, 9.522663977206201835 ) ) ;
#5949 = ORIENTED_EDGE ( 'NONE', *, *, #4813, .F. ) ;
#5950 = LINE ( 'NONE', #7610, #5402 ) ;
#5951 = ORIENTED_EDGE ( 'NONE', *, *, #3043, .F. ) ;
#5952 = DIRECTION ( 'NONE',  ( 0.0000000000000000000, 0.0000000000000000000, 1.000000000000000000 ) ) ;
#5953 = LINE ( 'NONE', #8050, #6048 ) ;
#5954 = CARTESIAN_POINT ( 'NONE',  ( 4.888132034355965772, 2.415000000000000036, 1.016000000000000902 ) ) ;
#5955 = FACE_OUTER_BOUND ( 'NONE', #7158, .T. ) ;
#5956 = DIRECTION ( 'NONE',  ( 0.7071067811865476838, -0.0000000000000000000, 0.7071067811865474617 ) ) ;
#5957 = ORIENTED_EDGE ( 'NONE', *, *, #1982, .F. ) ;
#5958 = ORIENTED_EDGE ( 'NONE', *, *, #3444, .T. ) ;
#5959 = CARTESIAN_POINT ( 'NONE',  ( 1.733795687520739648, 2.415000000000000036, 5.134562354950973351 ) ) ;
#5960 = FILL_AREA_STYLE ('',( #6055 ) ) ;
#5961 =( NAMED_UNIT ( * ) SI_UNIT ( $, .STERADIAN. ) SOLID_ANGLE_UNIT ( ) );
#5962 = DIRECTION ( 'NONE',  ( -1.000000000000000000, 0.0000000000000000000, 0.0000000000000000000 ) ) ;
#5963 = CARTESIAN_POINT ( 'NONE',  ( 2.305126867222091480, 2.415000000000000036, 9.736897957630311851 ) ) ;
#5964 = EDGE_CURVE ( 'NONE', #6964, #1203, #2070, .T. ) ;
#5965 = CARTESIAN_POINT ( 'NONE',  ( -0.2443018528528690947, 2.415000000000000036, 7.137301449944440712 ) ) ;
#5966 = ORIENTED_EDGE ( 'NONE', *, *, #3406, .T. ) ;
#5967 = LINE ( 'NONE', #8762, #8897 ) ;
#5968 = AXIS2_PLACEMENT_3D ( 'NONE', #297, #6320, #2878 ) ;
#5969 = CARTESIAN_POINT ( 'NONE',  ( 1.905000000000000027, 0.0000000000000000000, -3.500000000000000000 ) ) ;
#5970 = ORIENTED_EDGE ( 'NONE', *, *, #1762, .F. ) ;
#5971 = DIRECTION ( 'NONE',  ( 0.0000000000000000000, 1.000000000000000000, 0.0000000000000000000 ) ) ;
#5972 = CARTESIAN_POINT ( 'NONE',  ( -0.08823438869066194123, 2.415000000000000036, 6.078971165258851173 ) ) ;
#5973 = DIRECTION ( 'NONE',  ( -1.000000000000000000, 0.0000000000000000000, -2.716326130063896955E-16 ) ) ;
#5974 = VECTOR ( 'NONE', #3925, 1000.000000000000000 ) ;
#5975 = CARTESIAN_POINT ( 'NONE',  ( -0.3638891120930209944, 2.415000000000000036, 5.682069470442667303 ) ) ;
#5976 = EDGE_CURVE ( 'NONE', #8587, #2131, #7377, .T. ) ;
#5977 = SURFACE_STYLE_FILL_AREA ( #3928 ) ;
#5978 = ORIENTED_EDGE ( 'NONE', *, *, #3730, .F. ) ;
#5979 =( LENGTH_UNIT ( ) NAMED_UNIT ( * ) SI_UNIT ( .MILLI., .METRE. ) );
#5980 = ORIENTED_EDGE ( 'NONE', *, *, #5585, .F. ) ;
#5981 = VECTOR ( 'NONE', #5427, 1000.000000000000000 ) ;
#5982 = AXIS2_PLACEMENT_3D ( 'NONE', #3951, #7922, #8103 ) ;
#5983 = EDGE_CURVE ( 'NONE', #4991, #6011, #219, .T. ) ;
#5984 = CARTESIAN_POINT ( 'NONE',  ( -3.126367962650563825, 2.415000000000000036, 9.241021464881704617 ) ) ;
#5985 = CARTESIAN_POINT ( 'NONE',  ( 3.043704152734053370, 2.415000000000000036, 9.228200952061190065 ) ) ;
#5986 = SURFACE_STYLE_FILL_AREA ( #4522 ) ;
#5987 = VECTOR ( 'NONE', #8697, 1000.000000000000000 ) ;
#5988 = DIRECTION ( 'NONE',  ( 0.0000000000000000000, 1.000000000000000000, 0.0000000000000000000 ) ) ;
#5989 = SPHERICAL_SURFACE ( 'NONE', #8317, 0.1499999999999999944 ) ;
#5990 = AXIS2_PLACEMENT_3D ( 'NONE', #3485, #6233, #6822 ) ;
#5991 = CARTESIAN_POINT ( 'NONE',  ( -0.5927267698837931365, 2.415000000000000036, 2.359549330739806994 ) ) ;
#5992 = ORIENTED_EDGE ( 'NONE', *, *, #6415, .T. ) ;
#5993 = FACE_OUTER_BOUND ( 'NONE', #1788, .T. ) ;
#5994 = VERTEX_POINT ( 'NONE', #6121 ) ;
#5995 = CARTESIAN_POINT ( 'NONE',  ( 2.837933982822019807, -2.260000000000000231, 0.9720660171779831327 ) ) ;
#5996 = CIRCLE ( 'NONE', #403, 0.2999999999999999334 ) ;
#5997 = CARTESIAN_POINT ( 'NONE',  ( 2.655683319400720332, 2.415000000000000036, 7.719226593086832011 ) ) ;
#5998 = CARTESIAN_POINT ( 'NONE',  ( 0.0000000000000000000, 2.415000000000000036, 0.0000000000000000000 ) ) ;
#5999 = CARTESIAN_POINT ( 'NONE',  ( 0.9612032979343061445, 2.415000000000000036, 7.792731826109209337 ) ) ;
#6000 = EDGE_LOOP ( 'NONE', ( #1522, #2608, #4323, #368, #4215, #605, #7149, #5667, #475, #6824, #8235 ) ) ;
#6001 = STYLED_ITEM ( 'NONE', ( #3850 ), #7029 ) ;
#6002 = ORIENTED_EDGE ( 'NONE', *, *, #8819, .F. ) ;
#6003 = CARTESIAN_POINT ( 'NONE',  ( -2.092491753814376576, 2.415000000000000036, 8.177207784727993811 ) ) ;
#6004 = PRESENTATION_STYLE_ASSIGNMENT (( #1178 ) ) ;
#6005 = DIRECTION ( 'NONE',  ( -1.000000000000000000, 0.0000000000000000000, 0.0000000000000000000 ) ) ;
#6006 = DIRECTION ( 'NONE',  ( 0.0000000000000000000, 0.0000000000000000000, 1.000000000000000000 ) ) ;
#6007 = STYLED_ITEM ( 'NONE', ( #1182 ), #8549 ) ;
#6008 = B_SPLINE_CURVE_WITH_KNOTS ( 'NONE', 3,
 ( #4258, #7006, #2236, #6658, #7931, #314, #3232, #8724, #2519, #5791, #1854, #2473, #1092, #8579, #7882, #7229, #493, #5164, #1052 ),
 .UNSPECIFIED., .F., .F.,
 ( 4, 1, 1, 1, 1, 1, 1, 1, 1, 1, 1, 1, 1, 1, 1, 1, 4 ),
 ( 0.0000000000000000000, 0.06748283956298059549, 0.1324956007630735400, 0.1949304560967629052, 0.2559165096006732476, 0.3158503120182684643, 0.3754102322048135654, 0.4350947437002439799, 0.4957501572123476086, 0.5566474023679467420, 0.6165953680923701441, 0.6768408748311117717, 0.7376683756528205071, 0.7995843680494543193, 0.8636094321167928634, 0.9302384798566613044, 1.000000000000000000 ),
 .UNSPECIFIED. ) ;
#6009 = MECHANICAL_DESIGN_GEOMETRIC_PRESENTATION_REPRESENTATION (  '', ( #1863 ), #1299 ) ;
#6010 = FILL_AREA_STYLE ('',( #622 ) ) ;
#6011 = VERTEX_POINT ( 'NONE', #4096 ) ;
#6012 = UNCERTAINTY_MEASURE_WITH_UNIT (LENGTH_MEASURE( 1.000000000000000082E-05 ), #7451, 'distance_accuracy_value', 'NONE');
#6013 = DIRECTION ( 'NONE',  ( 0.0000000000000000000, 0.0000000000000000000, 1.000000000000000000 ) ) ;
#6014 =( GEOMETRIC_REPRESENTATION_CONTEXT ( 3 ) GLOBAL_UNCERTAINTY_ASSIGNED_CONTEXT ( ( #5929 ) ) GLOBAL_UNIT_ASSIGNED_CONTEXT ( ( #4402, #500, #1859 ) ) REPRESENTATION_CONTEXT ( 'NONE', 'WORKASPACE' ) );
#6015 = ORIENTED_EDGE ( 'NONE', *, *, #6701, .T. ) ;
#6016 = VECTOR ( 'NONE', #3721, 1000.000000000000000 ) ;
#6017 = CARTESIAN_POINT ( 'NONE',  ( -2.655300966975734145, 2.415000000000000036, 9.803939968883504719 ) ) ;
#6018 =( NAMED_UNIT ( * ) PLANE_ANGLE_UNIT ( ) SI_UNIT ( $, .RADIAN. ) );
#6019 = CARTESIAN_POINT ( 'NONE',  ( -0.3631159657549407616, 2.415000000000000036, 5.996935710461437807 ) ) ;
#6020 = DIRECTION ( 'NONE',  ( 0.0000000000000000000, -0.0000000000000000000, 1.000000000000000000 ) ) ;
#6021 =( NAMED_UNIT ( * ) PLANE_ANGLE_UNIT ( ) SI_UNIT ( $, .RADIAN. ) );
#6022 = CARTESIAN_POINT ( 'NONE',  ( 1.524209228355913881, 2.415000000000000036, 7.568501445042941533 ) ) ;
#6023 = AXIS2_PLACEMENT_3D ( 'NONE', #221, #4928, #2192 ) ;
#6024 = SURFACE_STYLE_FILL_AREA ( #6069 ) ;
#6025 = UNCERTAINTY_MEASURE_WITH_UNIT (LENGTH_MEASURE( 1.000000000000000082E-05 ), #2653, 'distance_accuracy_value', 'NONE');
#6026 = FILL_AREA_STYLE ('',( #3327 ) ) ;
#6027 = ORIENTED_EDGE ( 'NONE', *, *, #8314, .F. ) ;
#6028 = SURFACE_STYLE_USAGE ( .BOTH. , #8638 ) ;
#6029 = B_SPLINE_CURVE_WITH_KNOTS ( 'NONE', 3,
 ( #2802, #5503, #3447, #140, #2146, #1442, #5599, #4167, #2850, #6787, #8399 ),
 .UNSPECIFIED., .F., .F.,
 ( 4, 1, 1, 1, 1, 1, 1, 1, 4 ),
 ( 0.0000000000000000000, 0.1289756962903346460, 0.2566142768832948007, 0.3823748611154015875, 0.5074502079341313143, 0.6312318059159225392, 0.7542207153102954420, 0.8773008482791450069, 1.000000000000000000 ),
 .UNSPECIFIED. ) ;
#6030 = EDGE_CURVE ( 'NONE', #2364, #3318, #538, .T. ) ;
#6031 =( LENGTH_UNIT ( ) NAMED_UNIT ( * ) SI_UNIT ( .MILLI., .METRE. ) );
#6032 = SURFACE_STYLE_FILL_AREA ( #6709 ) ;
#6033 = FACE_OUTER_BOUND ( 'NONE', #2306, .T. ) ;
#6034 = AXIS2_PLACEMENT_3D ( 'NONE', #6956, #2886, #41 ) ;
#6035 = DIRECTION ( 'NONE',  ( 0.0000000000000000000, 0.0000000000000000000, 1.000000000000000000 ) ) ;
#6036 = LINE ( 'NONE', #1111, #5555 ) ;
#6037 = EDGE_LOOP ( 'NONE', ( #2064, #3620, #5904, #4840 ) ) ;
#6038 = EDGE_CURVE ( 'NONE', #5032, #6622, #7843, .T. ) ;
#6039 = EDGE_CURVE ( 'NONE', #5068, #8507, #5396, .T. ) ;
#6040 =( LENGTH_UNIT ( ) NAMED_UNIT ( * ) SI_UNIT ( .MILLI., .METRE. ) );
#6041 = VERTEX_POINT ( 'NONE', #7608 ) ;
#6042 = DIRECTION ( 'NONE',  ( 0.0000000000000000000, 0.0000000000000000000, -1.000000000000000000 ) ) ;
#6043 = FILL_AREA_STYLE_COLOUR ( '', #842 ) ;
#6044 = CARTESIAN_POINT ( 'NONE',  ( -7.365000000000000213, -2.410000000000000142, 1.016000000000000902 ) ) ;
#6045 = CARTESIAN_POINT ( 'NONE',  ( 1.897933623631794520, 2.415000000000000036, 7.597332334289618849 ) ) ;
#6046 = CARTESIAN_POINT ( 'NONE',  ( -1.801848731881332544, 2.415000000000000036, 9.228200952061190065 ) ) ;
#6047 = AXIS2_PLACEMENT_3D ( 'NONE', #3390, #2085, #4780 ) ;
#6048 = VECTOR ( 'NONE', #518, 1000.000000000000114 ) ;
#6049 = SURFACE_SIDE_STYLE ('',( #1925 ) ) ;
#6050 = ORIENTED_EDGE ( 'NONE', *, *, #369, .F. ) ;
#6051 = ORIENTED_EDGE ( 'NONE', *, *, #1660, .F. ) ;
#6052 = LINE ( 'NONE', #4696, #6623 ) ;
#6053 = EDGE_CURVE ( 'NONE', #2938, #5575, #4938, .T. ) ;
#6054 = PRESENTATION_LAYER_ASSIGNMENT (  '', '', ( #3606 ) ) ;
#6055 = FILL_AREA_STYLE_COLOUR ( '', #5890 ) ;
#6056 = DIRECTION ( 'NONE',  ( 0.0000000000000000000, 0.0000000000000000000, 1.000000000000000000 ) ) ;
#6057 = AXIS2_PLACEMENT_3D ( 'NONE', #7237, #3926, #3196 ) ;
#6058 = CARTESIAN_POINT ( 'NONE',  ( 2.731867965644037444, -2.260000000000000231, 1.166000000000000814 ) ) ;
#6059 = PRESENTATION_STYLE_ASSIGNMENT (( #6735 ) ) ;
#6060 = VERTEX_POINT ( 'NONE', #5833 ) ;
#6061 = COLOUR_RGB ( '',0.7529411764705882248, 0.7529411764705882248, 0.7529411764705882248 ) ;
#6062 = CARTESIAN_POINT ( 'NONE',  ( 1.992864777061163606, 2.415000000000000036, 5.684776037898013890 ) ) ;
#6063 = ORIENTED_EDGE ( 'NONE', *, *, #215, .T. ) ;
#6064 = CARTESIAN_POINT ( 'NONE',  ( 0.0000000000000000000, 2.415000000000000036, 0.0000000000000000000 ) ) ;
#6065 = DIRECTION ( 'NONE',  ( 0.0000000000000000000, 0.0000000000000000000, 1.000000000000000000 ) ) ;
#6066 = FILL_AREA_STYLE_COLOUR ( '', #1816 ) ;
#6067 = CARTESIAN_POINT ( 'NONE',  ( 0.05952947324687469371, 2.415000000000000036, 5.261534285394525057 ) ) ;
#6068 = CARTESIAN_POINT ( 'NONE',  ( -1.754573090855691353, 2.415000000000000036, 9.773273067445806817 ) ) ;
#6069 = FILL_AREA_STYLE ('',( #7988 ) ) ;
#6070 = CARTESIAN_POINT ( 'NONE',  ( 0.9034246590084128448, 2.415000000000000036, 5.591894845491707677 ) ) ;
#6071 = ORIENTED_EDGE ( 'NONE', *, *, #6473, .T. ) ;
#6072 = TOROIDAL_SURFACE ( 'NONE', #2193, 0.2050000000000000155, 0.2000000000000000111 ) ;
#6073 = CARTESIAN_POINT ( 'NONE',  ( -1.910002283828217129, 2.415000000000000036, 7.896967645137737968 ) ) ;
#6074 = ORIENTED_EDGE ( 'NONE', *, *, #3785, .T. ) ;
#6075 = CARTESIAN_POINT ( 'NONE',  ( 1.905000000000000027, 0.0000000000000000000, 1.016000000000000014 ) ) ;
#6076 = FACE_OUTER_BOUND ( 'NONE', #249, .T. ) ;
#6077 = CARTESIAN_POINT ( 'NONE',  ( 1.682163706577723516, 2.415000000000000036, 5.884377946190764597 ) ) ;
#6078 = EDGE_CURVE ( 'NONE', #322, #3735, #2831, .T. ) ;
#6079 = CARTESIAN_POINT ( 'NONE',  ( 1.754126617229444296, 2.415000000000000036, 7.357307286841252569 ) ) ;
#6080 = ORIENTED_EDGE ( 'NONE', *, *, #8445, .T. ) ;
#6081 = CARTESIAN_POINT ( 'NONE',  ( -0.002541055720730596261, 2.415000000000000036, 7.483578076761832065 ) ) ;
#6082 = VERTEX_POINT ( 'NONE', #4268 ) ;
#6083 =( NAMED_UNIT ( * ) SI_UNIT ( $, .STERADIAN. ) SOLID_ANGLE_UNIT ( ) );
#6084 =( NAMED_UNIT ( * ) SI_UNIT ( $, .STERADIAN. ) SOLID_ANGLE_UNIT ( ) );
#6085 = FILL_AREA_STYLE_COLOUR ( '', #6206 ) ;
#6086 = ADVANCED_FACE ( 'NONE', ( #1717 ), #771, .T. ) ;
#6087 = CARTESIAN_POINT ( 'NONE',  ( 1.783153866545080346, 2.415000000000000036, 7.583303680818986869 ) ) ;
#6088 = CARTESIAN_POINT ( 'NONE',  ( 1.652397258123925683, 2.415000000000000036, 7.197881346891215948 ) ) ;
#6089 = CARTESIAN_POINT ( 'NONE',  ( 0.8495459712543389497, 2.415000000000000036, 5.939945585261858341 ) ) ;
#6090 = ADVANCED_FACE ( 'NONE', ( #6251 ), #7318, .T. ) ;
#6091 = CARTESIAN_POINT ( 'NONE',  ( -2.291980649091052591, 2.415000000000000036, 7.391795828695366666 ) ) ;
#6092 = ORIENTED_EDGE ( 'NONE', *, *, #2533, .T. ) ;
#6093 = ORIENTED_EDGE ( 'NONE', *, *, #491, .F. ) ;
#6094 = LINE ( 'NONE', #8716, #5447 ) ;
#6095 = LINE ( 'NONE', #4736, #590 ) ;
#6096 = DIRECTION ( 'NONE',  ( 1.000000000000000000, 0.0000000000000000000, 0.0000000000000000000 ) ) ;
#6097 = LINE ( 'NONE', #2135, #8017 ) ;
#6098 = ADVANCED_FACE ( 'NONE', ( #100 ), #1307, .T. ) ;
#6099 = FACE_OUTER_BOUND ( 'NONE', #8702, .T. ) ;
#6100 = FACE_BOUND ( 'NONE', #3605, .T. ) ;
#6101 = VERTEX_POINT ( 'NONE', #8108 ) ;
#6102 = B_SPLINE_CURVE_WITH_KNOTS ( 'NONE', 3,
 ( #4077, #1395, #4666, #4873, #5733, #2318, #6957, #263, #5012, #845, #2981, #4351, #1623, #7629, #1478, #3581, #4248, #1577, #7038, #6326, #3667, #80, #2887, #2186, #2141, #5548, #8529 ),
 .UNSPECIFIED., .F., .F.,
 ( 4, 1, 1, 1, 1, 1, 1, 1, 1, 1, 1, 1, 1, 1, 1, 1, 1, 1, 1, 1, 1, 1, 1, 1, 4 ),
 ( 0.0000000000000000000, 0.06261373110861076507, 0.1204088125116307278, 0.1742087511331129601, 0.2237332039804906247, 0.2690363270936453333, 0.3106829269604511889, 0.3481472380758667828, 0.3824095932873730064, 0.4147841657605779719, 0.4472259617059244352, 0.4800746279633150704, 0.5137681966308830228, 0.5479915578647355234, 0.5829463569535981993, 0.6193431106629974092, 0.6571510012005469248, 0.6957134677182972293, 0.7355400236927043256, 0.7758489181933703183, 0.8175848578019274671, 0.8607446226129468192, 0.9053883128270439062, 0.9519988999951507491, 1.000000000000000000 ),
 .UNSPECIFIED. ) ;
#6103 = CARTESIAN_POINT ( 'NONE',  ( -2.747639554065813616, 2.415000000000000036, 9.729092568292506016 ) ) ;
#6104 = VECTOR ( 'NONE', #1096, 1000.000000000000000 ) ;
#6105 = PRESENTATION_STYLE_ASSIGNMENT (( #6564 ) ) ;
#6106 = DIRECTION ( 'NONE',  ( -1.000000000000000000, 0.0000000000000000000, -5.354084802397552748E-16 ) ) ;
#6107 = FACE_OUTER_BOUND ( 'NONE', #4027, .T. ) ;
#6108 = FILL_AREA_STYLE ('',( #2219 ) ) ;
#6109 = CARTESIAN_POINT ( 'NONE',  ( 1.527478191195591917, 2.415000000000000036, 9.607808323856064092 ) ) ;
#6110 = UNCERTAINTY_MEASURE_WITH_UNIT (LENGTH_MEASURE( 1.000000000000000082E-05 ), #6210, 'distance_accuracy_value', 'NONE');
#6111 = CARTESIAN_POINT ( 'NONE',  ( -1.509581103676202574, 2.415000000000000036, 5.415380439240678356 ) ) ;
#6112 = ORIENTED_EDGE ( 'NONE', *, *, #5093, .T. ) ;
#6113 = SURFACE_STYLE_FILL_AREA ( #635 ) ;
#6114 = VERTEX_POINT ( 'NONE', #7357 ) ;
#6115 = CIRCLE ( 'NONE', #3978, 0.1500000000000000777 ) ;
#6116 = PRESENTATION_STYLE_ASSIGNMENT (( #3113 ) ) ;
#6117 = DIRECTION ( 'NONE',  ( 1.000000000000000000, 0.0000000000000000000, -1.423070940095820959E-16 ) ) ;
#6118 = FACE_OUTER_BOUND ( 'NONE', #6783, .T. ) ;
#6119 = CARTESIAN_POINT ( 'NONE',  ( 0.05474293818779030901, 2.415000000000000036, 2.165903308174954134 ) ) ;
#6120 = FILL_AREA_STYLE_COLOUR ( '', #5628 ) ;
#6121 = CARTESIAN_POINT ( 'NONE',  ( 4.676000000000001044, -2.410000000000000142, 1.078132034355965274 ) ) ;
#6122 = CIRCLE ( 'NONE', #4267, 0.1500000000000000777 ) ;
#6123 = CARTESIAN_POINT ( 'NONE',  ( 3.227759298390197262, 2.415000000000000036, 9.712441088540023415 ) ) ;
#6124 = ORIENTED_EDGE ( 'NONE', *, *, #1931, .F. ) ;
#6125 = VECTOR ( 'NONE', #5962, 1000.000000000000000 ) ;
#6126 = CARTESIAN_POINT ( 'NONE',  ( -0.01367998338814007363, 2.415000000000000036, 7.464371727899050235 ) ) ;
#6127 = EDGE_LOOP ( 'NONE', ( #978, #5605, #2096, #1694, #6002, #326, #5549, #397, #1651, #4589, #4130 ) ) ;
#6128 = VECTOR ( 'NONE', #5855, 1000.000000000000000 ) ;
#6129 = VECTOR ( 'NONE', #6469, 1000.000000000000000 ) ;
#6130 = LINE ( 'NONE', #2502, #6439 ) ;
#6131 = CARTESIAN_POINT ( 'NONE',  ( -2.267206263225225449, 2.415000000000000036, 9.851115133372378097 ) ) ;
#6132 = AXIS2_PLACEMENT_3D ( 'NONE', #5731, #4386, #212 ) ;
#6133 = CARTESIAN_POINT ( 'NONE',  ( 3.916066017177984193, -2.410000000000000142, 0.1060660171779831684 ) ) ;
#6134 = CARTESIAN_POINT ( 'NONE',  ( -2.274823449008847476, 2.415000000000000036, 7.357957038776328673 ) ) ;
#6135 = EDGE_LOOP ( 'NONE', ( #668, #6864, #1927 ) ) ;
#6136 = MECHANICAL_DESIGN_GEOMETRIC_PRESENTATION_REPRESENTATION (  '', ( #5849 ), #2253 ) ;
#6137 = VECTOR ( 'NONE', #930, 1000.000000000000000 ) ;
#6138 = PRESENTATION_STYLE_ASSIGNMENT (( #170 ) ) ;
#6139 = CARTESIAN_POINT ( 'NONE',  ( -2.546526386333665570, 2.415000000000000036, 9.984390420847507386 ) ) ;
#6140 = CARTESIAN_POINT ( 'NONE',  ( -2.204432229099393847, 2.415000000000000036, 9.491940771445589675 ) ) ;
#6141 = EDGE_CURVE ( 'NONE', #2706, #338, #7388, .T. ) ;
#6142 = LINE ( 'NONE', #2974, #3831 ) ;
#6143 =( GEOMETRIC_REPRESENTATION_CONTEXT ( 3 ) GLOBAL_UNCERTAINTY_ASSIGNED_CONTEXT ( ( #4498 ) ) GLOBAL_UNIT_ASSIGNED_CONTEXT ( ( #6475, #2434, #4405 ) ) REPRESENTATION_CONTEXT ( 'NONE', 'WORKASPACE' ) );
#6144 = AXIS2_PLACEMENT_3D ( 'NONE', #3069, #7210, #1031 ) ;
#6145 = SURFACE_SIDE_STYLE ('',( #4742 ) ) ;
#6146 = VERTEX_POINT ( 'NONE', #6656 ) ;
#6147 = EDGE_CURVE ( 'NONE', #7031, #1949, #7168, .T. ) ;
#6148 = ORIENTED_EDGE ( 'NONE', *, *, #1007, .T. ) ;
#6149 = LINE ( 'NONE', #4668, #2023 ) ;
#6150 = CIRCLE ( 'NONE', #7590, 0.1499999999999999667 ) ;
#6151 = SURFACE_STYLE_USAGE ( .BOTH. , #5456 ) ;
#6152 = CARTESIAN_POINT ( 'NONE',  ( 3.384143324598616331, 2.415000000000000036, 9.786798910171917498 ) ) ;
#6153 = EDGE_CURVE ( 'NONE', #5575, #5340, #1698, .T. ) ;
#6154 = FACE_BOUND ( 'NONE', #2015, .T. ) ;
#6155 = CARTESIAN_POINT ( 'NONE',  ( -0.07055908701774385450, 2.415000000000000036, 9.400785067431764119 ) ) ;
#6156 = SURFACE_SIDE_STYLE ('',( #2021 ) ) ;
#6157 = PRESENTATION_LAYER_ASSIGNMENT (  '', '', ( #7448 ) ) ;
#6158 = SURFACE_STYLE_USAGE ( .BOTH. , #4676 ) ;
#6159 = ORIENTED_EDGE ( 'NONE', *, *, #5532, .T. ) ;
#6160 = CARTESIAN_POINT ( 'NONE',  ( -1.919435160790206929, 2.415000000000000036, 7.860491945451420825 ) ) ;
#6161 = ORIENTED_EDGE ( 'NONE', *, *, #2297, .T. ) ;
#6162 = SURFACE_SIDE_STYLE ('',( #2739 ) ) ;
#6163 = PRESENTATION_STYLE_ASSIGNMENT (( #8261 ) ) ;
#6164 = CARTESIAN_POINT ( 'NONE',  ( 1.000673147139579555, 2.415000000000000036, 5.763393063279981909 ) ) ;
#6165 = CARTESIAN_POINT ( 'NONE',  ( 0.0000000000000000000, 2.415000000000000036, 0.0000000000000000000 ) ) ;
#6166 = DIRECTION ( 'NONE',  ( 0.0000000000000000000, 0.0000000000000000000, 1.000000000000000000 ) ) ;
#6167 = STYLED_ITEM ( 'NONE', ( #6692 ), #6090 ) ;
#6168 = ORIENTED_EDGE ( 'NONE', *, *, #1161, .T. ) ;
#6169 = FILL_AREA_STYLE ('',( #8868 ) ) ;
#6170 = VERTEX_POINT ( 'NONE', #132 ) ;
#6171 = CARTESIAN_POINT ( 'NONE',  ( -5.510000000000000675, 0.0000000000000000000, -3.299999999999999822 ) ) ;
#6172 = SURFACE_STYLE_USAGE ( .BOTH. , #8273 ) ;
#6173 = CARTESIAN_POINT ( 'NONE',  ( 1.065878504117359071, 2.415000000000000036, 5.891685065924811227 ) ) ;
#6174 = CARTESIAN_POINT ( 'NONE',  ( 3.117761419231450670, 2.415000000000000036, 9.393969802998318741 ) ) ;
#6175 = CARTESIAN_POINT ( 'NONE',  ( 1.765522307245930067, 2.415000000000000036, 7.166094545782287994 ) ) ;
#6176 = DIRECTION ( 'NONE',  ( 0.0000000000000000000, 1.000000000000000000, 0.0000000000000000000 ) ) ;
#6177 = LINE ( 'NONE', #5488, #7569 ) ;
#6178 = VECTOR ( 'NONE', #8746, 999.9999999999998863 ) ;
#6179 = ORIENTED_EDGE ( 'NONE', *, *, #3839, .F. ) ;
#6180 = PRESENTATION_STYLE_ASSIGNMENT (( #4199 ) ) ;
#6181 = CARTESIAN_POINT ( 'NONE',  ( 1.086372421964822976, 2.415000000000000036, 7.982047105907344786 ) ) ;
#6182 = CARTESIAN_POINT ( 'NONE',  ( -0.8152702062403048844, 2.415000000000000036, 5.932808323856064270 ) ) ;
#6183 = DIRECTION ( 'NONE',  ( -1.000000000000000000, 0.0000000000000000000, 0.0000000000000000000 ) ) ;
#6184 = VECTOR ( 'NONE', #6648, 1000.000000000000000 ) ;
#6185 = VECTOR ( 'NONE', #5525, 1000.000000000000000 ) ;
#6186 = DIRECTION ( 'NONE',  ( 0.0000000000000000000, -0.0000000000000000000, 1.000000000000000000 ) ) ;
#6187 = EDGE_CURVE ( 'NONE', #322, #5725, #3398, .T. ) ;
#6188 = PRESENTATION_LAYER_ASSIGNMENT (  '', '', ( #1325 ) ) ;
#6189 = VERTEX_POINT ( 'NONE', #5545 ) ;
#6190 =( GEOMETRIC_REPRESENTATION_CONTEXT ( 3 ) GLOBAL_UNCERTAINTY_ASSIGNED_CONTEXT ( ( #6933 ) ) GLOBAL_UNIT_ASSIGNED_CONTEXT ( ( #7506, #5510, #2812 ) ) REPRESENTATION_CONTEXT ( 'NONE', 'WORKASPACE' ) );
#6191 = DIRECTION ( 'NONE',  ( 0.7228807680948529102, 0.0000000000000000000, -0.6909727889856412952 ) ) ;
#6192 = CARTESIAN_POINT ( 'NONE',  ( -1.651808667778766671, 2.415000000000000036, 5.922992618727858094 ) ) ;
#6193 = PRESENTATION_STYLE_ASSIGNMENT (( #950 ) ) ;
#6194 = CARTESIAN_POINT ( 'NONE',  ( -0.001418931586855874021, 2.415000000000000036, 9.456959736176139941 ) ) ;
#6195 = EDGE_CURVE ( 'NONE', #35, #7701, #6906, .T. ) ;
#6196 = MECHANICAL_DESIGN_GEOMETRIC_PRESENTATION_REPRESENTATION (  '', ( #6781 ), #6491 ) ;
#6197 = EDGE_CURVE ( 'NONE', #7276, #8064, #7674, .T. ) ;
#6198 = B_SPLINE_CURVE_WITH_KNOTS ( 'NONE', 3,
 ( #6801, #4056, #644, #3377, #2703, #6123, #8905 ),
 .UNSPECIFIED., .F., .F.,
 ( 4, 1, 1, 1, 4 ),
 ( 0.0000000000000000000, 0.2054238738851441037, 0.4393377942323239416, 0.7019779259500359414, 1.000000000000000000 ),
 .UNSPECIFIED. ) ;
#6199 =( GEOMETRIC_REPRESENTATION_CONTEXT ( 3 ) GLOBAL_UNCERTAINTY_ASSIGNED_CONTEXT ( ( #2158 ) ) GLOBAL_UNIT_ASSIGNED_CONTEXT ( ( #8080, #5386, #7465 ) ) REPRESENTATION_CONTEXT ( 'NONE', 'WORKASPACE' ) );
#6200 = UNCERTAINTY_MEASURE_WITH_UNIT (LENGTH_MEASURE( 1.000000000000000082E-05 ), #5327, 'distance_accuracy_value', 'NONE');
#6201 = ADVANCED_FACE ( 'NONE', ( #6100, #8388 ), #3440, .T. ) ;
#6202 = CYLINDRICAL_SURFACE ( 'NONE', #7878, 0.1500000000000008271 ) ;
#6203 = VERTEX_POINT ( 'NONE', #4156 ) ;
#6204 = CARTESIAN_POINT ( 'NONE',  ( -2.087906424189022836, 2.415000000000000036, 7.942183323856065513 ) ) ;
#6205 = VERTEX_POINT ( 'NONE', #793 ) ;
#6206 = COLOUR_RGB ( '',0.7529411764705882248, 0.7529411764705882248, 0.7529411764705882248 ) ;
#6207 = CARTESIAN_POINT ( 'NONE',  ( 1.079361204016105358, 2.415000000000000036, 7.776918900779141275 ) ) ;
#6208 = FACE_OUTER_BOUND ( 'NONE', #2497, .T. ) ;
#6209 = CARTESIAN_POINT ( 'NONE',  ( -1.577104624033167202, 2.415000000000000036, 5.195499696887255325 ) ) ;
#6210 =( LENGTH_UNIT ( ) NAMED_UNIT ( * ) SI_UNIT ( .MILLI., .METRE. ) );
#6211 = EDGE_CURVE ( 'NONE', #3743, #2076, #6955, .T. ) ;
#6212 = CARTESIAN_POINT ( 'NONE',  ( 0.1787396722590364195, 2.415000000000000036, 9.422396425158639843 ) ) ;
#6213 = UNCERTAINTY_MEASURE_WITH_UNIT (LENGTH_MEASURE( 1.000000000000000082E-05 ), #7670, 'distance_accuracy_value', 'NONE');
#6214 = EDGE_CURVE ( 'NONE', #304, #5271, #4245, .T. ) ;
#6215 = CARTESIAN_POINT ( 'NONE',  ( 1.681526376866510741, 2.415000000000000036, 7.444359415384560030 ) ) ;
#6216 = VERTEX_POINT ( 'NONE', #2680 ) ;
#6217 = CARTESIAN_POINT ( 'NONE',  ( 0.03454120014068104427, 2.415000000000000036, 7.590827920776511917 ) ) ;
#6218 = ORIENTED_EDGE ( 'NONE', *, *, #7504, .F. ) ;
#6219 =( LENGTH_UNIT ( ) NAMED_UNIT ( * ) SI_UNIT ( .MILLI., .METRE. ) );
#6220 = CARTESIAN_POINT ( 'NONE',  ( 2.042057729843716363, 2.415000000000000036, 9.642534096994669568 ) ) ;
#6221 = CARTESIAN_POINT ( 'NONE',  ( 1.150267846817313977, 2.415000000000000036, 5.902056928354035392 ) ) ;
#6222 = PRESENTATION_STYLE_ASSIGNMENT (( #3432 ) ) ;
#6223 = CARTESIAN_POINT ( 'NONE',  ( 1.819725629062777017, 2.415000000000000036, 7.161895513712227768 ) ) ;
#6224 = CARTESIAN_POINT ( 'NONE',  ( -2.292681926809172044, 2.415000000000000036, 7.403996036411761850 ) ) ;
#6225 = COLOUR_RGB ( '',0.8274509803921568096, 0.8392156862745098200, 0.8274509803921568096 ) ;
#6226 = EDGE_LOOP ( 'NONE', ( #905, #6435, #7147, #3689, #6383, #8210, #2072, #6074, #7161 ) ) ;
#6227 = DIRECTION ( 'NONE',  ( 0.0000000000000000000, 1.000000000000000000, 0.0000000000000000000 ) ) ;
#6228 = DIRECTION ( 'NONE',  ( 1.000000000000000000, 0.0000000000000000000, 0.0000000000000000000 ) ) ;
#6229 = CYLINDRICAL_SURFACE ( 'NONE', #7296, 0.4049999999999999711 ) ;
#6230 = CARTESIAN_POINT ( 'NONE',  ( -0.5525157300282574901, 2.415000000000000036, 1.996760928977459049 ) ) ;
#6231 = CARTESIAN_POINT ( 'NONE',  ( 5.285680053071279971, 2.415000000000000036, 1.582246484644954876 ) ) ;
#6232 = CARTESIAN_POINT ( 'NONE',  ( 0.3113210787123056877, 2.415000000000000036, 2.043784946183417883 ) ) ;
#6233 = DIRECTION ( 'NONE',  ( -0.7071067811865467956, 0.0000000000000000000, 0.7071067811865482389 ) ) ;
#6234 = CARTESIAN_POINT ( 'NONE',  ( 1.175475834676784848, 2.415000000000000036, 9.453662528935955933 ) ) ;
#6235 = EDGE_LOOP ( 'NONE', ( #6168, #3844 ) ) ;
#6236 = CARTESIAN_POINT ( 'NONE',  ( -0.9225133430118199751, 2.415000000000000036, 5.391431040943266417 ) ) ;
#6237 = CARTESIAN_POINT ( 'NONE',  ( -2.215123381672436054, 2.415000000000000036, 9.756621625282674515 ) ) ;
#6238 = EDGE_CURVE ( 'NONE', #4702, #5239, #1353, .T. ) ;
#6239 =( NAMED_UNIT ( * ) PLANE_ANGLE_UNIT ( ) SI_UNIT ( $, .RADIAN. ) );
#6240 = ORIENTED_EDGE ( 'NONE', *, *, #2995, .F. ) ;
#6241 =( LENGTH_UNIT ( ) NAMED_UNIT ( * ) SI_UNIT ( .MILLI., .METRE. ) );
#6242 = EDGE_LOOP ( 'NONE', ( #7350, #6337, #2025, #2338, #4942 ) ) ;
#6243 = FACE_OUTER_BOUND ( 'NONE', #3957, .T. ) ;
#6244 = VERTEX_POINT ( 'NONE', #1036 ) ;
#6245 = B_SPLINE_CURVE_WITH_KNOTS ( 'NONE', 3,
 ( #911, #2377, #3641, #6384, #2945, #3680, #8497, #6428, #7093, #1724, #2286 ),
 .UNSPECIFIED., .F., .F.,
 ( 4, 1, 1, 1, 1, 1, 1, 1, 4 ),
 ( 0.0000000000000000000, 0.1639962778091427764, 0.3173296884643037052, 0.4580614196800900650, 0.5881864158298475420, 0.7079510374084222457, 0.8163213883427514750, 0.9135844418915884946, 1.000000000000000000 ),
 .UNSPECIFIED. ) ;
#6246 = CARTESIAN_POINT ( 'NONE',  ( 2.989016652734053814, 2.415000000000000036, 8.161534285394525412 ) ) ;
#6247 = ADVANCED_FACE ( 'NONE', ( #302 ), #8478, .F. ) ;
#6248 = DIRECTION ( 'NONE',  ( -1.000000000000000000, 0.0000000000000000000, -5.354084802397552748E-16 ) ) ;
#6249 = CARTESIAN_POINT ( 'NONE',  ( 1.905000000000000027, 0.0000000000000000000, -3.299999999999999822 ) ) ;
#6250 = CARTESIAN_POINT ( 'NONE',  ( -0.05333009514233950921, 2.415000000000000036, 5.901984870905757852 ) ) ;
#6251 = FACE_OUTER_BOUND ( 'NONE', #550, .T. ) ;
#6252 = CARTESIAN_POINT ( 'NONE',  ( -2.772385807605107111, 2.415000000000000036, 9.542036908495033387 ) ) ;
#6253 = ORIENTED_EDGE ( 'NONE', *, *, #5276, .T. ) ;
#6254 = CARTESIAN_POINT ( 'NONE',  ( 5.040126265847093556, -2.260000000000000231, 12.03999999999999915 ) ) ;
#6255 = ORIENTED_EDGE ( 'NONE', *, *, #2830, .T. ) ;
#6256 = MECHANICAL_DESIGN_GEOMETRIC_PRESENTATION_REPRESENTATION (  '', ( #2374 ), #7396 ) ;
#6257 = EDGE_CURVE ( 'NONE', #1479, #7051, #8611, .T. ) ;
#6258 = ORIENTED_EDGE ( 'NONE', *, *, #8250, .F. ) ;
#6259 = CARTESIAN_POINT ( 'NONE',  ( -2.014989757522355429, 2.415000000000000036, 7.443585567445806461 ) ) ;
#6260 = CARTESIAN_POINT ( 'NONE',  ( -3.305855142137743563, 2.415000000000000036, 9.531886849497091418 ) ) ;
#6261 = DIRECTION ( 'NONE',  ( 0.0000000000000000000, 0.0000000000000000000, 1.000000000000000000 ) ) ;
#6262 = DIRECTION ( 'NONE',  ( 1.224646799147353207E-16, 1.000000000000000000, -0.0000000000000000000 ) ) ;
#6263 = CARTESIAN_POINT ( 'NONE',  ( 1.740829047276220454, 2.415000000000000036, 7.169628954182877045 ) ) ;
#6264 = CARTESIAN_POINT ( 'NONE',  ( -7.214999999999998082, 2.265000000000000124, 12.03999999999999915 ) ) ;
#6265 = CARTESIAN_POINT ( 'NONE',  ( -2.201738053557842800, 2.415000000000000036, 7.316297048600546304 ) ) ;
#6266 = SURFACE_STYLE_USAGE ( .BOTH. , #6695 ) ;
#6267 = ORIENTED_EDGE ( 'NONE', *, *, #5868, .F. ) ;
#6268 = VECTOR ( 'NONE', #5268, 1000.000000000000000 ) ;
#6269 = FILL_AREA_STYLE_COLOUR ( '', #2462 ) ;
#6270 = CARTESIAN_POINT ( 'NONE',  ( -0.03762597547107442153, 2.415000000000000036, 9.790700952061191842 ) ) ;
#6271 = FILL_AREA_STYLE ('',( #8560 ) ) ;
#6272 = CARTESIAN_POINT ( 'NONE',  ( -0.7572570431944528613, 2.415000000000000036, 5.856657922487184642 ) ) ;
#6273 = SURFACE_STYLE_USAGE ( .BOTH. , #3524 ) ;
#6274 = CARTESIAN_POINT ( 'NONE',  ( 3.072911246907717775, 2.415000000000000036, 9.829277009511656615 ) ) ;
#6275 = CARTESIAN_POINT ( 'NONE',  ( 7.215000000000001634, -2.260000000000000231, 9.865126265847081299 ) ) ;
#6276 = DIRECTION ( 'NONE',  ( -1.000000000000000000, 0.0000000000000000000, 0.0000000000000000000 ) ) ;
#6277 = CARTESIAN_POINT ( 'NONE',  ( 0.2193939530668517490, 2.415000000000000036, 7.644285977729007087 ) ) ;
#6278 = CARTESIAN_POINT ( 'NONE',  ( -0.2273378550819885324, 2.415000000000000036, 8.002099465040195980 ) ) ;
#6279 = VECTOR ( 'NONE', #2093, 1000.000000000000000 ) ;
#6280 = VERTEX_POINT ( 'NONE', #6456 ) ;
#6281 = CARTESIAN_POINT ( 'NONE',  ( -1.216297363520135955, 2.415000000000000036, 5.236195550433000889 ) ) ;
#6282 = CARTESIAN_POINT ( 'NONE',  ( 1.130042293759694783, 2.415000000000000036, 9.320749028984272044 ) ) ;
#6283 = CARTESIAN_POINT ( 'NONE',  ( -2.767393603676203462, 2.415000000000000036, 9.971790695650936343 ) ) ;
#6284 = VECTOR ( 'NONE', #3619, 1000.000000000000000 ) ;
#6285 = CARTESIAN_POINT ( 'NONE',  ( -0.7220638393170815128, 2.415000000000000036, 7.995872042637741650 ) ) ;
#6286 = MECHANICAL_DESIGN_GEOMETRIC_PRESENTATION_REPRESENTATION (  '', ( #7908 ), #4415 ) ;
#6287 = VECTOR ( 'NONE', #1200, 1000.000000000000000 ) ;
#6288 = DIRECTION ( 'NONE',  ( 0.0000000000000000000, -0.0000000000000000000, 1.000000000000000000 ) ) ;
#6289 = ORIENTED_EDGE ( 'NONE', *, *, #2939, .F. ) ;
#6290 = SPHERICAL_SURFACE ( 'NONE', #6713, 0.1499999999999999944 ) ;
#6291 = VERTEX_POINT ( 'NONE', #6409 ) ;
#6292 = MECHANICAL_DESIGN_GEOMETRIC_PRESENTATION_REPRESENTATION (  '', ( #3704 ), #6143 ) ;
#6293 = ORIENTED_EDGE ( 'NONE', *, *, #4708, .F. ) ;
#6294 = SURFACE_STYLE_USAGE ( .BOTH. , #681 ) ;
#6295 = DIRECTION ( 'NONE',  ( -5.782411586589358033E-15, 1.000000000000000000, 0.0000000000000000000 ) ) ;
#6296 = FILL_AREA_STYLE ('',( #2859 ) ) ;
#6297 = PRESENTATION_STYLE_ASSIGNMENT (( #4492 ) ) ;
#6298 = MECHANICAL_DESIGN_GEOMETRIC_PRESENTATION_REPRESENTATION (  '', ( #2977 ), #4704 ) ;
#6299 = PRESENTATION_LAYER_ASSIGNMENT (  '', '', ( #5424 ) ) ;
#6300 = CARTESIAN_POINT ( 'NONE',  ( -0.008980142137740718122, 2.415000000000000036, 5.902559926420166470 ) ) ;
#6301 = UNCERTAINTY_MEASURE_WITH_UNIT (LENGTH_MEASURE( 1.000000000000000082E-05 ), #4339, 'distance_accuracy_value', 'NONE');
#6302 = CARTESIAN_POINT ( 'NONE',  ( -2.690712713936389999, 2.415000000000000036, 9.427875912763834521 ) ) ;
#6303 = ORIENTED_EDGE ( 'NONE', *, *, #6812, .F. ) ;
#6304 = ORIENTED_EDGE ( 'NONE', *, *, #3239, .T. ) ;
#6305 = EDGE_CURVE ( 'NONE', #3891, #2261, #2926, .T. ) ;
#6306 = ORIENTED_EDGE ( 'NONE', *, *, #3350, .T. ) ;
#6307 =( GEOMETRIC_REPRESENTATION_CONTEXT ( 3 ) GLOBAL_UNCERTAINTY_ASSIGNED_CONTEXT ( ( #906 ) ) GLOBAL_UNIT_ASSIGNED_CONTEXT ( ( #4066, #8182, #2636 ) ) REPRESENTATION_CONTEXT ( 'NONE', 'WORKASPACE' ) );
#6308 =( NAMED_UNIT ( * ) PLANE_ANGLE_UNIT ( ) SI_UNIT ( $, .RADIAN. ) );
#6309 = CARTESIAN_POINT ( 'NONE',  ( 7.365000000000000213, 2.265000000000000124, 1.166000000000000814 ) ) ;
#6310 = DIRECTION ( 'NONE',  ( 0.0000000000000000000, -1.000000000000000000, 0.0000000000000000000 ) ) ;
#6311 = EDGE_CURVE ( 'NONE', #6740, #3646, #5687, .T. ) ;
#6312 = CARTESIAN_POINT ( 'NONE',  ( -2.088438841787547684, 2.415000000000000036, 7.929638783865367913 ) ) ;
#6313 = FILL_AREA_STYLE_COLOUR ( '', #3713 ) ;
#6314 = EDGE_CURVE ( 'NONE', #8920, #5725, #6567, .T. ) ;
#6315 = CARTESIAN_POINT ( 'NONE',  ( 1.863071737934564487, 2.415000000000000036, 5.750192266731453117 ) ) ;
#6316 = ORIENTED_EDGE ( 'NONE', *, *, #208, .T. ) ;
#6317 = EDGE_CURVE ( 'NONE', #3436, #2160, #5009, .T. ) ;
#6318 = SURFACE_SIDE_STYLE ('',( #3573 ) ) ;
#6319 = CARTESIAN_POINT ( 'NONE',  ( 1.075680690939067263, 2.415000000000000036, 7.598333436872379387 ) ) ;
#6320 = DIRECTION ( 'NONE',  ( -0.0000000000000000000, -0.0000000000000000000, 1.000000000000000000 ) ) ;
#6321 = CARTESIAN_POINT ( 'NONE',  ( -0.6776500139326132599, 2.415000000000000036, 10.26666249052273017 ) ) ;
#6322 = CARTESIAN_POINT ( 'NONE',  ( 1.566868295742577910, 2.415000000000000036, 7.872899565616649831 ) ) ;
#6323 = CARTESIAN_POINT ( 'NONE',  ( 4.888132034355965772, -2.410000000000000142, 1.166000000000000814 ) ) ;
#6324 = CARTESIAN_POINT ( 'NONE',  ( 1.323351588631489495, 2.415000000000000036, 9.394867618727857916 ) ) ;
#6325 = EDGE_CURVE ( 'NONE', #4757, #1320, #6519, .T. ) ;
#6326 = CARTESIAN_POINT ( 'NONE',  ( -0.3544082840689092295, 2.415000000000000036, 5.432393869067235315 ) ) ;
#6327 = ORIENTED_EDGE ( 'NONE', *, *, #376, .F. ) ;
#6328 = CARTESIAN_POINT ( 'NONE',  ( -1.086389321768942429, 2.415000000000000036, 5.260630401478422868 ) ) ;
#6329 = CARTESIAN_POINT ( 'NONE',  ( 1.183262240363312179, 2.415000000000000036, 9.278110826000903089 ) ) ;
#6330 = SURFACE_STYLE_FILL_AREA ( #5016 ) ;
#6331 = MECHANICAL_DESIGN_GEOMETRIC_PRESENTATION_REPRESENTATION (  '', ( #4164 ), #6619 ) ;
#6332 = CARTESIAN_POINT ( 'NONE',  ( -0.5075507670720745823, 2.415000000000000036, 8.147643633302015687 ) ) ;
#6333 = CARTESIAN_POINT ( 'NONE',  ( 1.702397608910519944, 2.415000000000000036, 8.120189970755308906 ) ) ;
#6334 = ORIENTED_EDGE ( 'NONE', *, *, #4661, .T. ) ;
#6335 = COLOUR_RGB ( '',0.7529411764705882248, 0.7529411764705882248, 0.7529411764705882248 ) ;
#6336 = ORIENTED_EDGE ( 'NONE', *, *, #5469, .F. ) ;
#6337 = ORIENTED_EDGE ( 'NONE', *, *, #5631, .F. ) ;
#6338 = FACE_BOUND ( 'NONE', #3675, .T. ) ;
#6339 = CIRCLE ( 'NONE', #3466, 0.1499999999999999667 ) ;
#6340 = DIRECTION ( 'NONE',  ( 0.0000000000000000000, 0.0000000000000000000, 1.000000000000000000 ) ) ;
#6341 = CARTESIAN_POINT ( 'NONE',  ( 2.731867965644037444, 2.415000000000000036, 0.8660000000000008802 ) ) ;
#6342 = FILL_AREA_STYLE ('',( #3601 ) ) ;
#6343 = VERTEX_POINT ( 'NONE', #6323 ) ;
#6344 =( GEOMETRIC_REPRESENTATION_CONTEXT ( 3 ) GLOBAL_UNCERTAINTY_ASSIGNED_CONTEXT ( ( #6025 ) ) GLOBAL_UNIT_ASSIGNED_CONTEXT ( ( #2653, #8155, #2143 ) ) REPRESENTATION_CONTEXT ( 'NONE', 'WORKASPACE' ) );
#6345 = CIRCLE ( 'NONE', #3313, 0.1499999999999999667 ) ;
#6346 = ORIENTED_EDGE ( 'NONE', *, *, #7685, .F. ) ;
#6347 = VERTEX_POINT ( 'NONE', #8433 ) ;
#6348 = CARTESIAN_POINT ( 'NONE',  ( 1.883890418086804575, 2.415000000000000036, 7.764263217385192206 ) ) ;
#6349 = CARTESIAN_POINT ( 'NONE',  ( -3.629521141392148653, 2.415000000000000036, 9.966183814237316696 ) ) ;
#6350 = CARTESIAN_POINT ( 'NONE',  ( -0.8554742658437126668, 2.415000000000000036, 5.973913086732491884 ) ) ;
#6351 = CARTESIAN_POINT ( 'NONE',  ( 7.365000000000001990, -2.410000000000000142, 9.865126265847079523 ) ) ;
#6352 = VECTOR ( 'NONE', #5946, 1000.000000000000000 ) ;
#6353 = FILL_AREA_STYLE ('',( #5081 ) ) ;
#6354 = EDGE_CURVE ( 'NONE', #966, #8637, #630, .T. ) ;
#6355 = CARTESIAN_POINT ( 'NONE',  ( -2.087906424189022836, 2.415000000000000036, 7.942183323856065513 ) ) ;
#6356 = CARTESIAN_POINT ( 'NONE',  ( 0.8159397296571303526, 2.415000000000000036, 5.797992618727858094 ) ) ;
#6357 = CARTESIAN_POINT ( 'NONE',  ( -2.513288998920720552, 2.415000000000000036, 9.402933233388635514 ) ) ;
#6358 = CARTESIAN_POINT ( 'NONE',  ( -3.322777517559921900, 2.415000000000000036, 9.709386896156321001 ) ) ;
#6359 = ORIENTED_EDGE ( 'NONE', *, *, #4005, .T. ) ;
#6360 = CARTESIAN_POINT ( 'NONE',  ( -0.1322169582204866245, 2.415000000000000036, 9.829277009511653063 ) ) ;
#6361 = SURFACE_STYLE_USAGE ( .BOTH. , #1617 ) ;
#6362 =( LENGTH_UNIT ( ) NAMED_UNIT ( * ) SI_UNIT ( .MILLI., .METRE. ) );
#6363 = CARTESIAN_POINT ( 'NONE',  ( 0.7326063963237973153, 2.415000000000000036, 7.877479798215037299 ) ) ;
#6364 = CARTESIAN_POINT ( 'NONE',  ( 1.571594580342846381, 2.415000000000000036, 7.845925499478930476 ) ) ;
#6365 = CARTESIAN_POINT ( 'NONE',  ( -0.5016194382871422830, 2.415000000000000036, 7.377553644707300684 ) ) ;
#6366 = EDGE_CURVE ( 'NONE', #2652, #2544, #7263, .T. ) ;
#6367 = PRESENTATION_LAYER_ASSIGNMENT (  '', '', ( #8850 ) ) ;
#6368 = SURFACE_STYLE_USAGE ( .BOTH. , #4433 ) ;
#6369 = CARTESIAN_POINT ( 'NONE',  ( 1.117221780939181563, 2.415000000000000036, 9.608409285394525767 ) ) ;
#6370 = PRESENTATION_STYLE_ASSIGNMENT (( #1521 ) ) ;
#6371 = VERTEX_POINT ( 'NONE', #3124 ) ;
#6372 = ADVANCED_FACE ( 'NONE', ( #1249 ), #1962, .T. ) ;
#6373 = PRESENTATION_LAYER_ASSIGNMENT (  '', '', ( #1797 ) ) ;
#6374 = CARTESIAN_POINT ( 'NONE',  ( 1.682312515763462413, 2.415000000000000036, 9.756621625282672738 ) ) ;
#6375 = CARTESIAN_POINT ( 'NONE',  ( -2.552113639801247391, 2.415000000000000036, 9.817294703776610731 ) ) ;
#6376 = CARTESIAN_POINT ( 'NONE',  ( -0.6867079887074304390, 2.415000000000000036, 8.033341622516646297 ) ) ;
#6377 = CARTESIAN_POINT ( 'NONE',  ( -1.882778219060819769, 2.415000000000000036, 9.451157682830421791 ) ) ;
#6378 = LINE ( 'NONE', #6421, #275 ) ;
#6379 = EDGE_LOOP ( 'NONE', ( #6823, #1163, #5444, #3727, #2309, #8885, #3399, #1415 ) ) ;
#6380 = UNCERTAINTY_MEASURE_WITH_UNIT (LENGTH_MEASURE( 1.000000000000000082E-05 ), #6790, 'distance_accuracy_value', 'NONE');
#6381 = CARTESIAN_POINT ( 'NONE',  ( 0.1231239733264980069, 2.415000000000000036, 2.498920223818115183 ) ) ;
#6382 = VERTEX_POINT ( 'NONE', #3263 ) ;
#6383 = ORIENTED_EDGE ( 'NONE', *, *, #8660, .T. ) ;
#6384 = CARTESIAN_POINT ( 'NONE',  ( 1.905539047223900218, 2.415000000000000036, 8.160435566332278512 ) ) ;
#6385 = CARTESIAN_POINT ( 'NONE',  ( 5.715000000000000746, 0.0000000000000000000, -3.299999999999999822 ) ) ;
#6386 = B_SPLINE_CURVE_WITH_KNOTS ( 'NONE', 3,
 ( #7619, #7669, #6360, #6857, #206, #4200, #6270 ),
 .UNSPECIFIED., .F., .F.,
 ( 4, 1, 1, 1, 4 ),
 ( 0.0000000000000000000, 0.2612608318612233416, 0.5102993883140424236, 0.7552010505822351893, 1.000000000000000000 ),
 .UNSPECIFIED. ) ;
#6387 = CARTESIAN_POINT ( 'NONE',  ( -2.831496167778767337, 2.415000000000000036, 7.982047105907344786 ) ) ;
#6388 = UNCERTAINTY_MEASURE_WITH_UNIT (LENGTH_MEASURE( 1.000000000000000082E-05 ), #3130, 'distance_accuracy_value', 'NONE');
#6389 = LINE ( 'NONE', #7748, #8034 ) ;
#6390 = ORIENTED_EDGE ( 'NONE', *, *, #5824, .T. ) ;
#6391 = CARTESIAN_POINT ( 'NONE',  ( -0.2519007818632501006, 2.415000000000000036, 7.318031749439427358 ) ) ;
#6392 = ORIENTED_EDGE ( 'NONE', *, *, #7695, .T. ) ;
#6393 = VERTEX_POINT ( 'NONE', #7966 ) ;
#6394 = PLANE ( 'NONE',  #4894 ) ;
#6395 = AXIS2_PLACEMENT_3D ( 'NONE', #2322, #5785, #7831 ) ;
#6396 = FILL_AREA_STYLE ('',( #3695 ) ) ;
#6397 = CARTESIAN_POINT ( 'NONE',  ( -2.307492127822382333, 2.415000000000000036, 7.706986984625529225 ) ) ;
#6398 = CARTESIAN_POINT ( 'NONE',  ( -3.572231846417108780, 2.415000000000000036, 9.768250566337895791 ) ) ;
#6399 = SURFACE_SIDE_STYLE ('',( #5581 ) ) ;
#6400 = CARTESIAN_POINT ( 'NONE',  ( -2.062265398547999062, 2.415000000000000036, 9.451157682830421791 ) ) ;
#6401 = CARTESIAN_POINT ( 'NONE',  ( -2.414968189166163626, 2.415000000000000036, 9.470097825824540294 ) ) ;
#6402 = VERTEX_POINT ( 'NONE', #8798 ) ;
#6403 = CIRCLE ( 'NONE', #3084, 0.1500000000000008271 ) ;
#6404 = ORIENTED_EDGE ( 'NONE', *, *, #5092, .T. ) ;
#6405 = DIRECTION ( 'NONE',  ( -0.8922133429606088351, 0.0000000000000000000, -0.4516141612516761938 ) ) ;
#6406 = CARTESIAN_POINT ( 'NONE',  ( -2.030557227858004854, 2.415000000000000036, 7.164711544272614141 ) ) ;
#6407 = FILL_AREA_STYLE_COLOUR ( '', #1524 ) ;
#6408 = CIRCLE ( 'NONE', #7864, 0.1499999999999999667 ) ;
#6409 = CARTESIAN_POINT ( 'NONE',  ( -0.8152702062403048844, 2.415000000000000036, 5.932808323856064270 ) ) ;
#6410 = CARTESIAN_POINT ( 'NONE',  ( -2.535622770342870425, 2.415000000000000036, 9.984611208471447341 ) ) ;
#6411 = MECHANICAL_DESIGN_GEOMETRIC_PRESENTATION_REPRESENTATION (  '', ( #4984 ), #3830 ) ;
#6412 = COLOUR_RGB ( '',0.2509803921568627416, 0.2509803921568627416, 0.2509803921568627416 ) ;
#6413 = FILL_AREA_STYLE_COLOUR ( '', #1140 ) ;
#6414 = ORIENTED_EDGE ( 'NONE', *, *, #3908, .F. ) ;
#6415 = EDGE_CURVE ( 'NONE', #5340, #6581, #5237, .T. ) ;
#6416 = CARTESIAN_POINT ( 'NONE',  ( -7.214999999999999858, -2.260000000000000231, 1.016000000000000902 ) ) ;
#6417 = SHAPE_DEFINITION_REPRESENTATION ( #5245, #51 ) ;
#6418 = CARTESIAN_POINT ( 'NONE',  ( 1.566068622928803888, 2.415000000000000036, 7.908004434916876768 ) ) ;
#6419 = AXIS2_PLACEMENT_3D ( 'NONE', #7421, #6166, #8903 ) ;
#6420 = PRESENTATION_STYLE_ASSIGNMENT (( #2280 ) ) ;
#6421 = CARTESIAN_POINT ( 'NONE',  ( -2.767393603676203462, 2.415000000000000036, 9.241021464881704617 ) ) ;
#6422 = ORIENTED_EDGE ( 'NONE', *, *, #1712, .T. ) ;
#6423 = ADVANCED_FACE ( 'NONE', ( #3800 ), #6545, .T. ) ;
#6424 = EDGE_CURVE ( 'NONE', #8123, #1175, #520, .T. ) ;
#6425 = PRESENTATION_STYLE_ASSIGNMENT (( #2992 ) ) ;
#6426 = ORIENTED_EDGE ( 'NONE', *, *, #4062, .T. ) ;
#6427 =( GEOMETRIC_REPRESENTATION_CONTEXT ( 3 ) GLOBAL_UNCERTAINTY_ASSIGNED_CONTEXT ( ( #5301 ) ) GLOBAL_UNIT_ASSIGNED_CONTEXT ( ( #6984, #5331, #4907 ) ) REPRESENTATION_CONTEXT ( 'NONE', 'WORKASPACE' ) );
#6428 = CARTESIAN_POINT ( 'NONE',  ( 1.803449067465248357, 2.415000000000000036, 8.151788412486805413 ) ) ;
#6429 =( GEOMETRIC_REPRESENTATION_CONTEXT ( 3 ) GLOBAL_UNCERTAINTY_ASSIGNED_CONTEXT ( ( #272 ) ) GLOBAL_UNIT_ASSIGNED_CONTEXT ( ( #1456, #63, #5516 ) ) REPRESENTATION_CONTEXT ( 'NONE', 'WORKASPACE' ) );
#6430 = CARTESIAN_POINT ( 'NONE',  ( -0.1634272575223564838, 2.415000000000000036, 9.382047105907346918 ) ) ;
#6431 = CARTESIAN_POINT ( 'NONE',  ( 1.500000000000000000, 4.959819536546782449E-17, 1.015999999999999792 ) ) ;
#6432 = SURFACE_STYLE_FILL_AREA ( #1730 ) ;
#6433 = ORIENTED_EDGE ( 'NONE', *, *, #4214, .F. ) ;
#6434 = FILL_AREA_STYLE_COLOUR ( '', #7427 ) ;
#6435 = ORIENTED_EDGE ( 'NONE', *, *, #2526, .T. ) ;
#6436 = ORIENTED_EDGE ( 'NONE', *, *, #6311, .T. ) ;
#6437 = STYLED_ITEM ( 'NONE', ( #8465 ), #8625 ) ;
#6438 = PRESENTATION_STYLE_ASSIGNMENT (( #7196 ) ) ;
#6439 = VECTOR ( 'NONE', #5277, 1000.000000000000000 ) ;
#6440 = CARTESIAN_POINT ( 'NONE',  ( -0.9215403222790784499, 2.415000000000000036, 6.025224223269419532 ) ) ;
#6441 = CARTESIAN_POINT ( 'NONE',  ( 2.836079728998313954, 2.415000000000000036, 9.277264646777791057 ) ) ;
#6442 = FILL_AREA_STYLE_COLOUR ( '', #1968 ) ;
#6443 = FACE_OUTER_BOUND ( 'NONE', #3556, .T. ) ;
#6444 = LINE ( 'NONE', #3618, #260 ) ;
#6445 = VERTEX_POINT ( 'NONE', #1300 ) ;
#6446 = VECTOR ( 'NONE', #7283, 999.9999999999998863 ) ;
#6447 = CARTESIAN_POINT ( 'NONE',  ( -3.471119565214666469, 2.415000000000000036, 9.817944541804781267 ) ) ;
#6448 = ORIENTED_EDGE ( 'NONE', *, *, #7755, .T. ) ;
#6449 = CIRCLE ( 'NONE', #569, 0.1499999999999999667 ) ;
#6450 =( NAMED_UNIT ( * ) SI_UNIT ( $, .STERADIAN. ) SOLID_ANGLE_UNIT ( ) );
#6451 = CARTESIAN_POINT ( 'NONE',  ( -1.969311424204462924, 2.415000000000000036, 9.629062486068541205 ) ) ;
#6452 = CYLINDRICAL_SURFACE ( 'NONE', #558, 0.1499999999999999667 ) ;
#6453 = SURFACE_STYLE_FILL_AREA ( #1078 ) ;
#6454 = DIRECTION ( 'NONE',  ( 1.000000000000000000, 0.0000000000000000000, 0.0000000000000000000 ) ) ;
#6455 = SURFACE_STYLE_USAGE ( .BOTH. , #3712 ) ;
#6456 = CARTESIAN_POINT ( 'NONE',  ( 1.957766652734054036, 2.415000000000000036, 5.082047105907345319 ) ) ;
#6457 = CARTESIAN_POINT ( 'NONE',  ( -2.001970472817284907, 2.415000000000000036, 9.913022187948376640 ) ) ;
#6458 = CARTESIAN_POINT ( 'NONE',  ( 7.214999999999999858, 2.265000000000000124, 1.166000000000000814 ) ) ;
#6459 = ORIENTED_EDGE ( 'NONE', *, *, #607, .F. ) ;
#6460 = DIRECTION ( 'NONE',  ( 0.7071067811865464625, 0.0000000000000000000, 0.7071067811865486830 ) ) ;
#6461 = CARTESIAN_POINT ( 'NONE',  ( -3.743988627957130610, 2.415000000000000036, 9.873504964861007593 ) ) ;
#6462 = PRODUCT_CONTEXT ( 'NONE', #2769, 'mechanical' ) ;
#6463 = CARTESIAN_POINT ( 'NONE',  ( -0.2952381549582528963, 2.415000000000000036, 8.007688131548370336 ) ) ;
#6464 = FILL_AREA_STYLE_COLOUR ( '', #3273 ) ;
#6465 =( LENGTH_UNIT ( ) NAMED_UNIT ( * ) SI_UNIT ( .MILLI., .METRE. ) );
#6466 = DIRECTION ( 'NONE',  ( 0.0000000000000000000, 0.0000000000000000000, 1.000000000000000000 ) ) ;
#6467 = VERTEX_POINT ( 'NONE', #2787 ) ;
#6468 = UNCERTAINTY_MEASURE_WITH_UNIT (LENGTH_MEASURE( 1.000000000000000082E-05 ), #5739, 'distance_accuracy_value', 'NONE');
#6469 = DIRECTION ( 'NONE',  ( 0.0000000000000000000, 0.0000000000000000000, 1.000000000000000000 ) ) ;
#6470 = LINE ( 'NONE', #5658, #364 ) ;
#6471 = EDGE_CURVE ( 'NONE', #3379, #2641, #656, .T. ) ;
#6472 = CARTESIAN_POINT ( 'NONE',  ( -1.500000000000000000, 0.0000000000000000000, -3.500000000000000000 ) ) ;
#6473 = EDGE_CURVE ( 'NONE', #1853, #3743, #8279, .T. ) ;
#6474 = MECHANICAL_DESIGN_GEOMETRIC_PRESENTATION_REPRESENTATION (  '', ( #7471 ), #7188 ) ;
#6475 =( LENGTH_UNIT ( ) NAMED_UNIT ( * ) SI_UNIT ( .MILLI., .METRE. ) );
#6476 = EDGE_CURVE ( 'NONE', #451, #4309, #1933, .T. ) ;
#6477 = UNCERTAINTY_MEASURE_WITH_UNIT (LENGTH_MEASURE( 1.000000000000000082E-05 ), #7460, 'distance_accuracy_value', 'NONE');
#6478 = SURFACE_STYLE_USAGE ( .BOTH. , #6670 ) ;
#6479 = EDGE_LOOP ( 'NONE', ( #5086, #5978, #3479, #4436, #3286, #1261 ) ) ;
#6480 = DIRECTION ( 'NONE',  ( -0.0000000000000000000, -1.000000000000000000, -0.0000000000000000000 ) ) ;
#6481 = EDGE_LOOP ( 'NONE', ( #2195, #1939, #294, #2016, #2043, #8008, #2386, #2207 ) ) ;
#6482 = ORIENTED_EDGE ( 'NONE', *, *, #1105, .T. ) ;
#6483 = EDGE_CURVE ( 'NONE', #4653, #7630, #6177, .T. ) ;
#6484 = CARTESIAN_POINT ( 'NONE',  ( 2.068793794608535741, 2.415000000000000036, 9.768250566337895791 ) ) ;
#6485 = CARTESIAN_POINT ( 'NONE',  ( -2.264731705622116564, 2.415000000000000036, 7.744210250123821915 ) ) ;
#6486 = CARTESIAN_POINT ( 'NONE',  ( 2.897067059049381665, 2.415000000000000036, 9.249704411346012733 ) ) ;
#6487 = CARTESIAN_POINT ( 'NONE',  ( -3.810000000000000053, -2.410000000000000142, 0.0000000000000000000 ) ) ;
#6488 = CARTESIAN_POINT ( 'NONE',  ( -0.1506808323693733520, 2.415000000000000036, 2.146936161450666791 ) ) ;
#6489 = EDGE_CURVE ( 'NONE', #1949, #4989, #5651, .T. ) ;
#6490 = PRESENTATION_STYLE_ASSIGNMENT (( #7250 ) ) ;
#6491 =( GEOMETRIC_REPRESENTATION_CONTEXT ( 3 ) GLOBAL_UNCERTAINTY_ASSIGNED_CONTEXT ( ( #1906 ) ) GLOBAL_UNIT_ASSIGNED_CONTEXT ( ( #6219, #2867, #7563 ) ) REPRESENTATION_CONTEXT ( 'NONE', 'WORKASPACE' ) );
#6492 = FACE_BOUND ( 'NONE', #4218, .T. ) ;
#6493 = CARTESIAN_POINT ( 'NONE',  ( -2.373155453915319235, 2.415000000000000036, 9.563557906116853857 ) ) ;
#6494 = ORIENTED_EDGE ( 'NONE', *, *, #545, .T. ) ;
#6495 = ORIENTED_EDGE ( 'NONE', *, *, #110, .T. ) ;
#6496 = DIRECTION ( 'NONE',  ( -0.0000000000000000000, -1.000000000000000000, -0.0000000000000000000 ) ) ;
#6497 = AXIS2_PLACEMENT_3D ( 'NONE', #1558, #4281, #3650 ) ;
#6498 =( NAMED_UNIT ( * ) SI_UNIT ( $, .STERADIAN. ) SOLID_ANGLE_UNIT ( ) );
#6499 = CARTESIAN_POINT ( 'NONE',  ( 1.937849216704365718, 2.415000000000000036, 5.895503269380441225 ) ) ;
#6500 = DIRECTION ( 'NONE',  ( 0.0000000000000000000, 1.000000000000000000, 0.0000000000000000000 ) ) ;
#6501 = CARTESIAN_POINT ( 'NONE',  ( 1.710658681866076503, 2.415000000000000036, 7.540050099797423577 ) ) ;
#6502 = CARTESIAN_POINT ( 'NONE',  ( 0.0000000000000000000, 2.415000000000000036, 0.0000000000000000000 ) ) ;
#6503 =( NAMED_UNIT ( * ) SI_UNIT ( $, .STERADIAN. ) SOLID_ANGLE_UNIT ( ) );
#6504 = VERTEX_POINT ( 'NONE', #7762 ) ;
#6505 = CARTESIAN_POINT ( 'NONE',  ( -0.01901824967164828656, 2.415000000000000036, 9.775788518321370191 ) ) ;
#6506 = CARTESIAN_POINT ( 'NONE',  ( -5.310000000000000497, 0.0000000000000000000, -3.299999999999999822 ) ) ;
#6507 = CARTESIAN_POINT ( 'NONE',  ( 1.579331831188436119, 2.415000000000000036, 7.983424686485470545 ) ) ;
#6508 = CIRCLE ( 'NONE', #1789, 0.1500000000000000777 ) ;
#6509 =( NAMED_UNIT ( * ) PLANE_ANGLE_UNIT ( ) SI_UNIT ( $, .RADIAN. ) );
#6510 = CARTESIAN_POINT ( 'NONE',  ( 1.738187397386899091, 2.415000000000000036, 5.606256904818941678 ) ) ;
#6511 = DIRECTION ( 'NONE',  ( 0.0000000000000000000, 1.000000000000000000, 0.0000000000000000000 ) ) ;
#6512 =( LENGTH_UNIT ( ) NAMED_UNIT ( * ) SI_UNIT ( .MILLI., .METRE. ) );
#6513 = ORIENTED_EDGE ( 'NONE', *, *, #7929, .T. ) ;
#6514 = CARTESIAN_POINT ( 'NONE',  ( -1.461090653280532337, 2.415000000000000036, 5.334996012592555736 ) ) ;
#6515 = EDGE_LOOP ( 'NONE', ( #4658, #3771, #7811, #7838 ) ) ;
#6516 = CARTESIAN_POINT ( 'NONE',  ( 1.912423426439608054, 2.415000000000000036, 6.072301232999626208 ) ) ;
#6517 = FILL_AREA_STYLE ('',( #1726 ) ) ;
#6518 = DIRECTION ( 'NONE',  ( 0.0000000000000000000, 1.000000000000000000, 0.0000000000000000000 ) ) ;
#6519 = B_SPLINE_CURVE_WITH_KNOTS ( 'NONE', 3,
 ( #7121, #1703, #2407, #5148, #7915, #7773, #1747, #4482, #7215, #1621, #3579 ),
 .UNSPECIFIED., .F., .F.,
 ( 4, 1, 1, 1, 1, 1, 1, 1, 4 ),
 ( 0.0000000000000000000, 0.1619900038900388972, 0.3101604653658878719, 0.4432027026979059592, 0.5676201474488398180, 0.6837150015179317419, 0.7914141183351345310, 0.8930968228990010527, 1.000000000000000000 ),
 .UNSPECIFIED. ) ;
#6520 = ORIENTED_EDGE ( 'NONE', *, *, #1931, .T. ) ;
#6521 = CARTESIAN_POINT ( 'NONE',  ( -1.951204872431679949, 2.415000000000000036, 7.793756747572829546 ) ) ;
#6522 = ORIENTED_EDGE ( 'NONE', *, *, #5107, .T. ) ;
#6523 = ORIENTED_EDGE ( 'NONE', *, *, #4983, .T. ) ;
#6524 = EDGE_CURVE ( 'NONE', #2076, #4226, #3651, .T. ) ;
#6525 = CARTESIAN_POINT ( 'NONE',  ( 2.162733984226106632, 2.415000000000000036, 9.817711830995483169 ) ) ;
#6526 = DIRECTION ( 'NONE',  ( 1.000000000000000000, -0.0000000000000000000, -5.978271136194193815E-16 ) ) ;
#6527 = CARTESIAN_POINT ( 'NONE',  ( -3.597971478923975397, 2.415000000000000036, 9.665466198664510955 ) ) ;
#6528 = DIRECTION ( 'NONE',  ( -0.7071067811865476838, 0.0000000000000000000, -0.7071067811865474617 ) ) ;
#6529 = DIRECTION ( 'NONE',  ( 0.7071067811865473507, -0.0000000000000000000, 0.7071067811865477948 ) ) ;
#6530 = CARTESIAN_POINT ( 'NONE',  ( 4.439526206917434159, 2.415000000000000036, 2.402759305157775582 ) ) ;
#6531 = DIRECTION ( 'NONE',  ( 0.0000000000000000000, 0.0000000000000000000, 1.000000000000000000 ) ) ;
#6532 = CARTESIAN_POINT ( 'NONE',  ( 1.356404473246874076, 2.415000000000000036, 9.228200952061190065 ) ) ;
#6533 = VERTEX_POINT ( 'NONE', #1510 ) ;
#6534 = EDGE_CURVE ( 'NONE', #2561, #5109, #6444, .T. ) ;
#6535 = VERTEX_POINT ( 'NONE', #335 ) ;
#6536 = VECTOR ( 'NONE', #957, 1000.000000000000000 ) ;
#6537 = CARTESIAN_POINT ( 'NONE',  ( 2.873702443454690503, 2.415000000000000036, 9.754647250887986232 ) ) ;
#6538 = CARTESIAN_POINT ( 'NONE',  ( 2.927390988389640292, 2.415000000000000036, 9.411346556812388187 ) ) ;
#6539 = SURFACE_SIDE_STYLE ('',( #4478 ) ) ;
#6540 = CARTESIAN_POINT ( 'NONE',  ( 0.04029870401610607944, 2.415000000000000036, 7.663537490522730700 ) ) ;
#6541 = CARTESIAN_POINT ( 'NONE',  ( 1.117442389771716948, 2.415000000000000036, 9.616027604571524279 ) ) ;
#6542 = FILL_AREA_STYLE_COLOUR ( '', #7598 ) ;
#6543 = CARTESIAN_POINT ( 'NONE',  ( 0.0000000000000000000, 2.415000000000000036, 0.0000000000000000000 ) ) ;
#6544 = PRESENTATION_LAYER_ASSIGNMENT (  '', '', ( #3970 ) ) ;
#6545 = CYLINDRICAL_SURFACE ( 'NONE', #252, 0.1499999999999996059 ) ;
#6546 = CARTESIAN_POINT ( 'NONE',  ( -1.810863154958255450, 2.415000000000000036, 9.984611208471447341 ) ) ;
#6547 = ORIENTED_EDGE ( 'NONE', *, *, #5738, .T. ) ;
#6548 = FACE_OUTER_BOUND ( 'NONE', #315, .T. ) ;
#6549 = ORIENTED_EDGE ( 'NONE', *, *, #992, .F. ) ;
#6550 = AXIS2_PLACEMENT_3D ( 'NONE', #4706, #8683, #3822 ) ;
#6551 =( LENGTH_UNIT ( ) NAMED_UNIT ( * ) SI_UNIT ( .MILLI., .METRE. ) );
#6552 = CARTESIAN_POINT ( 'NONE',  ( 0.0000000000000000000, 0.0000000000000000000, 0.0000000000000000000 ) ) ;
#6553 = SURFACE_STYLE_USAGE ( .BOTH. , #1888 ) ;
#6554 = B_SPLINE_CURVE_WITH_KNOTS ( 'NONE', 3,
 ( #1304, #4073, #2090, #7622, #5407, #1390, #4782, #6859, #706, #4820, #7582, #4031, #8192, #2052, #6902, #6819, #3482, #4204, #6952 ),
 .UNSPECIFIED., .F., .F.,
 ( 4, 1, 1, 1, 1, 1, 1, 1, 1, 1, 1, 1, 1, 1, 1, 1, 4 ),
 ( 0.0000000000000000000, 0.07778356331998181883, 0.1518168810519675005, 0.2225416324690761005, 0.2902798746034679356, 0.3546434662369462032, 0.4158011052220824122, 0.4747128342893124353, 0.5304303753738081051, 0.5855844661714265653, 0.6413066787376524580, 0.6979002796360522787, 0.7554199735123051651, 0.8145213875304203599, 0.8748764467719344351, 0.9366692062363264348, 1.000000000000000000 ),
 .UNSPECIFIED. ) ;
#6555 = CARTESIAN_POINT ( 'NONE',  ( 1.650857471790995401, 2.415000000000000036, 5.522510930848159916 ) ) ;
#6556 = AXIS2_PLACEMENT_3D ( 'NONE', #6794, #764, #6877 ) ;
#6557 = LINE ( 'NONE', #2752, #2573 ) ;
#6558 = AXIS2_PLACEMENT_3D ( 'NONE', #1570, #5777, #255 ) ;
#6559 = DIRECTION ( 'NONE',  ( 0.0000000000000000000, 1.000000000000000000, 0.0000000000000000000 ) ) ;
#6560 = ORIENTED_EDGE ( 'NONE', *, *, #4628, .T. ) ;
#6561 = CARTESIAN_POINT ( 'NONE',  ( 7.321066017177984442, -2.410000000000000142, 9.971192283025061442 ) ) ;
#6562 = CARTESIAN_POINT ( 'NONE',  ( 0.9302270659519112916, 2.415000000000000036, 7.938157211442480765 ) ) ;
#6563 = ORIENTED_EDGE ( 'NONE', *, *, #6968, .F. ) ;
#6564 = SURFACE_STYLE_USAGE ( .BOTH. , #2428 ) ;
#6565 = DIRECTION ( 'NONE',  ( 0.0000000000000000000, 1.000000000000000000, 0.0000000000000000000 ) ) ;
#6566 = CARTESIAN_POINT ( 'NONE',  ( 1.517422857755148069, 2.415000000000000036, 7.550621415490669008 ) ) ;
#6567 = CIRCLE ( 'NONE', #4262, 0.1499999999999999667 ) ;
#6568 = CARTESIAN_POINT ( 'NONE',  ( 0.2195014070030903430, 2.415000000000000036, 9.589296460677877221 ) ) ;
#6569 = ORIENTED_EDGE ( 'NONE', *, *, #4265, .F. ) ;
#6570 = CARTESIAN_POINT ( 'NONE',  ( -0.7548594956672373124, 2.415000000000000036, 5.316908864225080578 ) ) ;
#6571 = EDGE_LOOP ( 'NONE', ( #1081, #4360, #2875, #4677, #3465 ) ) ;
#6572 = VECTOR ( 'NONE', #1188, 1000.000000000000000 ) ;
#6573 = DIRECTION ( 'NONE',  ( -1.000000000000000000, 0.0000000000000000000, 5.978271136194193815E-16 ) ) ;
#6574 = CARTESIAN_POINT ( 'NONE',  ( -0.1532109113685103108, 2.415000000000000036, 9.984611208471447341 ) ) ;
#6575 = CARTESIAN_POINT ( 'NONE',  ( 2.335170498887899626, 2.415000000000000036, 9.971790695650936343 ) ) ;
#6576 =( NAMED_UNIT ( * ) PLANE_ANGLE_UNIT ( ) SI_UNIT ( $, .RADIAN. ) );
#6577 = B_SPLINE_CURVE_WITH_KNOTS ( 'NONE', 3,
 ( #5817, #8601, #3621, #6537, #2397, #5140, #1743, #1654, #1791, #2265, #980 ),
 .UNSPECIFIED., .F., .F.,
 ( 4, 1, 1, 1, 1, 1, 1, 1, 4 ),
 ( 0.0000000000000000000, 0.1193185523868192377, 0.2369690225604319522, 0.3563998219639663567, 0.4809115285861531031, 0.6078214982174657832, 0.7347578606887510411, 0.8646446540325163355, 1.000000000000000000 ),
 .UNSPECIFIED. ) ;
#6578 = CARTESIAN_POINT ( 'NONE',  ( -3.190470526753126368, 2.415000000000000036, 8.161534285394525412 ) ) ;
#6579 = EDGE_CURVE ( 'NONE', #4337, #6958, #5125, .T. ) ;
#6580 = CARTESIAN_POINT ( 'NONE',  ( 1.706661139308824682, 2.415000000000000036, 9.591902202564240199 ) ) ;
#6581 = VERTEX_POINT ( 'NONE', #4233 ) ;
#6582 =( LENGTH_UNIT ( ) NAMED_UNIT ( * ) SI_UNIT ( .MILLI., .METRE. ) );
#6583 = ORIENTED_EDGE ( 'NONE', *, *, #7301, .T. ) ;
#6584 = COLOUR_RGB ( '',0.8274509803921568096, 0.8392156862745098200, 0.8274509803921568096 ) ;
#6585 = PLANE ( 'NONE',  #7786 ) ;
#6586 = CARTESIAN_POINT ( 'NONE',  ( 2.907264313008965928, 2.415000000000000036, 9.424563005808114013 ) ) ;
#6587 = CARTESIAN_POINT ( 'NONE',  ( 1.900938733066828812, 2.415000000000000036, 5.881025613372678151 ) ) ;
#6588 = CARTESIAN_POINT ( 'NONE',  ( -0.8571371934197926645, 2.415000000000000036, 10.26666249052273017 ) ) ;
#6589 = CARTESIAN_POINT ( 'NONE',  ( -0.3487737087488218535, 2.415000000000000036, 2.463277240687064662 ) ) ;
#6590 = ADVANCED_FACE ( 'NONE', ( #975 ), #1705, .T. ) ;
#6591 = EDGE_CURVE ( 'NONE', #1633, #1765, #8268, .T. ) ;
#6592 = CARTESIAN_POINT ( 'NONE',  ( 0.7327005935721468965, 2.415000000000000036, 7.885030334410655151 ) ) ;
#6593 = AXIS2_PLACEMENT_3D ( 'NONE', #147, #1450, #2857 ) ;
#6594 = CIRCLE ( 'NONE', #4845, 0.1499999999999999944 ) ;
#6595 = EDGE_CURVE ( 'NONE', #5321, #2683, #1492, .T. ) ;
#6596 = FILL_AREA_STYLE ('',( #4620 ) ) ;
#6597 = CARTESIAN_POINT ( 'NONE',  ( -1.912610002100770368, 2.415000000000000036, 9.967088291117738308 ) ) ;
#6598 = VERTEX_POINT ( 'NONE', #8084 ) ;
#6599 = DIRECTION ( 'NONE',  ( 0.0000000000000000000, 1.000000000000000000, 0.0000000000000000000 ) ) ;
#6600 = ORIENTED_EDGE ( 'NONE', *, *, #7463, .T. ) ;
#6601 = CARTESIAN_POINT ( 'NONE',  ( -3.190470526753126368, 2.415000000000000036, 7.610252234112473424 ) ) ;
#6602 = SURFACE_STYLE_FILL_AREA ( #3719 ) ;
#6603 =( LENGTH_UNIT ( ) NAMED_UNIT ( * ) SI_UNIT ( .MILLI., .METRE. ) );
#6604 = CARTESIAN_POINT ( 'NONE',  ( 0.0000000000000000000, 2.415000000000000036, 0.0000000000000000000 ) ) ;
#6605 =( LENGTH_UNIT ( ) NAMED_UNIT ( * ) SI_UNIT ( .MILLI., .METRE. ) );
#6606 = EDGE_CURVE ( 'NONE', #7468, #2426, #3842, .T. ) ;
#6607 = CARTESIAN_POINT ( 'NONE',  ( -4.825999999999999623, -2.410000000000000142, 1.015999999999999348 ) ) ;
#6608 = VERTEX_POINT ( 'NONE', #7204 ) ;
#6609 = DIRECTION ( 'NONE',  ( 0.0000000000000000000, 0.0000000000000000000, 1.000000000000000000 ) ) ;
#6610 = LINE ( 'NONE', #3870, #8015 ) ;
#6611 = ORIENTED_EDGE ( 'NONE', *, *, #4279, .T. ) ;
#6612 = CARTESIAN_POINT ( 'NONE',  ( 5.798500565891793634, 2.415000000000000036, 2.069425971824442101 ) ) ;
#6613 = CARTESIAN_POINT ( 'NONE',  ( 1.907686524528925620, 2.415000000000000036, 7.597431721291959761 ) ) ;
#6614 = AXIS2_PLACEMENT_3D ( 'NONE', #7972, #4392, #8532 ) ;
#6615 = CARTESIAN_POINT ( 'NONE',  ( 2.900066017177984623, -2.260000000000000231, 1.122066017177982822 ) ) ;
#6616 = DIRECTION ( 'NONE',  ( 0.0000000000000000000, 0.0000000000000000000, 1.000000000000000000 ) ) ;
#6617 = CARTESIAN_POINT ( 'NONE',  ( 0.7747452892352650888, 2.415000000000000036, 7.724412649536920306 ) ) ;
#6618 = CARTESIAN_POINT ( 'NONE',  ( 1.222189729657130242, 2.415000000000000036, 6.082047105907345319 ) ) ;
#6619 =( GEOMETRIC_REPRESENTATION_CONTEXT ( 3 ) GLOBAL_UNCERTAINTY_ASSIGNED_CONTEXT ( ( #5569 ) ) GLOBAL_UNIT_ASSIGNED_CONTEXT ( ( #75, #7032, #1566 ) ) REPRESENTATION_CONTEXT ( 'NONE', 'WORKASPACE' ) );
#6620 = CARTESIAN_POINT ( 'NONE',  ( -3.518046217633189254, 2.415000000000000036, 9.984402163665423657 ) ) ;
#6621 = EDGE_LOOP ( 'NONE', ( #3202, #1322, #777, #1127 ) ) ;
#6622 = VERTEX_POINT ( 'NONE', #2540 ) ;
#6623 = VECTOR ( 'NONE', #1929, 1000.000000000000000 ) ;
#6624 = CARTESIAN_POINT ( 'NONE',  ( 1.526811799276340587, 2.415000000000000036, 9.585375990136856927 ) ) ;
#6625 = VECTOR ( 'NONE', #5482, 1000.000000000000000 ) ;
#6626 = CARTESIAN_POINT ( 'NONE',  ( -0.1634272575223564838, 2.415000000000000036, 9.382047105907346918 ) ) ;
#6627 = DIRECTION ( 'NONE',  ( 0.0000000000000000000, 0.0000000000000000000, -1.000000000000000000 ) ) ;
#6628 = CARTESIAN_POINT ( 'NONE',  ( 1.112097829107305369, 2.415000000000000036, 5.700627356417490965 ) ) ;
#6629 = CARTESIAN_POINT ( 'NONE',  ( 1.905000000000000027, 0.0000000000000000000, -3.500000000000000000 ) ) ;
#6630 = LINE ( 'NONE', #1783, #6128 ) ;
#6631 = CARTESIAN_POINT ( 'NONE',  ( -0.5193007257532428200, 2.415000000000000036, 2.391312721480830739 ) ) ;
#6632 = VERTEX_POINT ( 'NONE', #1071 ) ;
#6633 =( GEOMETRIC_REPRESENTATION_CONTEXT ( 3 ) GLOBAL_UNCERTAINTY_ASSIGNED_CONTEXT ( ( #3687 ) ) GLOBAL_UNIT_ASSIGNED_CONTEXT ( ( #5395, #517, #3257 ) ) REPRESENTATION_CONTEXT ( 'NONE', 'WORKASPACE' ) );
#6634 = AXIS2_PLACEMENT_3D ( 'NONE', #3643, #4363, #8542 ) ;
#6635 = CARTESIAN_POINT ( 'NONE',  ( -3.167236267654503782E-16, 2.265000000000000124, 1.165999999999999925 ) ) ;
#6636 = ORIENTED_EDGE ( 'NONE', *, *, #7742, .T. ) ;
#6637 = SURFACE_STYLE_USAGE ( .BOTH. , #3893 ) ;
#6638 = DIRECTION ( 'NONE',  ( 0.7071067811865459074, 0.0000000000000000000, -0.7071067811865491270 ) ) ;
#6639 = EDGE_CURVE ( 'NONE', #5882, #6371, #3252, .T. ) ;
#6640 = CARTESIAN_POINT ( 'NONE',  ( 4.888132034355965772, -2.260000000000000231, 1.166000000000000814 ) ) ;
#6641 = CARTESIAN_POINT ( 'NONE',  ( 0.8184204844201580231, 2.415000000000000036, 5.751945680136221206 ) ) ;
#6642 = CIRCLE ( 'NONE', #1058, 0.4049999999999999711 ) ;
#6643 = CARTESIAN_POINT ( 'NONE',  ( -1.721119565214664027, 2.415000000000000036, 5.594867618727858982 ) ) ;
#6644 = FILL_AREA_STYLE_COLOUR ( '', #2251 ) ;
#6645 = ORIENTED_EDGE ( 'NONE', *, *, #4569, .T. ) ;
#6646 = VECTOR ( 'NONE', #4251, 1000.000000000000000 ) ;
#6647 = ORIENTED_EDGE ( 'NONE', *, *, #8104, .F. ) ;
#6648 = DIRECTION ( 'NONE',  ( 0.0000000000000000000, 0.0000000000000000000, 1.000000000000000000 ) ) ;
#6649 =( NAMED_UNIT ( * ) PLANE_ANGLE_UNIT ( ) SI_UNIT ( $, .RADIAN. ) );
#6650 = EDGE_CURVE ( 'NONE', #6280, #3891, #6036, .T. ) ;
#6651 =( NAMED_UNIT ( * ) SI_UNIT ( $, .STERADIAN. ) SOLID_ANGLE_UNIT ( ) );
#6652 = FACE_OUTER_BOUND ( 'NONE', #2650, .T. ) ;
#6653 = CARTESIAN_POINT ( 'NONE',  ( -0.3496255653996585555, 2.415000000000000036, 9.266775578885294351 ) ) ;
#6654 = PRESENTATION_LAYER_ASSIGNMENT (  '', '', ( #621 ) ) ;
#6655 = CARTESIAN_POINT ( 'NONE',  ( -4.888132034355963995, 2.265000000000000124, 0.8659999999999993259 ) ) ;
#6656 = CARTESIAN_POINT ( 'NONE',  ( -1.902008988291588265, 2.415000000000000036, 5.082047105907345319 ) ) ;
#6657 = EDGE_LOOP ( 'NONE', ( #443, #50, #6459 ) ) ;
#6658 = CARTESIAN_POINT ( 'NONE',  ( -0.2339319719480057458, 2.415000000000000036, 9.978696169053840492 ) ) ;
#6659 = EDGE_CURVE ( 'NONE', #7358, #895, #5329, .T. ) ;
#6660 = CARTESIAN_POINT ( 'NONE',  ( -1.276955848127661719, 2.415000000000000036, 5.238475549466071080 ) ) ;
#6661 = ORIENTED_EDGE ( 'NONE', *, *, #8, .T. ) ;
#6662 =( NAMED_UNIT ( * ) PLANE_ANGLE_UNIT ( ) SI_UNIT ( $, .RADIAN. ) );
#6663 = CIRCLE ( 'NONE', #1355, 0.1499999999999995781 ) ;
#6664 = DIRECTION ( 'NONE',  ( 0.0000000000000000000, -0.0000000000000000000, 1.000000000000000000 ) ) ;
#6665 = CARTESIAN_POINT ( 'NONE',  ( 2.709589209076772587, 2.415000000000000036, 9.788050868361562351 ) ) ;
#6666 = DIRECTION ( 'NONE',  ( 0.0000000000000000000, 0.0000000000000000000, 1.000000000000000000 ) ) ;
#6667 = PRESENTATION_STYLE_ASSIGNMENT (( #1195 ) ) ;
#6668 = CARTESIAN_POINT ( 'NONE',  ( -0.3756649305794720894, 2.415000000000000036, 5.609877051849583296 ) ) ;
#6669 = UNCERTAINTY_MEASURE_WITH_UNIT (LENGTH_MEASURE( 1.000000000000000082E-05 ), #8229, 'distance_accuracy_value', 'NONE');
#6670 = SURFACE_SIDE_STYLE ('',( #5977 ) ) ;
#6671 = VERTEX_POINT ( 'NONE', #3791 ) ;
#6672 = CARTESIAN_POINT ( 'NONE',  ( -2.030202190905422199, 2.415000000000000036, 7.699921301017246478 ) ) ;
#6673 = ORIENTED_EDGE ( 'NONE', *, *, #2231, .T. ) ;
#6674 = CARTESIAN_POINT ( 'NONE',  ( -2.340390977199804823, 2.415000000000000036, 8.132169717139094089 ) ) ;
#6675 =( NAMED_UNIT ( * ) PLANE_ANGLE_UNIT ( ) SI_UNIT ( $, .RADIAN. ) );
#6676 = CARTESIAN_POINT ( 'NONE',  ( -4.888132034355963995, 2.415000000000000036, 0.8659999999999993259 ) ) ;
#6677 = CARTESIAN_POINT ( 'NONE',  ( -0.6249405937434503455, 2.415000000000000036, 2.346737567545289060 ) ) ;
#6678 = ORIENTED_EDGE ( 'NONE', *, *, #8498, .T. ) ;
#6679 = ORIENTED_EDGE ( 'NONE', *, *, #3796, .T. ) ;
#6680 = SURFACE_STYLE_FILL_AREA ( #476 ) ;
#6681 = DIRECTION ( 'NONE',  ( -0.7071067811865469066, -0.0000000000000000000, 0.7071067811865482389 ) ) ;
#6682 = CARTESIAN_POINT ( 'NONE',  ( 2.194026091659577737, 2.415000000000000036, 9.973991574568909613 ) ) ;
#6683 = CARTESIAN_POINT ( 'NONE',  ( -0.8638437467960611293, 2.415000000000000036, 5.598891679382394848 ) ) ;
#6684 = CARTESIAN_POINT ( 'NONE',  ( -3.916066017177982417, -2.260000000000000231, 0.1060660171779821276 ) ) ;
#6685 = ORIENTED_EDGE ( 'NONE', *, *, #1749, .F. ) ;
#6686 = ORIENTED_EDGE ( 'NONE', *, *, #8204, .F. ) ;
#6687 = CARTESIAN_POINT ( 'NONE',  ( -2.023829877700832114, 2.415000000000000036, 8.145573175912964814 ) ) ;
#6688 = PLANE ( 'NONE',  #8073 ) ;
#6689 = MECHANICAL_DESIGN_GEOMETRIC_PRESENTATION_REPRESENTATION (  '', ( #516 ), #2368 ) ;
#6690 = DIRECTION ( 'NONE',  ( 0.4511465413988254292, 0.0000000000000000000, 0.8924498855307663181 ) ) ;
#6691 =( NAMED_UNIT ( * ) PLANE_ANGLE_UNIT ( ) SI_UNIT ( $, .RADIAN. ) );
#6692 = PRESENTATION_STYLE_ASSIGNMENT (( #2205 ) ) ;
#6693 = ORIENTED_EDGE ( 'NONE', *, *, #6483, .T. ) ;
#6694 = ADVANCED_FACE ( 'NONE', ( #379 ), #5131, .T. ) ;
#6695 = SURFACE_SIDE_STYLE ('',( #3517 ) ) ;
#6696 = ORIENTED_EDGE ( 'NONE', *, *, #5738, .F. ) ;
#6697 = CARTESIAN_POINT ( 'NONE',  ( 2.682836069009011393, 2.415000000000000036, 9.717116032206840615 ) ) ;
#6698 = SURFACE_STYLE_USAGE ( .BOTH. , #5215 ) ;
#6699 = CARTESIAN_POINT ( 'NONE',  ( 1.541883112816635926, 2.415000000000000036, 7.601998110335339121 ) ) ;
#6700 = EDGE_CURVE ( 'NONE', #8505, #6082, #5857, .T. ) ;
#6701 = EDGE_CURVE ( 'NONE', #6216, #6041, #8149, .T. ) ;
#6702 = LINE ( 'NONE', #544, #4424 ) ;
#6703 = CARTESIAN_POINT ( 'NONE',  ( 0.3113210787123056877, 2.415000000000000036, 2.402759305157776470 ) ) ;
#6704 = ORIENTED_EDGE ( 'NONE', *, *, #4274, .F. ) ;
#6705 =( NAMED_UNIT ( * ) PLANE_ANGLE_UNIT ( ) SI_UNIT ( $, .RADIAN. ) );
#6706 = ORIENTED_EDGE ( 'NONE', *, *, #1048, .T. ) ;
#6707 = VECTOR ( 'NONE', #2539, 1000.000000000000000 ) ;
#6708 = COLOUR_RGB ( '',0.2509803921568627416, 0.2509803921568627416, 0.2509803921568627416 ) ;
#6709 = FILL_AREA_STYLE ('',( #8078 ) ) ;
#6710 = CARTESIAN_POINT ( 'NONE',  ( -1.805654821624922191, 2.415000000000000036, 9.531886849497089642 ) ) ;
#6711 = DIRECTION ( 'NONE',  ( 0.0000000000000000000, -1.000000000000000000, -0.0000000000000000000 ) ) ;
#6712 = CARTESIAN_POINT ( 'NONE',  ( 7.365000000000000213, -2.260000000000000231, 1.166000000000000814 ) ) ;
#6713 = AXIS2_PLACEMENT_3D ( 'NONE', #2328, #5603, #804 ) ;
#6714 = DIRECTION ( 'NONE',  ( -1.000000000000000000, 0.0000000000000000000, -2.716326130063896955E-16 ) ) ;
#6715 = VECTOR ( 'NONE', #3072, 1000.000000000000000 ) ;
#6716 = EDGE_CURVE ( 'NONE', #6533, #4365, #7423, .T. ) ;
#6717 = CARTESIAN_POINT ( 'NONE',  ( -0.6510186648774379803, 2.415000000000000036, 2.338656741055212596 ) ) ;
#6718 = ORIENTED_EDGE ( 'NONE', *, *, #1443, .F. ) ;
#6719 = VERTEX_POINT ( 'NONE', #7557 ) ;
#6720 =( GEOMETRIC_REPRESENTATION_CONTEXT ( 3 ) GLOBAL_UNCERTAINTY_ASSIGNED_CONTEXT ( ( #7845 ) ) GLOBAL_UNIT_ASSIGNED_CONTEXT ( ( #5392, #1337, #604 ) ) REPRESENTATION_CONTEXT ( 'NONE', 'WORKASPACE' ) );
#6721 = PRESENTATION_LAYER_ASSIGNMENT (  '', '', ( #1011 ) ) ;
#6722 = MECHANICAL_DESIGN_GEOMETRIC_PRESENTATION_REPRESENTATION (  '', ( #8633 ), #6429 ) ;
#6723 = CARTESIAN_POINT ( 'NONE',  ( -2.316437608348588917, 2.415000000000000036, 9.903190931365978500 ) ) ;
#6724 = DIRECTION ( 'NONE',  ( -1.000000000000000000, -0.0000000000000000000, -0.0000000000000000000 ) ) ;
#6725 = DIRECTION ( 'NONE',  ( 0.7071067811865480168, 0.0000000000000000000, -0.7071067811865471286 ) ) ;
#6726 = VERTEX_POINT ( 'NONE', #1413 ) ;
#6727 = AXIS2_PLACEMENT_3D ( 'NONE', #1732, #7190, #3777 ) ;
#6728 = ORIENTED_EDGE ( 'NONE', *, *, #6147, .F. ) ;
#6729 = B_SPLINE_CURVE_WITH_KNOTS ( 'NONE', 3,
 ( #4520, #7246, #1107, #6350, #968, #3696, #6440, #288, #1868, #1825, #5898, #5385, #509, #8166, #7373, #2581, #468, #7995, #596 ),
 .UNSPECIFIED., .F., .F.,
 ( 4, 1, 1, 1, 1, 1, 1, 1, 1, 1, 1, 1, 1, 1, 1, 1, 4 ),
 ( 0.0000000000000000000, 0.06378691041142144080, 0.1266160577673746401, 0.1883427175688253408, 0.2494790546609672865, 0.3098641696187224293, 0.3706562883855296642, 0.4306751569820279069, 0.4912776807977293214, 0.5518738213688572092, 0.6130654962055207546, 0.6751670177106502413, 0.7377045842895257888, 0.8014732993282051021, 0.8661155991141840094, 0.9322603771672385298, 0.9999999999999998890 ),
 .UNSPECIFIED. ) ;
#6730 = CARTESIAN_POINT ( 'NONE',  ( 0.6492730629904639450, 2.415000000000000036, 5.082047105907345319 ) ) ;
#6731 = LINE ( 'NONE', #8522, #1679 ) ;
#6732 = CARTESIAN_POINT ( 'NONE',  ( -3.703933982822017690, 2.265000000000000124, 0.1060660171779822247 ) ) ;
#6733 = VECTOR ( 'NONE', #3153, 1000.000000000000000 ) ;
#6734 = DIRECTION ( 'NONE',  ( -1.000000000000000000, 0.0000000000000000000, 0.0000000000000000000 ) ) ;
#6735 = SURFACE_STYLE_USAGE ( .BOTH. , #2649 ) ;
#6736 = ORIENTED_EDGE ( 'NONE', *, *, #1930, .T. ) ;
#6737 = PRODUCT_DEFINITION_CONTEXT ( 'detailed design', #3198, 'design' ) ;
#6738 = DIRECTION ( 'NONE',  ( -0.7071067811865474617, 0.0000000000000000000, 0.7071067811865474617 ) ) ;
#6739 = CIRCLE ( 'NONE', #5723, 0.1499999999999999667 ) ;
#6740 = VERTEX_POINT ( 'NONE', #4137 ) ;
#6741 = VECTOR ( 'NONE', #1838, 1000.000000000000000 ) ;
#6742 = FACE_OUTER_BOUND ( 'NONE', #4641, .T. ) ;
#6743 = SURFACE_STYLE_USAGE ( .BOTH. , #1941 ) ;
#6744 = CARTESIAN_POINT ( 'NONE',  ( 2.727742572289446166, 2.415000000000000036, 9.820494903314187951 ) ) ;
#6745 = CARTESIAN_POINT ( 'NONE',  ( 0.7538417739227140091, 2.415000000000000036, 7.762863387801752779 ) ) ;
#6746 = EDGE_CURVE ( 'NONE', #3244, #8066, #1710, .T. ) ;
#6747 = CARTESIAN_POINT ( 'NONE',  ( -3.126367962650563825, 2.415000000000000036, 9.971790695650936343 ) ) ;
#6748 = UNCERTAINTY_MEASURE_WITH_UNIT (LENGTH_MEASURE( 1.000000000000000082E-05 ), #6241, 'distance_accuracy_value', 'NONE');
#6749 = LINE ( 'NONE', #5505, #4115 ) ;
#6750 = ORIENTED_EDGE ( 'NONE', *, *, #4862, .F. ) ;
#6751 = PLANE ( 'NONE',  #6556 ) ;
#6752 = ORIENTED_EDGE ( 'NONE', *, *, #1976, .F. ) ;
#6753 = COLOUR_RGB ( '',0.7529411764705882248, 0.7529411764705882248, 0.7529411764705882248 ) ;
#6754 = EDGE_CURVE ( 'NONE', #483, #8009, #6198, .T. ) ;
#6755 = ADVANCED_FACE ( 'NONE', ( #8221 ), #4768, .T. ) ;
#6756 = CARTESIAN_POINT ( 'NONE',  ( -2.446880783163380979, 2.415000000000000036, 8.027920503343242586 ) ) ;
#6757 = CARTESIAN_POINT ( 'NONE',  ( 3.916066017177984193, 2.265000000000000124, 0.1060660171779831545 ) ) ;
#6758 = CIRCLE ( 'NONE', #4456, 0.1500000000000008271 ) ;
#6759 = CARTESIAN_POINT ( 'NONE',  ( 1.500000000000000000, 4.959819536546781216E-17, -3.500000000000000000 ) ) ;
#6760 = CARTESIAN_POINT ( 'NONE',  ( -0.9286361333170032317, 2.415000000000000036, 1.998565016403156980 ) ) ;
#6761 = ORIENTED_EDGE ( 'NONE', *, *, #2348, .F. ) ;
#6762 = DIRECTION ( 'NONE',  ( 0.0000000000000000000, 1.000000000000000000, 0.0000000000000000000 ) ) ;
#6763 = ORIENTED_EDGE ( 'NONE', *, *, #8093, .T. ) ;
#6764 = EDGE_CURVE ( 'NONE', #548, #1985, #4892, .T. ) ;
#6765 = STYLED_ITEM ( 'NONE', ( #5774 ), #492 ) ;
#6766 = CARTESIAN_POINT ( 'NONE',  ( -2.946880783163383200, 2.415000000000000036, 9.971790695650936343 ) ) ;
#6767 = DIRECTION ( 'NONE',  ( 0.0000000000000000000, -0.0000000000000000000, 1.000000000000000000 ) ) ;
#6768 = CARTESIAN_POINT ( 'NONE',  ( 1.511974348565368054, 2.415000000000000036, 7.370888050511829270 ) ) ;
#6769 = AXIS2_PLACEMENT_3D ( 'NONE', #6899, #6227, #74 ) ;
#6770 = CARTESIAN_POINT ( 'NONE',  ( -2.260307110715309875, 2.415000000000000036, 7.343455687711568203 ) ) ;
#6771 = ORIENTED_EDGE ( 'NONE', *, *, #3137, .T. ) ;
#6772 = VERTEX_POINT ( 'NONE', #4988 ) ;
#6773 = CARTESIAN_POINT ( 'NONE',  ( -1.908636511353508869, 2.415000000000000036, 7.942130836888156686 ) ) ;
#6774 = STYLED_ITEM ( 'NONE', ( #1999 ), #2136 ) ;
#6775 = DIRECTION ( 'NONE',  ( 0.0000000000000000000, 1.000000000000000000, 0.0000000000000000000 ) ) ;
#6776 = CARTESIAN_POINT ( 'NONE',  ( -7.214999999999999858, 2.265000000000000124, 1.166000000000000814 ) ) ;
#6777 = COLOUR_RGB ( '',0.7529411764705882248, 0.7529411764705882248, 0.7529411764705882248 ) ;
#6778 = CARTESIAN_POINT ( 'NONE',  ( -0.6690227368113351725, 2.415000000000000036, 1.970146546417658850 ) ) ;
#6779 = CARTESIAN_POINT ( 'NONE',  ( 0.9591688963237973153, 2.415000000000000036, 7.962215375138114837 ) ) ;
#6780 = ORIENTED_EDGE ( 'NONE', *, *, #6534, .T. ) ;
#6781 = STYLED_ITEM ( 'NONE', ( #3470 ), #2235 ) ;
#6782 = PRESENTATION_LAYER_ASSIGNMENT (  '', '', ( #7638 ) ) ;
#6783 = EDGE_LOOP ( 'NONE', ( #6392, #8714, #3902, #7617 ) ) ;
#6784 = DIRECTION ( 'NONE',  ( 0.0000000000000000000, -0.0000000000000000000, 1.000000000000000000 ) ) ;
#6785 = DIRECTION ( 'NONE',  ( 1.000000000000000000, 0.0000000000000000000, 0.0000000000000000000 ) ) ;
#6786 = CARTESIAN_POINT ( 'NONE',  ( -3.126367962650563825, 2.415000000000000036, 9.971790695650936343 ) ) ;
#6787 = CARTESIAN_POINT ( 'NONE',  ( -1.454797718355977265, 2.415000000000000036, 6.064188099875423177 ) ) ;
#6788 =( GEOMETRIC_REPRESENTATION_CONTEXT ( 3 ) GLOBAL_UNCERTAINTY_ASSIGNED_CONTEXT ( ( #7943 ) ) GLOBAL_UNIT_ASSIGNED_CONTEXT ( ( #4370, #3611, #826 ) ) REPRESENTATION_CONTEXT ( 'NONE', 'WORKASPACE' ) );
#6789 = DIRECTION ( 'NONE',  ( 0.0000000000000000000, 0.0000000000000000000, -1.000000000000000000 ) ) ;
#6790 =( LENGTH_UNIT ( ) NAMED_UNIT ( * ) SI_UNIT ( .MILLI., .METRE. ) );
#6791 = ORIENTED_EDGE ( 'NONE', *, *, #5921, .F. ) ;
#6792 = STYLED_ITEM ( 'NONE', ( #4765 ), #2682 ) ;
#6793 = EDGE_CURVE ( 'NONE', #4458, #854, #6389, .T. ) ;
#6794 = CARTESIAN_POINT ( 'NONE',  ( 2.794000000000002260, -2.410000000000000142, 1.016000000000000902 ) ) ;
#6795 = ORIENTED_EDGE ( 'NONE', *, *, #1221, .T. ) ;
#6796 = CARTESIAN_POINT ( 'NONE',  ( 1.952441940824742428, 2.415000000000000036, 5.898862767183508105 ) ) ;
#6797 = CARTESIAN_POINT ( 'NONE',  ( -0.1788928113980622903, 2.415000000000000036, 9.830388080266846629 ) ) ;
#6798 = PRESENTATION_STYLE_ASSIGNMENT (( #8215 ) ) ;
#6799 =( GEOMETRIC_REPRESENTATION_CONTEXT ( 3 ) GLOBAL_UNCERTAINTY_ASSIGNED_CONTEXT ( ( #4126 ) ) GLOBAL_UNIT_ASSIGNED_CONTEXT ( ( #6905, #4917, #8884 ) ) REPRESENTATION_CONTEXT ( 'NONE', 'WORKASPACE' ) );
#6800 = CARTESIAN_POINT ( 'NONE',  ( 1.728816365172696434, 2.415000000000000036, 5.975280545264035403 ) ) ;
#6801 = CARTESIAN_POINT ( 'NONE',  ( 3.167502229657130464, 2.415000000000000036, 9.790700952061193618 ) ) ;
#6802 = ORIENTED_EDGE ( 'NONE', *, *, #8516, .T. ) ;
#6803 = CARTESIAN_POINT ( 'NONE',  ( 0.04020100653676658004, 2.415000000000000036, 7.655186743919799142 ) ) ;
#6804 = ORIENTED_EDGE ( 'NONE', *, *, #1663, .F. ) ;
#6805 = EDGE_CURVE ( 'NONE', #7391, #3173, #7885, .T. ) ;
#6806 = CIRCLE ( 'NONE', #7081, 0.1499999999999996059 ) ;
#6807 = DIRECTION ( 'NONE',  ( 1.000000000000000000, 0.0000000000000000000, 0.0000000000000000000 ) ) ;
#6808 = PLANE ( 'NONE',  #8384 ) ;
#6809 = CARTESIAN_POINT ( 'NONE',  ( 1.154533730661526425, 2.415000000000000036, 9.909902772051337294 ) ) ;
#6810 = DIRECTION ( 'NONE',  ( 0.0000000000000000000, 1.000000000000000000, 0.0000000000000000000 ) ) ;
#6811 = CARTESIAN_POINT ( 'NONE',  ( -1.500000000000000000, 0.0000000000000000000, 1.015999999999999348 ) ) ;
#6812 = EDGE_CURVE ( 'NONE', #5771, #2652, #8414, .T. ) ;
#6813 = CARTESIAN_POINT ( 'NONE',  ( 0.9979674580692579067, 2.415000000000000036, 6.060577704562976287 ) ) ;
#6814 = CARTESIAN_POINT ( 'NONE',  ( -2.285230171690376011, 2.415000000000000036, 7.374312279241787671 ) ) ;
#6815 = VERTEX_POINT ( 'NONE', #233 ) ;
#6816 = SURFACE_STYLE_USAGE ( .BOTH. , #7438 ) ;
#6817 = LINE ( 'NONE', #8842, #4311 ) ;
#6818 = LINE ( 'NONE', #6181, #5522 ) ;
#6819 = CARTESIAN_POINT ( 'NONE',  ( -0.3593271226489474501, 2.415000000000000036, 7.138309231754582207 ) ) ;
#6820 = CARTESIAN_POINT ( 'NONE',  ( 2.011853191195592583, 2.415000000000000036, 5.684611208471448407 ) ) ;
#6821 = B_SPLINE_CURVE_WITH_KNOTS ( 'NONE', 3,
 ( #4039, #4789, #4671, #7536, #8203, #6826, #2613, #1943, #1266 ),
 .UNSPECIFIED., .F., .F.,
 ( 4, 1, 1, 1, 1, 1, 4 ),
 ( 0.0000000000000000000, 0.1528524754415020448, 0.3183152111879992696, 0.4246298843893590025, 0.5731899682318848388, 0.7643655970335223593, 0.9999999999999998890 ),
 .UNSPECIFIED. ) ;
#6822 = DIRECTION ( 'NONE',  ( 0.7071067811865481278, 0.0000000000000000000, 0.7071067811865466846 ) ) ;
#6823 = ORIENTED_EDGE ( 'NONE', *, *, #6650, .F. ) ;
#6824 = ORIENTED_EDGE ( 'NONE', *, *, #8220, .F. ) ;
#6825 = DIRECTION ( 'NONE',  ( 0.0000000000000000000, 0.0000000000000000000, -1.000000000000000000 ) ) ;
#6826 = CARTESIAN_POINT ( 'NONE',  ( -1.784834185436785070, 2.415000000000000036, 9.731342882860445798 ) ) ;
#6827 = CARTESIAN_POINT ( 'NONE',  ( -2.369957706240306550, 2.415000000000000036, 9.607808323856064092 ) ) ;
#6828 = MECHANICAL_DESIGN_GEOMETRIC_PRESENTATION_REPRESENTATION (  '', ( #3970 ), #8297 ) ;
#6829 = UNCERTAINTY_MEASURE_WITH_UNIT (LENGTH_MEASURE( 1.000000000000000082E-05 ), #7534, 'distance_accuracy_value', 'NONE');
#6830 = ORIENTED_EDGE ( 'NONE', *, *, #8205, .F. ) ;
#6831 = FILL_AREA_STYLE_COLOUR ( '', #2947 ) ;
#6832 = ORIENTED_EDGE ( 'NONE', *, *, #6238, .F. ) ;
#6833 = DIRECTION ( 'NONE',  ( -0.0000000000000000000, -1.000000000000000000, -0.0000000000000000000 ) ) ;
#6834 = CARTESIAN_POINT ( 'NONE',  ( -0.3571371934197923315, 2.415000000000000036, 9.702559926420166292 ) ) ;
#6835 = CARTESIAN_POINT ( 'NONE',  ( -1.684542253660839428, 2.415000000000000036, 5.360691025155574607 ) ) ;
#6836 = CARTESIAN_POINT ( 'NONE',  ( -0.1614240523941513072, 2.415000000000000036, 9.228200952061190065 ) ) ;
#6837 = UNCERTAINTY_MEASURE_WITH_UNIT (LENGTH_MEASURE( 1.000000000000000082E-05 ), #4439, 'distance_accuracy_value', 'NONE');
#6838 = CARTESIAN_POINT ( 'NONE',  ( -0.7607943059030790600, 2.415000000000000036, 1.966861869260341011 ) ) ;
#6839 = VERTEX_POINT ( 'NONE', #1498 ) ;
#6840 = PRESENTATION_LAYER_ASSIGNMENT (  '', '', ( #4688 ) ) ;
#6841 = CARTESIAN_POINT ( 'NONE',  ( -1.222521808804407417, 2.415000000000000036, 5.415380439240678356 ) ) ;
#6842 = ORIENTED_EDGE ( 'NONE', *, *, #7685, .T. ) ;
#6843 = CARTESIAN_POINT ( 'NONE',  ( -1.149605142137741343, 2.415000000000000036, 7.546149670009908661 ) ) ;
#6844 = PRESENTATION_LAYER_ASSIGNMENT (  '', '', ( #1550 ) ) ;
#6845 = MECHANICAL_DESIGN_GEOMETRIC_PRESENTATION_REPRESENTATION (  '', ( #8471 ), #1269 ) ;
#6846 = CARTESIAN_POINT ( 'NONE',  ( 0.7454269091443107564, 2.415000000000000036, 9.689739413599653517 ) ) ;
#6847 = EDGE_CURVE ( 'NONE', #6958, #624, #5550, .T. ) ;
#6848 = SURFACE_STYLE_FILL_AREA ( #2670 ) ;
#6849 = B_SPLINE_CURVE_WITH_KNOTS ( 'NONE', 3,
 ( #5379, #6924, #1279, #5342, #3329, #8895, #8160, #720, #2733, #8255, #16 ),
 .UNSPECIFIED., .F., .F.,
 ( 4, 1, 1, 1, 1, 1, 1, 1, 4 ),
 ( 0.0000000000000000000, 0.1394212976328660647, 0.2727767953246041932, 0.3995332531161843170, 0.5225520451451862725, 0.6426395036547551953, 0.7615689808176410169, 0.8797879846482298261, 1.000000000000000000 ),
 .UNSPECIFIED. ) ;
#6850 = CARTESIAN_POINT ( 'NONE',  ( 0.1828660221229255478, 2.415000000000000036, 7.869135049794643066 ) ) ;
#6851 = ORIENTED_EDGE ( 'NONE', *, *, #7078, .F. ) ;
#6852 = VECTOR ( 'NONE', #2337, 1000.000000000000000 ) ;
#6853 =( GEOMETRIC_REPRESENTATION_CONTEXT ( 3 ) GLOBAL_UNCERTAINTY_ASSIGNED_CONTEXT ( ( #1532 ) ) GLOBAL_UNIT_ASSIGNED_CONTEXT ( ( #8074, #2382, #8733 ) ) REPRESENTATION_CONTEXT ( 'NONE', 'WORKASPACE' ) );
#6854 = FACE_BOUND ( 'NONE', #6242, .T. ) ;
#6855 = ADVANCED_FACE ( 'NONE', ( #7016 ), #863, .T. ) ;
#6856 = EDGE_CURVE ( 'NONE', #7265, #4099, #1818, .T. ) ;
#6857 = CARTESIAN_POINT ( 'NONE',  ( -0.09805417190199211541, 2.415000000000000036, 9.821652007091921988 ) ) ;
#6858 = CARTESIAN_POINT ( 'NONE',  ( 5.285680053071279971, 2.415000000000000036, 2.402759305157775582 ) ) ;
#6859 = CARTESIAN_POINT ( 'NONE',  ( -0.5692968744078141796, 2.415000000000000036, 7.202594654613553082 ) ) ;
#6860 = SURFACE_STYLE_FILL_AREA ( #2182 ) ;
#6861 = ADVANCED_FACE ( 'NONE', ( #4457 ), #1061, .T. ) ;
#6862 = VECTOR ( 'NONE', #2838, 1000.000000000000000 ) ;
#6863 =( LENGTH_UNIT ( ) NAMED_UNIT ( * ) SI_UNIT ( .MILLI., .METRE. ) );
#6864 = ORIENTED_EDGE ( 'NONE', *, *, #7024, .T. ) ;
#6865 = ORIENTED_EDGE ( 'NONE', *, *, #4565, .F. ) ;
#6866 = CARTESIAN_POINT ( 'NONE',  ( -1.024227872694351893, 2.415000000000000036, 5.292976499449027372 ) ) ;
#6867 = EDGE_CURVE ( 'NONE', #2149, #1083, #2264, .T. ) ;
#6868 = SURFACE_STYLE_FILL_AREA ( #2018 ) ;
#6869 =( GEOMETRIC_REPRESENTATION_CONTEXT ( 3 ) GLOBAL_UNCERTAINTY_ASSIGNED_CONTEXT ( ( #2234 ) ) GLOBAL_UNIT_ASSIGNED_CONTEXT ( ( #68, #6308, #8421 ) ) REPRESENTATION_CONTEXT ( 'NONE', 'WORKASPACE' ) );
#6870 =( NAMED_UNIT ( * ) PLANE_ANGLE_UNIT ( ) SI_UNIT ( $, .RADIAN. ) );
#6871 = CARTESIAN_POINT ( 'NONE',  ( 0.03912067301244099432, 2.415000000000000036, 9.554838846481327863 ) ) ;
#6872 = EDGE_CURVE ( 'NONE', #1090, #5858, #4599, .T. ) ;
#6873 = CARTESIAN_POINT ( 'NONE',  ( 1.505215339136989572, 2.415000000000000036, 9.710277563401536582 ) ) ;
#6874 = MECHANICAL_DESIGN_GEOMETRIC_PRESENTATION_REPRESENTATION (  '', ( #1011 ), #6307 ) ;
#6875 = DIRECTION ( 'NONE',  ( -0.0000000000000000000, -1.000000000000000000, -0.0000000000000000000 ) ) ;
#6876 = ORIENTED_EDGE ( 'NONE', *, *, #4722, .F. ) ;
#6877 = DIRECTION ( 'NONE',  ( -0.7071067811865473507, 0.0000000000000000000, 0.7071067811865477948 ) ) ;
#6878 = ORIENTED_EDGE ( 'NONE', *, *, #652, .T. ) ;
#6879 = FACE_OUTER_BOUND ( 'NONE', #8352, .T. ) ;
#6880 = FILL_AREA_STYLE_COLOUR ( '', #8641 ) ;
#6881 = CARTESIAN_POINT ( 'NONE',  ( -1.618512385288457311, 2.415000000000000036, 5.244681891747582370 ) ) ;
#6882 = CARTESIAN_POINT ( 'NONE',  ( 0.1139789941028724191, 2.415000000000000036, 9.334554748097943389 ) ) ;
#6883 = CARTESIAN_POINT ( 'NONE',  ( 1.716175353392278113, 2.415000000000000036, 5.958694309253306010 ) ) ;
#6884 = B_SPLINE_CURVE_WITH_KNOTS ( 'NONE', 3,
 ( #5562, #8408, #8257, #8356, #2152, #4886, #5606, #2202, #4263, #7505, #3416, #3595, #8898, #4796, #5429 ),
 .UNSPECIFIED., .F., .F.,
 ( 4, 1, 1, 1, 1, 1, 1, 1, 1, 1, 1, 1, 4 ),
 ( 0.0000000000000000000, 0.1123176909025424275, 0.2171617415079272195, 0.3207358977705264680, 0.4286893493222823093, 0.4861254991326048325, 0.5465765049052828672, 0.6106705183481894172, 0.6783790624362531219, 0.7510371888561248044, 0.8285849811679786292, 0.9115049737330748192, 1.000000000000000000 ),
 .UNSPECIFIED. ) ;
#6885 = MECHANICAL_DESIGN_GEOMETRIC_PRESENTATION_REPRESENTATION (  '', ( #7758 ), #5011 ) ;
#6886 = CARTESIAN_POINT ( 'NONE',  ( -1.098935331544104832, 2.415000000000000036, 2.095066997465468983 ) ) ;
#6887 = ORIENTED_EDGE ( 'NONE', *, *, #5157, .T. ) ;
#6888 = FACE_OUTER_BOUND ( 'NONE', #2396, .T. ) ;
#6889 = ORIENTED_EDGE ( 'NONE', *, *, #7078, .T. ) ;
#6890 = CARTESIAN_POINT ( 'NONE',  ( -2.031991207242044517, 2.415000000000000036, 7.414032979820889935 ) ) ;
#6891 = CARTESIAN_POINT ( 'NONE',  ( 2.040298704016104914, 2.415000000000000036, 9.558329157189398018 ) ) ;
#6892 = CARTESIAN_POINT ( 'NONE',  ( -1.517193283163382533, 2.415000000000000036, 7.366662490522729811 ) ) ;
#6893 = CARTESIAN_POINT ( 'NONE',  ( 0.1386098472235998968, 2.415000000000000036, 9.848327547982925978 ) ) ;
#6894 = CARTESIAN_POINT ( 'NONE',  ( -2.343606982143951356, 2.415000000000000036, 9.925088054518901970 ) ) ;
#6895 = LINE ( 'NONE', #6846, #3783 ) ;
#6896 = CARTESIAN_POINT ( 'NONE',  ( 0.1694819094459486253, 2.415000000000000036, 7.899915310160562143 ) ) ;
#6897 = CARTESIAN_POINT ( 'NONE',  ( -1.625684839087014666, 2.415000000000000036, 9.909768085178150443 ) ) ;
#6898 = EDGE_LOOP ( 'NONE', ( #1801, #3604, #7800 ) ) ;
#6899 = CARTESIAN_POINT ( 'NONE',  ( 0.0000000000000000000, 2.415000000000000036, 0.0000000000000000000 ) ) ;
#6900 = SURFACE_SIDE_STYLE ('',( #3622 ) ) ;
#6901 = DIRECTION ( 'NONE',  ( -1.000000000000000000, 0.0000000000000000000, 0.0000000000000000000 ) ) ;
#6902 = CARTESIAN_POINT ( 'NONE',  ( -0.3882257851389099845, 2.415000000000000036, 7.141395653884472061 ) ) ;
#6903 = COLOUR_RGB ( '',0.2509803921568627416, 0.2509803921568627416, 0.2509803921568627416 ) ;
#6904 = DIRECTION ( 'NONE',  ( 1.000000000000000000, -0.0000000000000000000, 2.716326130063896955E-16 ) ) ;
#6905 =( LENGTH_UNIT ( ) NAMED_UNIT ( * ) SI_UNIT ( .MILLI., .METRE. ) );
#6906 = LINE ( 'NONE', #2843, #6279 ) ;
#6907 = CARTESIAN_POINT ( 'NONE',  ( -2.228653631124781320, 2.415000000000000036, 7.521838681428465456 ) ) ;
#6908 = PRESENTATION_LAYER_ASSIGNMENT (  '', '', ( #6774 ) ) ;
#6909 = CARTESIAN_POINT ( 'NONE',  ( 1.793135708797278349, 2.415000000000000036, 5.409131861941616215 ) ) ;
#6910 = ORIENTED_EDGE ( 'NONE', *, *, #1707, .T. ) ;
#6911 =( GEOMETRIC_REPRESENTATION_CONTEXT ( 3 ) GLOBAL_UNCERTAINTY_ASSIGNED_CONTEXT ( ( #7747 ) ) GLOBAL_UNIT_ASSIGNED_CONTEXT ( ( #318, #859, #3596 ) ) REPRESENTATION_CONTEXT ( 'NONE', 'WORKASPACE' ) );
#6912 = EDGE_CURVE ( 'NONE', #1449, #2585, #202, .T. ) ;
#6913 = CARTESIAN_POINT ( 'NONE',  ( -2.196002461853776566, 2.415000000000000036, 9.684234152113983640 ) ) ;
#6914 = CARTESIAN_POINT ( 'NONE',  ( 3.424914088631489051, 2.415000000000000036, 9.602399670009909016 ) ) ;
#6915 = CARTESIAN_POINT ( 'NONE',  ( -2.377989052763091138, 2.415000000000000036, 7.640364403145744276 ) ) ;
#6916 = CARTESIAN_POINT ( 'NONE',  ( -0.7289320652146631385, 2.415000000000000036, 7.988056721291960649 ) ) ;
#6917 = MECHANICAL_DESIGN_GEOMETRIC_PRESENTATION_REPRESENTATION (  '', ( #1465 ), #7953 ) ;
#6918 = CARTESIAN_POINT ( 'NONE',  ( -0.2895602820962758783, 2.415000000000000036, 5.814792525144245161 ) ) ;
#6919 = EDGE_LOOP ( 'NONE', ( #4160, #7191, #8827, #3732, #121, #8830, #8569 ) ) ;
#6920 = ADVANCED_FACE ( 'NONE', ( #7718 ), #6229, .T. ) ;
#6921 = UNCERTAINTY_MEASURE_WITH_UNIT (LENGTH_MEASURE( 1.000000000000000082E-05 ), #3888, 'distance_accuracy_value', 'NONE');
#6922 = PRESENTATION_STYLE_ASSIGNMENT (( #4973 ) ) ;
#6923 = ORIENTED_EDGE ( 'NONE', *, *, #2577, .F. ) ;
#6924 = CARTESIAN_POINT ( 'NONE',  ( -0.5861702018509975520, 2.415000000000000036, 7.873816150741957287 ) ) ;
#6925 = ORIENTED_EDGE ( 'NONE', *, *, #6471, .T. ) ;
#6926 = CIRCLE ( 'NONE', #5773, 0.1499999999999999667 ) ;
#6927 = FILL_AREA_STYLE ('',( #8407 ) ) ;
#6928 =( NAMED_UNIT ( * ) SI_UNIT ( $, .STERADIAN. ) SOLID_ANGLE_UNIT ( ) );
#6929 = CARTESIAN_POINT ( 'NONE',  ( -0.3471243838717776864, 2.415000000000000036, 9.729920561542824586 ) ) ;
#6930 = CARTESIAN_POINT ( 'NONE',  ( -1.422431353392757059, 2.415000000000000036, 5.091196961431829315 ) ) ;
#6931 =( NAMED_UNIT ( * ) SI_UNIT ( $, .STERADIAN. ) SOLID_ANGLE_UNIT ( ) );
#6932 = CARTESIAN_POINT ( 'NONE',  ( -0.2820170011120998188, 2.415000000000000036, 5.822431721291962070 ) ) ;
#6933 = UNCERTAINTY_MEASURE_WITH_UNIT (LENGTH_MEASURE( 1.000000000000000082E-05 ), #7506, 'distance_accuracy_value', 'NONE');
#6934 = B_SPLINE_CURVE_WITH_KNOTS ( 'NONE', 3,
 ( #3983, #4729, #5400, #7475, #1345, #4282, #3433, #7026, #8370, #2914, #2785, #5673, #5527, #6174, #4854, #2751, #7570, #2256, #1420 ),
 .UNSPECIFIED., .F., .F.,
 ( 4, 1, 1, 1, 1, 1, 1, 1, 1, 1, 1, 1, 1, 1, 1, 1, 4 ),
 ( 0.0000000000000000000, 0.06822368100091751042, 0.1340649159077884900, 0.1974554606128768874, 0.2598603780055621648, 0.3204685673890935171, 0.3801543516535619838, 0.4405695208354790671, 0.5007612052717490547, 0.5612655372165062939, 0.6207515327139978556, 0.6807188995335485826, 0.7408359044318320041, 0.8025313229076475041, 0.8661517685155365465, 0.9315823472234480151, 1.000000000000000000 ),
 .UNSPECIFIED. ) ;
#6935 = CARTESIAN_POINT ( 'NONE',  ( 1.738932772784465230, 2.415000000000000036, 7.363453560328417247 ) ) ;
#6936 = ORIENTED_EDGE ( 'NONE', *, *, #1328, .F. ) ;
#6937 = DIRECTION ( 'NONE',  ( 0.0000000000000000000, -0.0000000000000000000, 1.000000000000000000 ) ) ;
#6938 = EDGE_LOOP ( 'NONE', ( #1301, #5113, #1103, #2732 ) ) ;
#6939 = ORIENTED_EDGE ( 'NONE', *, *, #4881, .T. ) ;
#6940 =( LENGTH_UNIT ( ) NAMED_UNIT ( * ) SI_UNIT ( .MILLI., .METRE. ) );
#6941 = STYLED_ITEM ( 'NONE', ( #7821 ), #2885 ) ;
#6942 = CARTESIAN_POINT ( 'NONE',  ( -0.7585451704537152784, 2.415000000000000036, 2.326243300625665089 ) ) ;
#6943 = SURFACE_STYLE_USAGE ( .BOTH. , #7106 ) ;
#6944 = CARTESIAN_POINT ( 'NONE',  ( 0.2034997390820393603, 2.415000000000000036, 7.804543491141584077 ) ) ;
#6945 = VECTOR ( 'NONE', #2870, 1000.000000000000000 ) ;
#6946 = CARTESIAN_POINT ( 'NONE',  ( -0.5558551421377407875, 2.415000000000000036, 5.568024670009910082 ) ) ;
#6947 = ORIENTED_EDGE ( 'NONE', *, *, #2177, .T. ) ;
#6948 = CARTESIAN_POINT ( 'NONE',  ( -2.742898372463324019, 2.415000000000000036, 9.912141824154556247 ) ) ;
#6949 =( NAMED_UNIT ( * ) PLANE_ANGLE_UNIT ( ) SI_UNIT ( $, .RADIAN. ) );
#6950 = SURFACE_SIDE_STYLE ('',( #8472 ) ) ;
#6951 = SURFACE_STYLE_FILL_AREA ( #6108 ) ;
#6952 = CARTESIAN_POINT ( 'NONE',  ( -0.2994448857274837339, 2.415000000000000036, 7.135893259753498974 ) ) ;
#6953 = CARTESIAN_POINT ( 'NONE',  ( -1.575085911368512059, 2.415000000000000036, 9.780083964881706393 ) ) ;
#6954 = CARTESIAN_POINT ( 'NONE',  ( -0.2628243787068888504, 2.415000000000000036, 9.237468251491316451 ) ) ;
#6955 = LINE ( 'NONE', #3528, #8772 ) ;
#6956 = CARTESIAN_POINT ( 'NONE',  ( -1.699999999999999956, 0.0000000000000000000, -3.299999999999999822 ) ) ;
#6957 = CARTESIAN_POINT ( 'NONE',  ( -0.1766572706883364763, 2.415000000000000036, 5.272988209580034891 ) ) ;
#6958 = VERTEX_POINT ( 'NONE', #77 ) ;
#6959 = CARTESIAN_POINT ( 'NONE',  ( -0.9440657597886057406, 2.415000000000000036, 5.363669407701056713 ) ) ;
#6960 = CARTESIAN_POINT ( 'NONE',  ( -0.7289320652146631385, 2.415000000000000036, 7.988056721291960649 ) ) ;
#6961 = CARTESIAN_POINT ( 'NONE',  ( 1.122029473246874298, 2.415000000000000036, 8.161534285394525412 ) ) ;
#6962 = CARTESIAN_POINT ( 'NONE',  ( 1.365937752698422214, 2.415000000000000036, 9.814708939165546653 ) ) ;
#6963 = EDGE_CURVE ( 'NONE', #2448, #6291, #3407, .T. ) ;
#6964 = VERTEX_POINT ( 'NONE', #2756 ) ;
#6965 =( NAMED_UNIT ( * ) PLANE_ANGLE_UNIT ( ) SI_UNIT ( $, .RADIAN. ) );
#6966 = ORIENTED_EDGE ( 'NONE', *, *, #8083, .T. ) ;
#6967 = ORIENTED_EDGE ( 'NONE', *, *, #6473, .F. ) ;
#6968 = EDGE_CURVE ( 'NONE', #6203, #7061, #1432, .T. ) ;
#6969 = EDGE_CURVE ( 'NONE', #2261, #7173, #837, .T. ) ;
#6970 =( GEOMETRIC_REPRESENTATION_CONTEXT ( 3 ) GLOBAL_UNCERTAINTY_ASSIGNED_CONTEXT ( ( #3776 ) ) GLOBAL_UNIT_ASSIGNED_CONTEXT ( ( #6031, #1282, #2108 ) ) REPRESENTATION_CONTEXT ( 'NONE', 'WORKASPACE' ) );
#6971 = LINE ( 'NONE', #5610, #7932 ) ;
#6972 = CARTESIAN_POINT ( 'NONE',  ( 1.633183587330273134, 2.415000000000000036, 5.489014265555760552 ) ) ;
#6973 =( NAMED_UNIT ( * ) SI_UNIT ( $, .STERADIAN. ) SOLID_ANGLE_UNIT ( ) );
#6974 = SURFACE_STYLE_FILL_AREA ( #5664 ) ;
#6975 = VERTEX_POINT ( 'NONE', #8332 ) ;
#6976 = FACE_OUTER_BOUND ( 'NONE', #2142, .T. ) ;
#6977 = ORIENTED_EDGE ( 'NONE', *, *, #8377, .F. ) ;
#6978 = CIRCLE ( 'NONE', #1829, 0.4049999999999999711 ) ;
#6979 = ORIENTED_EDGE ( 'NONE', *, *, #7394, .F. ) ;
#6980 = LINE ( 'NONE', #6612, #8691 ) ;
#6981 = PLANE ( 'NONE',  #1495 ) ;
#6982 = ADVANCED_FACE ( 'NONE', ( #2880 ), #1515, .T. ) ;
#6983 = LINE ( 'NONE', #7108, #8037 ) ;
#6984 =( LENGTH_UNIT ( ) NAMED_UNIT ( * ) SI_UNIT ( .MILLI., .METRE. ) );
#6985 = ORIENTED_EDGE ( 'NONE', *, *, #773, .F. ) ;
#6986 = COLOUR_RGB ( '',0.2509803921568627416, 0.2509803921568627416, 0.2509803921568627416 ) ;
#6987 = FILL_AREA_STYLE ('',( #1513 ) ) ;
#6988 = PRESENTATION_LAYER_ASSIGNMENT (  '', '', ( #8025 ) ) ;
#6989 = CARTESIAN_POINT ( 'NONE',  ( 1.142862806580207780, 2.415000000000000036, 7.597431721291960649 ) ) ;
#6990 = CARTESIAN_POINT ( 'NONE',  ( 0.9549924556080785498, 2.415000000000000036, 8.150244698064886606 ) ) ;
#6991 = CARTESIAN_POINT ( 'NONE',  ( -0.4137208439643378921, 2.415000000000000036, 7.332236312570490355 ) ) ;
#6992 = STYLED_ITEM ( 'NONE', ( #2488 ), #5413 ) ;
#6993 = CARTESIAN_POINT ( 'NONE',  ( -1.395598731881331656, 2.415000000000000036, 9.689739413599653517 ) ) ;
#6994 = CARTESIAN_POINT ( 'NONE',  ( 1.117884187152874409, 2.415000000000000036, 9.585444971282884197 ) ) ;
#6995 = CARTESIAN_POINT ( 'NONE',  ( 1.810492896643395300, 2.415000000000000036, 5.449037499429372211 ) ) ;
#6996 = ORIENTED_EDGE ( 'NONE', *, *, #7463, .F. ) ;
#6997 = SURFACE_STYLE_USAGE ( .BOTH. , #4250 ) ;
#6998 = CARTESIAN_POINT ( 'NONE',  ( -4.888132034355963995, -2.410000000000000142, 0.8659999999999993259 ) ) ;
#6999 = AXIS2_PLACEMENT_3D ( 'NONE', #1596, #7848, #7099 ) ;
#7000 = CARTESIAN_POINT ( 'NONE',  ( -0.3919445962988837850, 2.415000000000000036, 8.180274908018375868 ) ) ;
#7001 = CARTESIAN_POINT ( 'NONE',  ( -1.849958895019295779, 2.415000000000000036, 9.404042332068794252 ) ) ;
#7002 =( GEOMETRIC_REPRESENTATION_CONTEXT ( 3 ) GLOBAL_UNCERTAINTY_ASSIGNED_CONTEXT ( ( #91 ) ) GLOBAL_UNIT_ASSIGNED_CONTEXT ( ( #7013, #684, #6973 ) ) REPRESENTATION_CONTEXT ( 'NONE', 'WORKASPACE' ) );
#7003 = CARTESIAN_POINT ( 'NONE',  ( 1.997629298126356368, 2.415000000000000036, 5.261593710057680617 ) ) ;
#7004 = ORIENTED_EDGE ( 'NONE', *, *, #4971, .T. ) ;
#7005 = UNCERTAINTY_MEASURE_WITH_UNIT (LENGTH_MEASURE( 1.000000000000000082E-05 ), #1568, 'distance_accuracy_value', 'NONE');
#7006 = CARTESIAN_POINT ( 'NONE',  ( -0.1670478819469208287, 2.415000000000000036, 9.984326875571520432 ) ) ;
#7007 = ORIENTED_EDGE ( 'NONE', *, *, #652, .F. ) ;
#7008 = CIRCLE ( 'NONE', #4006, 0.1499999999999996059 ) ;
#7009 = VERTEX_POINT ( 'NONE', #4430 ) ;
#7010 = CARTESIAN_POINT ( 'NONE',  ( 2.525875627093027820, 2.415000000000000036, 8.161534285394525412 ) ) ;
#7011 = VECTOR ( 'NONE', #414, 1000.000000000000000 ) ;
#7012 = PRESENTATION_LAYER_ASSIGNMENT (  '', '', ( #4135 ) ) ;
#7013 =( LENGTH_UNIT ( ) NAMED_UNIT ( * ) SI_UNIT ( .MILLI., .METRE. ) );
#7014 =( NAMED_UNIT ( * ) PLANE_ANGLE_UNIT ( ) SI_UNIT ( $, .RADIAN. ) );
#7015 = UNCERTAINTY_MEASURE_WITH_UNIT (LENGTH_MEASURE( 1.000000000000000082E-05 ), #3164, 'distance_accuracy_value', 'NONE');
#7016 = FACE_OUTER_BOUND ( 'NONE', #4300, .T. ) ;
#7017 = ORIENTED_EDGE ( 'NONE', *, *, #655, .T. ) ;
#7018 = EDGE_CURVE ( 'NONE', #8009, #7596, #1657, .T. ) ;
#7019 = CARTESIAN_POINT ( 'NONE',  ( -1.113664588522988996, 2.415000000000000036, 5.065752118383342939 ) ) ;
#7020 = ORIENTED_EDGE ( 'NONE', *, *, #607, .T. ) ;
#7021 = ORIENTED_EDGE ( 'NONE', *, *, #440, .T. ) ;
#7022 = STYLED_ITEM ( 'NONE', ( #4393 ), #7635 ) ;
#7023 = SURFACE_STYLE_FILL_AREA ( #8727 ) ;
#7024 = EDGE_CURVE ( 'NONE', #1598, #6082, #4995, .T. ) ;
#7025 = CARTESIAN_POINT ( 'NONE',  ( -2.946880783163383200, 2.415000000000000036, 9.241021464881704617 ) ) ;
#7026 = CARTESIAN_POINT ( 'NONE',  ( 3.203709273541349489, 2.415000000000000036, 9.456959736176143494 ) ) ;
#7027 = CARTESIAN_POINT ( 'NONE',  ( -1.953282054565862902, 2.415000000000000036, 9.263637653283330664 ) ) ;
#7028 = SURFACE_SIDE_STYLE ('',( #928 ) ) ;
#7029 = ADVANCED_FACE ( 'NONE', ( #3023 ), #6452, .T. ) ;
#7030 = CARTESIAN_POINT ( 'NONE',  ( -1.641225832739663382, 2.415000000000000036, 9.925034786716887325 ) ) ;
#7031 = VERTEX_POINT ( 'NONE', #5910 ) ;
#7032 =( NAMED_UNIT ( * ) PLANE_ANGLE_UNIT ( ) SI_UNIT ( $, .RADIAN. ) );
#7033 = CARTESIAN_POINT ( 'NONE',  ( 2.239016652734054258, 2.415000000000000036, 5.082047105907345319 ) ) ;
#7034 = CARTESIAN_POINT ( 'NONE',  ( -0.6916038727626123706, 2.415000000000000036, 5.683034926057569436 ) ) ;
#7035 = CARTESIAN_POINT ( 'NONE',  ( 5.510000000000000675, 2.510525938252069748E-17, -3.299999999999999822 ) ) ;
#7036 = CARTESIAN_POINT ( 'NONE',  ( 2.104921798971770563, 2.415000000000000036, 9.984395581675940434 ) ) ;
#7037 = CARTESIAN_POINT ( 'NONE',  ( -2.214224094708881818, 2.415000000000000036, 7.535456568214895512 ) ) ;
#7038 = CARTESIAN_POINT ( 'NONE',  ( -0.3462243962373421913, 2.415000000000000036, 5.412883506896990937 ) ) ;
#7039 = VERTEX_POINT ( 'NONE', #7259 ) ;
#7040 = CARTESIAN_POINT ( 'NONE',  ( -2.150412016974574403, 2.415000000000000036, 7.846092652291506653 ) ) ;
#7041 = LINE ( 'NONE', #4876, #6646 ) ;
#7042 = CARTESIAN_POINT ( 'NONE',  ( -2.475340186488105942, 2.415000000000000036, 9.795173866920583450 ) ) ;
#7043 = VECTOR ( 'NONE', #8791, 1000.000000000000000 ) ;
#7044 = CARTESIAN_POINT ( 'NONE',  ( -0.3022493729069709034, 2.415000000000000036, 8.187175311035549186 ) ) ;
#7045 = CARTESIAN_POINT ( 'NONE',  ( -1.861549449173049764, 2.415000000000000036, 9.411328479061417340 ) ) ;
#7046 = CARTESIAN_POINT ( 'NONE',  ( 1.924263812840885990, 2.415000000000000036, 5.265539577277404071 ) ) ;
#7047 = VERTEX_POINT ( 'NONE', #6540 ) ;
#7048 = STYLED_ITEM ( 'NONE', ( #883 ), #2128 ) ;
#7049 = PRESENTATION_LAYER_ASSIGNMENT (  '', '', ( #3607 ) ) ;
#7050 = CARTESIAN_POINT ( 'NONE',  ( 0.2944448701973280125, 2.415000000000000036, 2.412921715150302848 ) ) ;
#7051 = VERTEX_POINT ( 'NONE', #8562 ) ;
#7052 = ORIENTED_EDGE ( 'NONE', *, *, #531, .T. ) ;
#7053 = CARTESIAN_POINT ( 'NONE',  ( 1.892733815908310913, 2.415000000000000036, 6.068817197848635381 ) ) ;
#7054 = SURFACE_SIDE_STYLE ('',( #8450 ) ) ;
#7055 =( GEOMETRIC_REPRESENTATION_CONTEXT ( 3 ) GLOBAL_UNCERTAINTY_ASSIGNED_CONTEXT ( ( #6829 ) ) GLOBAL_UNIT_ASSIGNED_CONTEXT ( ( #7534, #7404, #1263 ) ) REPRESENTATION_CONTEXT ( 'NONE', 'WORKASPACE' ) );
#7056 = AXIS2_PLACEMENT_3D ( 'NONE', #7335, #1154, #8127 ) ;
#7057 = CARTESIAN_POINT ( 'NONE',  ( -2.581369611920512508, 2.415000000000000036, 9.395088205652680102 ) ) ;
#7058 = EDGE_LOOP ( 'NONE', ( #4288, #5951, #6936, #5367, #4700, #4410, #5076, #8555 ) ) ;
#7059 = STYLED_ITEM ( 'NONE', ( #583 ), #2353 ) ;
#7060 = ORIENTED_EDGE ( 'NONE', *, *, #1749, .T. ) ;
#7061 = VERTEX_POINT ( 'NONE', #6588 ) ;
#7062 = CARTESIAN_POINT ( 'NONE',  ( 1.754097378960205456, 2.415000000000000036, 7.829679446218634098 ) ) ;
#7063 = FILL_AREA_STYLE ('',( #8460 ) ) ;
#7064 = CARTESIAN_POINT ( 'NONE',  ( -3.560600019637272684, 2.415000000000000036, 9.783671409125151541 ) ) ;
#7065 = LINE ( 'NONE', #4948, #7960 ) ;
#7066 =( LENGTH_UNIT ( ) NAMED_UNIT ( * ) SI_UNIT ( .MILLI., .METRE. ) );
#7067 = DIRECTION ( 'NONE',  ( 0.3543238630969842706, 0.0000000000000000000, 0.9351227727095674513 ) ) ;
#7068 = FACE_OUTER_BOUND ( 'NONE', #1534, .T. ) ;
#7069 = ADVANCED_FACE ( 'NONE', ( #253 ), #3797, .T. ) ;
#7070 = CARTESIAN_POINT ( 'NONE',  ( -0.2669991364285010937, 2.415000000000000036, 8.186389708150143107 ) ) ;
#7071 = ORIENTED_EDGE ( 'NONE', *, *, #1699, .T. ) ;
#7072 = CARTESIAN_POINT ( 'NONE',  ( -1.222521808804407417, 2.415000000000000036, 5.415380439240678356 ) ) ;
#7073 = ORIENTED_EDGE ( 'NONE', *, *, #5422, .T. ) ;
#7074 = DIRECTION ( 'NONE',  ( 0.0000000000000000000, 0.0000000000000000000, -1.000000000000000000 ) ) ;
#7075 = FILL_AREA_STYLE ('',( #3707 ) ) ;
#7076 = DIRECTION ( 'NONE',  ( 0.0000000000000000000, 0.0000000000000000000, -1.000000000000000000 ) ) ;
#7077 =( NAMED_UNIT ( * ) PLANE_ANGLE_UNIT ( ) SI_UNIT ( $, .RADIAN. ) );
#7078 = EDGE_CURVE ( 'NONE', #6740, #2768, #2569, .T. ) ;
#7079 = CARTESIAN_POINT ( 'NONE',  ( 0.7427732404428908364, 2.415000000000000036, 7.963323314506016715 ) ) ;
#7080 = DIRECTION ( 'NONE',  ( -0.7071067811865473507, 0.0000000000000000000, 0.7071067811865477948 ) ) ;
#7081 = AXIS2_PLACEMENT_3D ( 'NONE', #3155, #3058, #5182 ) ;
#7082 = EDGE_CURVE ( 'NONE', #591, #3506, #7586, .T. ) ;
#7083 = CARTESIAN_POINT ( 'NONE',  ( 0.9941706080652699118, 2.415000000000000036, 7.782047542730308187 ) ) ;
#7084 = CARTESIAN_POINT ( 'NONE',  ( 7.215000000000001634, 2.415000000000000036, 9.865126265847077747 ) ) ;
#7085 = CARTESIAN_POINT ( 'NONE',  ( 1.790448766389730606, 2.415000000000000036, 5.383804545639356398 ) ) ;
#7086 = ORIENTED_EDGE ( 'NONE', *, *, #5812, .F. ) ;
#7087 = CARTESIAN_POINT ( 'NONE',  ( 1.396830935527681561, 2.415000000000000036, 9.983754030860751527 ) ) ;
#7088 = CARTESIAN_POINT ( 'NONE',  ( -3.780214116496718013, 2.415000000000000036, 9.720188131548370691 ) ) ;
#7089 = FILL_AREA_STYLE ('',( #5786 ) ) ;
#7090 = CARTESIAN_POINT ( 'NONE',  ( 1.807517449275128918, 2.415000000000000036, 5.317631959183676038 ) ) ;
#7091 = ORIENTED_EDGE ( 'NONE', *, *, #8208, .F. ) ;
#7092 = VERTEX_POINT ( 'NONE', #2001 ) ;
#7093 = CARTESIAN_POINT ( 'NONE',  ( 1.783759456933951881, 2.415000000000000036, 8.148304377335817250 ) ) ;
#7094 = CARTESIAN_POINT ( 'NONE',  ( -3.190470526753126368, 2.415000000000000036, 7.341021464881704262 ) ) ;
#7095 = CARTESIAN_POINT ( 'NONE',  ( -6.120000000000000107, 4.959819536546776286E-17, -3.500000000000000000 ) ) ;
#7096 = CARTESIAN_POINT ( 'NONE',  ( -3.306983458211055549, 2.415000000000000036, 9.604675042820629116 ) ) ;
#7097 = SURFACE_STYLE_USAGE ( .BOTH. , #5031 ) ;
#7098 = VERTEX_POINT ( 'NONE', #519 ) ;
#7099 = DIRECTION ( 'NONE',  ( 1.000000000000000000, 0.0000000000000000000, 0.0000000000000000000 ) ) ;
#7100 = ORIENTED_EDGE ( 'NONE', *, *, #5466, .F. ) ;
#7101 = ORIENTED_EDGE ( 'NONE', *, *, #6078, .F. ) ;
#7102 = VECTOR ( 'NONE', #8572, 1000.000000000000000 ) ;
#7103 =( LENGTH_UNIT ( ) NAMED_UNIT ( * ) SI_UNIT ( .MILLI., .METRE. ) );
#7104 = LINE ( 'NONE', #5762, #4007 ) ;
#7105 = CARTESIAN_POINT ( 'NONE',  ( 2.719785883503283763, 2.415000000000000036, 9.386454157189398018 ) ) ;
#7106 = SURFACE_SIDE_STYLE ('',( #2254 ) ) ;
#7107 = CARTESIAN_POINT ( 'NONE',  ( -0.1947322389012101085, 2.415000000000000036, 2.130839487058926895 ) ) ;
#7108 = CARTESIAN_POINT ( 'NONE',  ( -1.594917642137741343, 2.415000000000000036, 7.161534285394524524 ) ) ;
#7109 = CARTESIAN_POINT ( 'NONE',  ( 1.431324345041745882, 2.415000000000000036, 5.082047105907345319 ) ) ;
#7110 =( NAMED_UNIT ( * ) SI_UNIT ( $, .STERADIAN. ) SOLID_ANGLE_UNIT ( ) );
#7111 = CARTESIAN_POINT ( 'NONE',  ( -1.761834716498587250, 2.415000000000000036, 9.981148313499907943 ) ) ;
#7112 = ORIENTED_EDGE ( 'NONE', *, *, #1972, .F. ) ;
#7113 = FILL_AREA_STYLE ('',( #4378 ) ) ;
#7114 = CARTESIAN_POINT ( 'NONE',  ( 1.251837165554566367, 2.415000000000000036, 5.517944541804781444 ) ) ;
#7115 = EDGE_CURVE ( 'NONE', #7640, #581, #7589, .T. ) ;
#7116 = VECTOR ( 'NONE', #7496, 1000.000000000000000 ) ;
#7117 = DIRECTION ( 'NONE',  ( 0.0000000000000000000, 0.0000000000000000000, -1.000000000000000000 ) ) ;
#7118 = CARTESIAN_POINT ( 'NONE',  ( 1.661098574807345019, 2.415000000000000036, 7.714870327492678648 ) ) ;
#7119 = PRESENTATION_STYLE_ASSIGNMENT (( #1795 ) ) ;
#7120 = CARTESIAN_POINT ( 'NONE',  ( -0.5906918689415235901, 2.415000000000000036, 7.454153087348957207 ) ) ;
#7121 = CARTESIAN_POINT ( 'NONE',  ( -1.818275013932614481, 2.415000000000000036, 9.817944541804781267 ) ) ;
#7122 = SURFACE_STYLE_FILL_AREA ( #2980 ) ;
#7123 = EDGE_CURVE ( 'NONE', #6343, #7424, #4705, .T. ) ;
#7124 = DIRECTION ( 'NONE',  ( 0.3543238630969852143, 0.0000000000000000000, -0.9351227727095672293 ) ) ;
#7125 = ORIENTED_EDGE ( 'NONE', *, *, #4071, .T. ) ;
#7126 = CARTESIAN_POINT ( 'NONE',  ( 4.888132034355965772, -2.410000000000000142, 0.8660000000000008802 ) ) ;
#7127 = DIRECTION ( 'NONE',  ( 0.7071067811865473507, -0.0000000000000000000, 0.7071067811865477948 ) ) ;
#7128 = EDGE_CURVE ( 'NONE', #7798, #7289, #1958, .T. ) ;
#7129 = PRESENTATION_LAYER_ASSIGNMENT (  '', '', ( #2953 ) ) ;
#7130 = CARTESIAN_POINT ( 'NONE',  ( 1.610811524528925842, 2.415000000000000036, 5.371510246932986732 ) ) ;
#7131 = AXIS2_PLACEMENT_3D ( 'NONE', #7458, #6875, #1319 ) ;
#7132 =( GEOMETRIC_REPRESENTATION_CONTEXT ( 3 ) GLOBAL_UNCERTAINTY_ASSIGNED_CONTEXT ( ( #5654 ) ) GLOBAL_UNIT_ASSIGNED_CONTEXT ( ( #1798, #3945, #5199 ) ) REPRESENTATION_CONTEXT ( 'NONE', 'WORKASPACE' ) );
#7133 = CARTESIAN_POINT ( 'NONE',  ( -1.484139515070156179, 2.415000000000000036, 5.824874615052714866 ) ) ;
#7134 = ORIENTED_EDGE ( 'NONE', *, *, #7082, .T. ) ;
#7135 = CARTESIAN_POINT ( 'NONE',  ( 1.770072933781704050, 2.415000000000000036, 5.635383148005499443 ) ) ;
#7136 = EDGE_CURVE ( 'NONE', #3859, #8505, #4841, .T. ) ;
#7137 = ORIENTED_EDGE ( 'NONE', *, *, #4451, .F. ) ;
#7138 = COLOUR_RGB ( '',0.2509803921568627416, 0.2509803921568627416, 0.2509803921568627416 ) ;
#7139 = CARTESIAN_POINT ( 'NONE',  ( 3.051917293759693894, 2.415000000000000036, 9.984611208471447341 ) ) ;
#7140 = PRESENTATION_LAYER_ASSIGNMENT (  '', '', ( #5275 ) ) ;
#7141 = ADVANCED_FACE ( 'NONE', ( #1920 ), #4022, .T. ) ;
#7142 = CARTESIAN_POINT ( 'NONE',  ( 1.130042293759694561, 2.415000000000000036, 10.26666249052273017 ) ) ;
#7143 = CARTESIAN_POINT ( 'NONE',  ( -0.3172468178659438309, 2.415000000000000036, 9.440001526507934670 ) ) ;
#7144 = CARTESIAN_POINT ( 'NONE',  ( -2.731867965644036111, 2.415000000000000036, 0.8659999999999993259 ) ) ;
#7145 = CARTESIAN_POINT ( 'NONE',  ( -3.313547278174189259, 2.415000000000000036, 9.675659255663502378 ) ) ;
#7146 = CARTESIAN_POINT ( 'NONE',  ( -2.765945036139256352, 2.415000000000000036, 9.522043837350739892 ) ) ;
#7147 = ORIENTED_EDGE ( 'NONE', *, *, #3658, .T. ) ;
#7148 = CARTESIAN_POINT ( 'NONE',  ( -4.675999999999999268, -2.410000000000000142, 1.078132034355963720 ) ) ;
#7149 = ORIENTED_EDGE ( 'NONE', *, *, #3671, .F. ) ;
#7150 = VERTEX_POINT ( 'NONE', #4728 ) ;
#7151 = PRESENTATION_STYLE_ASSIGNMENT (( #287 ) ) ;
#7152 = VECTOR ( 'NONE', #6526, 1000.000000000000000 ) ;
#7153 = CARTESIAN_POINT ( 'NONE',  ( 1.142862806580207780, 2.415000000000000036, 7.776918900779140387 ) ) ;
#7154 = CARTESIAN_POINT ( 'NONE',  ( 7.215000000000001634, -2.260000000000000231, 9.865126265847081299 ) ) ;
#7155 = DIRECTION ( 'NONE',  ( 0.0000000000000000000, 0.0000000000000000000, -1.000000000000000000 ) ) ;
#7156 = FACE_BOUND ( 'NONE', #645, .T. ) ;
#7157 = CARTESIAN_POINT ( 'NONE',  ( -0.1979531845313369232, 2.415000000000000036, 8.177496378303084512 ) ) ;
#7158 = EDGE_LOOP ( 'NONE', ( #3694, #5303, #4514, #1201 ) ) ;
#7159 = VECTOR ( 'NONE', #458, 1000.000000000000000 ) ;
#7160 = CARTESIAN_POINT ( 'NONE',  ( -3.371015488874916866, 2.415000000000000036, 9.781524434628934728 ) ) ;
#7161 = ORIENTED_EDGE ( 'NONE', *, *, #2471, .T. ) ;
#7162 = VECTOR ( 'NONE', #5440, 1000.000000000000000 ) ;
#7163 = CARTESIAN_POINT ( 'NONE',  ( -2.146749370830664638, 2.415000000000000036, 7.136345011481201261 ) ) ;
#7164 =( NAMED_UNIT ( * ) SI_UNIT ( $, .STERADIAN. ) SOLID_ANGLE_UNIT ( ) );
#7165 = SURFACE_STYLE_FILL_AREA ( #937 ) ;
#7166 = FACE_OUTER_BOUND ( 'NONE', #3518, .T. ) ;
#7167 = LINE ( 'NONE', #3710, #8891 ) ;
#7168 = B_SPLINE_CURVE_WITH_KNOTS ( 'NONE', 3,
 ( #489, #3228, #5965, #5497, #8196, #2054, #7587, #8287, #4784, #7528, #843, #4116, #8242, #5411, #8338, #2014, #5450, #6277, #2720 ),
 .UNSPECIFIED., .F., .F.,
 ( 4, 1, 1, 1, 1, 1, 1, 1, 1, 1, 1, 1, 1, 1, 1, 1, 4 ),
 ( 0.0000000000000000000, 0.06737405440356941666, 0.1318322966942385432, 0.1944547514618704398, 0.2555662181122213550, 0.3155873806720976837, 0.3756245423466765265, 0.4361329772354515799, 0.4977717426514711163, 0.5594614804090105586, 0.6202669139556075129, 0.6807748678609685244, 0.7415750362255069117, 0.8032218278605885997, 0.8664970990943701157, 0.9319126544756647368, 1.000000000000000000 ),
 .UNSPECIFIED. ) ;
#7169 = LINE ( 'NONE', #5729, #6741 ) ;
#7170 = CARTESIAN_POINT ( 'NONE',  ( 1.988338948059660272, 2.415000000000000036, 9.955522972246230395 ) ) ;
#7171 =( NAMED_UNIT ( * ) SI_UNIT ( $, .STERADIAN. ) SOLID_ANGLE_UNIT ( ) );
#7172 = EDGE_CURVE ( 'NONE', #4629, #2273, #8793, .T. ) ;
#7173 = VERTEX_POINT ( 'NONE', #5315 ) ;
#7174 = CARTESIAN_POINT ( 'NONE',  ( 7.214999999999999858, 2.265000000000000124, 1.016000000000000902 ) ) ;
#7175 = CARTESIAN_POINT ( 'NONE',  ( 1.758339536025588901, 2.415000000000000036, 8.141630524268281377 ) ) ;
#7176 = STYLED_ITEM ( 'NONE', ( #3029 ), #164 ) ;
#7177 = DIRECTION ( 'NONE',  ( 1.000000000000000000, 0.0000000000000000000, 0.0000000000000000000 ) ) ;
#7178 = FILL_AREA_STYLE_COLOUR ( '', #6753 ) ;
#7179 = ORIENTED_EDGE ( 'NONE', *, *, #7513, .F. ) ;
#7180 = UNCERTAINTY_MEASURE_WITH_UNIT (LENGTH_MEASURE( 1.000000000000000082E-05 ), #3825, 'distance_accuracy_value', 'NONE');
#7181 = EDGE_CURVE ( 'NONE', #5231, #154, #650, .T. ) ;
#7182 = DIRECTION ( 'NONE',  ( 0.0000000000000000000, 1.000000000000000000, -0.0000000000000000000 ) ) ;
#7183 = ORIENTED_EDGE ( 'NONE', *, *, #1595, .T. ) ;
#7184 = B_SPLINE_CURVE_WITH_KNOTS ( 'NONE', 3,
 ( #7321, #1763, #2373, #4543, #1186, #7837, #5883, #1673, #4499, #7135, #3770 ),
 .UNSPECIFIED., .F., .F.,
 ( 4, 1, 1, 1, 1, 1, 1, 1, 4 ),
 ( 0.0000000000000000000, 0.1233078016665103693, 0.2428618673804758266, 0.3594293927757703511, 0.4747833346277198219, 0.5943761998015048009, 0.7201703648697743709, 0.8550989510831180640, 1.000000000000000000 ),
 .UNSPECIFIED. ) ;
#7185 = SURFACE_STYLE_USAGE ( .BOTH. , #7840 ) ;
#7186 = CARTESIAN_POINT ( 'NONE',  ( -0.3290726867447786308, 2.415000000000000036, 9.451901532336899336 ) ) ;
#7187 = EDGE_CURVE ( 'NONE', #8787, #4621, #6130, .T. ) ;
#7188 =( GEOMETRIC_REPRESENTATION_CONTEXT ( 3 ) GLOBAL_UNCERTAINTY_ASSIGNED_CONTEXT ( ( #6388 ) ) GLOBAL_UNIT_ASSIGNED_CONTEXT ( ( #3130, #5828, #265 ) ) REPRESENTATION_CONTEXT ( 'NONE', 'WORKASPACE' ) );
#7189 = UNCERTAINTY_MEASURE_WITH_UNIT (LENGTH_MEASURE( 1.000000000000000082E-05 ), #2710, 'distance_accuracy_value', 'NONE');
#7190 = DIRECTION ( 'NONE',  ( -1.000000000000000000, 0.0000000000000000000, 1.423070940095821945E-16 ) ) ;
#7191 = ORIENTED_EDGE ( 'NONE', *, *, #992, .T. ) ;
#7192 = CARTESIAN_POINT ( 'NONE',  ( -0.9789620022825704648, 2.415000000000000036, 5.108032043234050690 ) ) ;
#7193 = ORIENTED_EDGE ( 'NONE', *, *, #4446, .T. ) ;
#7194 = ORIENTED_EDGE ( 'NONE', *, *, #3544, .T. ) ;
#7195 = COLOUR_RGB ( '',0.2509803921568627416, 0.2509803921568627416, 0.2509803921568627416 ) ;
#7196 = SURFACE_STYLE_USAGE ( .BOTH. , #3006 ) ;
#7197 =( NAMED_UNIT ( * ) SI_UNIT ( $, .STERADIAN. ) SOLID_ANGLE_UNIT ( ) );
#7198 = DIRECTION ( 'NONE',  ( 1.000000000000000000, 0.0000000000000000000, -5.782411586589358822E-15 ) ) ;
#7199 = PLANE ( 'NONE',  #477 ) ;
#7200 = CARTESIAN_POINT ( 'NONE',  ( -0.05958454214436320617, 2.415000000000000036, 2.170274616900838893 ) ) ;
#7201 =( NAMED_UNIT ( * ) SI_UNIT ( $, .STERADIAN. ) SOLID_ANGLE_UNIT ( ) );
#7202 = TOROIDAL_SURFACE ( 'NONE', #8541, 0.2999999999999999889, 0.1499999999999999944 ) ;
#7203 = COLOUR_RGB ( '',0.7529411764705882248, 0.7529411764705882248, 0.7529411764705882248 ) ;
#7204 = CARTESIAN_POINT ( 'NONE',  ( 1.501837165554566589, 2.415000000000000036, 7.450997426420165937 ) ) ;
#7205 = ORIENTED_EDGE ( 'NONE', *, *, #7676, .T. ) ;
#7206 = VERTEX_POINT ( 'NONE', #3942 ) ;
#7207 = FACE_OUTER_BOUND ( 'NONE', #6235, .T. ) ;
#7208 = VECTOR ( 'NONE', #1579, 1000.000000000000000 ) ;
#7209 = CARTESIAN_POINT ( 'NONE',  ( -2.062265398547999062, 2.415000000000000036, 9.451157682830421791 ) ) ;
#7210 = DIRECTION ( 'NONE',  ( 0.0000000000000000000, 1.000000000000000000, 0.0000000000000000000 ) ) ;
#7211 = CARTESIAN_POINT ( 'NONE',  ( 1.302453433154551643, 2.415000000000000036, 9.817293245814051161 ) ) ;
#7212 = CARTESIAN_POINT ( 'NONE',  ( -0.1732336602838588924, 2.415000000000000036, 2.516108357910494142 ) ) ;
#7213 =( LENGTH_UNIT ( ) NAMED_UNIT ( * ) SI_UNIT ( .MILLI., .METRE. ) );
#7214 =( NAMED_UNIT ( * ) PLANE_ANGLE_UNIT ( ) SI_UNIT ( $, .RADIAN. ) );
#7215 = CARTESIAN_POINT ( 'NONE',  ( -1.755038940572827943, 2.415000000000000036, 9.782436354729103556 ) ) ;
#7216 = FILL_AREA_STYLE_COLOUR ( '', #7466 ) ;
#7217 = PRESENTATION_LAYER_ASSIGNMENT (  '', '', ( #8704 ) ) ;
#7218 = VERTEX_POINT ( 'NONE', #3566 ) ;
#7219 = CARTESIAN_POINT ( 'NONE',  ( 1.894265050169951392, 2.415000000000000036, 7.982047105907346563 ) ) ;
#7220 = ORIENTED_EDGE ( 'NONE', *, *, #3290, .T. ) ;
#7221 = FACE_OUTER_BOUND ( 'NONE', #2632, .T. ) ;
#7222 = CARTESIAN_POINT ( 'NONE',  ( 1.950555114272515267, 2.415000000000000036, 7.341021464881704262 ) ) ;
#7223 = CARTESIAN_POINT ( 'NONE',  ( 2.299313127093028264, 2.415000000000000036, 8.161534285394525412 ) ) ;
#7224 = APPLICATION_PROTOCOL_DEFINITION ( 'draft international standard', 'automotive_design', 1998, #3198 ) ;
#7225 = LINE ( 'NONE', #5877, #2948 ) ;
#7226 = CARTESIAN_POINT ( 'NONE',  ( 1.076030881647745518, 2.415000000000000036, 6.075078936709410904 ) ) ;
#7227 = CARTESIAN_POINT ( 'NONE',  ( -0.2417599920667143354, 2.415000000000000036, 5.100093868761036653 ) ) ;
#7228 = VERTEX_POINT ( 'NONE', #1463 ) ;
#7229 = CARTESIAN_POINT ( 'NONE',  ( -0.5306984538837380416, 2.415000000000000036, 9.678502806177078810 ) ) ;
#7230 = COLOUR_RGB ( '',0.2509803921568627416, 0.2509803921568627416, 0.2509803921568627416 ) ;
#7231 = CARTESIAN_POINT ( 'NONE',  ( 0.9148189697002437892, 2.415000000000000036, 7.904560462441695634 ) ) ;
#7232 = ORIENTED_EDGE ( 'NONE', *, *, #49, .T. ) ;
#7233 = CARTESIAN_POINT ( 'NONE',  ( 1.896399116714793998, 2.415000000000000036, 7.764154635298909035 ) ) ;
#7234 = CARTESIAN_POINT ( 'NONE',  ( 3.038080323181283404, 2.415000000000000036, 9.984326875571520432 ) ) ;
#7235 = DIRECTION ( 'NONE',  ( -0.0000000000000000000, 1.000000000000000000, 0.0000000000000000000 ) ) ;
#7236 = CARTESIAN_POINT ( 'NONE',  ( -1.905000000000000027, 0.0000000000000000000, -3.299999999999999822 ) ) ;
#7237 = CARTESIAN_POINT ( 'NONE',  ( 1.905000000000000027, 0.0000000000000000000, -3.500000000000000000 ) ) ;
#7238 = EDGE_CURVE ( 'NONE', #8467, #1485, #4247, .T. ) ;
#7239 = ORIENTED_EDGE ( 'NONE', *, *, #6030, .T. ) ;
#7240 = CARTESIAN_POINT ( 'NONE',  ( -0.8900207370389267014, 2.415000000000000036, 5.161146194136319032 ) ) ;
#7241 = ORIENTED_EDGE ( 'NONE', *, *, #4665, .T. ) ;
#7242 = EDGE_CURVE ( 'NONE', #6504, #3985, #780, .T. ) ;
#7243 = EDGE_CURVE ( 'NONE', #197, #591, #3510, .T. ) ;
#7244 = B_SPLINE_CURVE_WITH_KNOTS ( 'NONE', 3,
 ( #125, #5680, #2837, #786, #5630, #2087, #2217, #6319, #4817, #3481, #6989 ),
 .UNSPECIFIED., .F., .F.,
 ( 4, 1, 1, 1, 1, 1, 1, 1, 4 ),
 ( 0.0000000000000000000, 0.07737274949468250784, 0.1676142909211537080, 0.2721083165199011389, 0.3900159922754468100, 0.5213633102089976212, 0.6672722540317900242, 0.8268095210701724707, 1.000000000000000000 ),
 .UNSPECIFIED. ) ;
#7245 = CARTESIAN_POINT ( 'NONE',  ( -3.715109949830051495, 2.415000000000000036, 9.909290695650938119 ) ) ;
#7246 = CARTESIAN_POINT ( 'NONE',  ( -0.8217989804249169472, 2.415000000000000036, 5.939965489764659878 ) ) ;
#7247 = CARTESIAN_POINT ( 'NONE',  ( -3.596027784209999911, 2.415000000000000036, 9.685615879262828187 ) ) ;
#7248 =( LENGTH_UNIT ( ) NAMED_UNIT ( * ) SI_UNIT ( .MILLI., .METRE. ) );
#7249 = CARTESIAN_POINT ( 'NONE',  ( 1.130042293759694561, 2.415000000000000036, 9.241021464881704617 ) ) ;
#7250 = SURFACE_STYLE_USAGE ( .BOTH. , #3741 ) ;
#7251 = DIRECTION ( 'NONE',  ( 1.000000000000000000, 0.0000000000000000000, 0.0000000000000000000 ) ) ;
#7252 = ORIENTED_EDGE ( 'NONE', *, *, #1883, .F. ) ;
#7253 = ORIENTED_EDGE ( 'NONE', *, *, #1481, .T. ) ;
#7254 = VECTOR ( 'NONE', #4452, 1000.000000000000000 ) ;
#7255 = CARTESIAN_POINT ( 'NONE',  ( 5.715000000000000746, 0.0000000000000000000, -3.500000000000000000 ) ) ;
#7256 = DIRECTION ( 'NONE',  ( -1.000000000000000000, 0.0000000000000000000, -2.716326130063896955E-16 ) ) ;
#7257 = SURFACE_SIDE_STYLE ('',( #8379 ) ) ;
#7258 = ADVANCED_FACE ( 'NONE', ( #2826 ), #2709, .T. ) ;
#7259 = CARTESIAN_POINT ( 'NONE',  ( -1.746159629317229678, 2.415000000000000036, 9.561934926420166292 ) ) ;
#7260 = CARTESIAN_POINT ( 'NONE',  ( 1.117221780939181563, 2.415000000000000036, 9.608409285394525767 ) ) ;
#7261 = SPHERICAL_SURFACE ( 'NONE', #4014, 0.1499999999999999944 ) ;
#7262 = CARTESIAN_POINT ( 'NONE',  ( -0.8694077665227931684, 2.415000000000000036, 5.655534729070735622 ) ) ;
#7263 = LINE ( 'NONE', #2457, #5547 ) ;
#7264 = CARTESIAN_POINT ( 'NONE',  ( -2.081496167778767337, 2.415000000000000036, 5.261534285394525057 ) ) ;
#7265 = VERTEX_POINT ( 'NONE', #2869 ) ;
#7266 = ORIENTED_EDGE ( 'NONE', *, *, #7128, .T. ) ;
#7267 = PRESENTATION_STYLE_ASSIGNMENT (( #8663 ) ) ;
#7268 = FACE_OUTER_BOUND ( 'NONE', #1964, .T. ) ;
#7269 = FILL_AREA_STYLE_COLOUR ( '', #1389 ) ;
#7270 = SURFACE_STYLE_FILL_AREA ( #2602 ) ;
#7271 = DIRECTION ( 'NONE',  ( 0.0000000000000000000, 0.0000000000000000000, 1.000000000000000000 ) ) ;
#7272 = CARTESIAN_POINT ( 'NONE',  ( 0.009449345041746499974, 2.415000000000000036, 5.082047105907345319 ) ) ;
#7273 = VECTOR ( 'NONE', #8735, 1000.000000000000000 ) ;
#7274 = CARTESIAN_POINT ( 'NONE',  ( 0.9266750329068573766, 2.415000000000000036, 6.026314741249347406 ) ) ;
#7275 = CARTESIAN_POINT ( 'NONE',  ( -2.467691347770351040, 2.415000000000000036, 7.361635271509719303 ) ) ;
#7276 = VERTEX_POINT ( 'NONE', #6892 ) ;
#7277 = CARTESIAN_POINT ( 'NONE',  ( 4.952346719737946934, 2.415000000000000036, 2.402759305157775582 ) ) ;
#7278 = CARTESIAN_POINT ( 'NONE',  ( -4.782066017177982076, -2.260000000000000231, 0.9720660171779816894 ) ) ;
#7279 = VERTEX_POINT ( 'NONE', #7025 ) ;
#7280 = CARTESIAN_POINT ( 'NONE',  ( 1.745426909144310201, 2.415000000000000036, 7.876678516163755361 ) ) ;
#7281 = CARTESIAN_POINT ( 'NONE',  ( -2.440470526753126368, 2.415000000000000036, 5.082047105907345319 ) ) ;
#7282 = VECTOR ( 'NONE', #8606, 1000.000000000000000 ) ;
#7283 = DIRECTION ( 'NONE',  ( 0.7071067811865473507, -0.0000000000000000000, -0.7071067811865477948 ) ) ;
#7284 =( LENGTH_UNIT ( ) NAMED_UNIT ( * ) SI_UNIT ( .MILLI., .METRE. ) );
#7285 = CARTESIAN_POINT ( 'NONE',  ( 4.676000000000001044, 2.415000000000000036, 1.078132034355965496 ) ) ;
#7286 = CARTESIAN_POINT ( 'NONE',  ( -3.473459043771742305, 2.415000000000000036, 9.979900299807653141 ) ) ;
#7287 = ORIENTED_EDGE ( 'NONE', *, *, #6325, .F. ) ;
#7288 = CARTESIAN_POINT ( 'NONE',  ( -2.057648411266842725, 2.415000000000000036, 7.673119909615853551 ) ) ;
#7289 = VERTEX_POINT ( 'NONE', #3472 ) ;
#7290 = MECHANICAL_DESIGN_GEOMETRIC_PRESENTATION_REPRESENTATION (  '', ( #1134 ), #6853 ) ;
#7291 = CARTESIAN_POINT ( 'NONE',  ( -2.392495993077885519, 2.415000000000000036, 8.087934000157529724 ) ) ;
#7292 = MECHANICAL_DESIGN_GEOMETRIC_PRESENTATION_REPRESENTATION (  '', ( #971 ), #691 ) ;
#7293 = CARTESIAN_POINT ( 'NONE',  ( 3.424070097412409197, 2.415000000000000036, 9.563524776616402434 ) ) ;
#7294 = CARTESIAN_POINT ( 'NONE',  ( 2.809529473246874076, 2.415000000000000036, 7.161534285394524524 ) ) ;
#7295 = VECTOR ( 'NONE', #2862, 1000.000000000000000 ) ;
#7296 = AXIS2_PLACEMENT_3D ( 'NONE', #4292, #8380, #4913 ) ;
#7297 = CARTESIAN_POINT ( 'NONE',  ( -0.09356700393163389085, 2.415000000000000036, 2.163887175240218230 ) ) ;
#7298 =( NAMED_UNIT ( * ) SI_UNIT ( $, .STERADIAN. ) SOLID_ANGLE_UNIT ( ) );
#7299 = CARTESIAN_POINT ( 'NONE',  ( -1.882537006458339324, 2.415000000000000036, 9.454593544670689909 ) ) ;
#7300 = VERTEX_POINT ( 'NONE', #2211 ) ;
#7301 = EDGE_CURVE ( 'NONE', #4564, #1810, #8914, .T. ) ;
#7302 = CARTESIAN_POINT ( 'NONE',  ( 0.0000000000000000000, 2.415000000000000036, 0.0000000000000000000 ) ) ;
#7303 = DIRECTION ( 'NONE',  ( 0.7071067811865481278, 0.0000000000000000000, 0.7071067811865466846 ) ) ;
#7304 = CARTESIAN_POINT ( 'NONE',  ( 1.206817352821310640, 2.415000000000000036, 9.785603944919856190 ) ) ;
#7305 = LINE ( 'NONE', #5054, #2277 ) ;
#7306 = DIRECTION ( 'NONE',  ( 0.0000000000000000000, 0.0000000000000000000, -1.000000000000000000 ) ) ;
#7307 = ADVANCED_FACE ( 'NONE', ( #5079 ), #3714, .T. ) ;
#7308 = MECHANICAL_DESIGN_GEOMETRIC_PRESENTATION_REPRESENTATION (  '', ( #1298 ), #4139 ) ;
#7309 = LINE ( 'NONE', #2408, #5437 ) ;
#7310 = ORIENTED_EDGE ( 'NONE', *, *, #8503, .F. ) ;
#7311 = ORIENTED_EDGE ( 'NONE', *, *, #3730, .T. ) ;
#7312 = CARTESIAN_POINT ( 'NONE',  ( 1.928699988037136714, 2.415000000000000036, 5.082408334225048563 ) ) ;
#7313 = LINE ( 'NONE', #5784, #7923 ) ;
#7314 = CARTESIAN_POINT ( 'NONE',  ( -2.427631670093006289, 2.415000000000000036, 9.759268571765103317 ) ) ;
#7315 = CYLINDRICAL_SURFACE ( 'NONE', #5982, 0.1500000000000008271 ) ;
#7316 = SURFACE_STYLE_USAGE ( .BOTH. , #8668 ) ;
#7317 = CARTESIAN_POINT ( 'NONE',  ( -0.4232965588293311487, 2.415000000000000036, 9.316013436108971035 ) ) ;
#7318 = TOROIDAL_SURFACE ( 'NONE', #3304, 0.2999999999999999889, 0.1499999999999999944 ) ;
#7319 = CARTESIAN_POINT ( 'NONE',  ( 2.837933982822019807, 2.265000000000000124, 0.9720660171779831327 ) ) ;
#7320 = VERTEX_POINT ( 'NONE', #7153 ) ;
#7321 = CARTESIAN_POINT ( 'NONE',  ( 1.674914088631489939, 2.415000000000000036, 5.821229798215037832 ) ) ;
#7322 = ORIENTED_EDGE ( 'NONE', *, *, #3671, .T. ) ;
#7323 =( LENGTH_UNIT ( ) NAMED_UNIT ( * ) SI_UNIT ( .MILLI., .METRE. ) );
#7324 = CARTESIAN_POINT ( 'NONE',  ( 0.01285479375969520235, 2.415000000000000036, 6.082047105907345319 ) ) ;
#7325 = MECHANICAL_DESIGN_GEOMETRIC_PRESENTATION_REPRESENTATION (  '', ( #7766 ), #5746 ) ;
#7326 = B_SPLINE_CURVE_WITH_KNOTS ( 'NONE', 3,
 ( #5333, #5500, #3632, #217, #4161, #7040, #2889, #7632, #897, #4964, #8437 ),
 .UNSPECIFIED., .F., .F.,
 ( 4, 1, 1, 1, 1, 1, 1, 1, 4 ),
 ( 0.0000000000000000000, 0.05923123569100135349, 0.1371302911190274698, 0.2338230235931276491, 0.3486555826071576214, 0.4831952819920489195, 0.6366945486845967395, 0.8092528675430331608, 1.000000000000000000 ),
 .UNSPECIFIED. ) ;
#7327 = CYLINDRICAL_SURFACE ( 'NONE', #2984, 0.1499999999999999667 ) ;
#7328 = LINE ( 'NONE', #1194, #5974 ) ;
#7329 = SURFACE_SIDE_STYLE ('',( #8028 ) ) ;
#7330 = CARTESIAN_POINT ( 'NONE',  ( -2.081496167778767337, 2.415000000000000036, 5.710252234112473957 ) ) ;
#7331 = ORIENTED_EDGE ( 'NONE', *, *, #2998, .F. ) ;
#7332 = EDGE_LOOP ( 'NONE', ( #2799, #3427, #6771, #5755 ) ) ;
#7333 = B_SPLINE_CURVE_WITH_KNOTS ( 'NONE', 3,
 ( #5838, #7233, #6348, #4545, #2477, #2911, #4993, #4944, #1553, #2209, #1599, #7062, #7984, #7704, #7280 ),
 .UNSPECIFIED., .F., .F.,
 ( 4, 1, 1, 1, 1, 1, 1, 1, 1, 1, 1, 1, 4 ),
 ( 0.0000000000000000000, 0.08876483084295648529, 0.1713551338288953896, 0.2480819556364511347, 0.3211199534973285252, 0.3888601443721388939, 0.4520616053939575107, 0.5122302123037789645, 0.5695781645389801362, 0.6769774789983363794, 0.7810398434564700398, 0.8869321650381288835, 1.000000000000000000 ),
 .UNSPECIFIED. ) ;
#7334 = STYLED_ITEM ( 'NONE', ( #5920 ), #2022 ) ;
#7335 = CARTESIAN_POINT ( 'NONE',  ( -7.214999999999998082, -2.410000000000000142, 12.03999999999999915 ) ) ;
#7336 = DIRECTION ( 'NONE',  ( 0.0000000000000000000, 0.0000000000000000000, 1.000000000000000000 ) ) ;
#7337 = CARTESIAN_POINT ( 'NONE',  ( 3.424914088631489051, 2.415000000000000036, 9.602399670009909016 ) ) ;
#7338 =( NAMED_UNIT ( * ) SI_UNIT ( $, .STERADIAN. ) SOLID_ANGLE_UNIT ( ) );
#7339 = CARTESIAN_POINT ( 'NONE',  ( -1.811719914192421177, 2.415000000000000036, 9.528711068369265291 ) ) ;
#7340 = ORIENTED_EDGE ( 'NONE', *, *, #6471, .F. ) ;
#7341 =( GEOMETRIC_REPRESENTATION_CONTEXT ( 3 ) GLOBAL_UNCERTAINTY_ASSIGNED_CONTEXT ( ( #916 ) ) GLOBAL_UNIT_ASSIGNED_CONTEXT ( ( #5048, #3747, #6450 ) ) REPRESENTATION_CONTEXT ( 'NONE', 'WORKASPACE' ) );
#7342 = ORIENTED_EDGE ( 'NONE', *, *, #5264, .F. ) ;
#7343 =( NAMED_UNIT ( * ) PLANE_ANGLE_UNIT ( ) SI_UNIT ( $, .RADIAN. ) );
#7344 =( LENGTH_UNIT ( ) NAMED_UNIT ( * ) SI_UNIT ( .MILLI., .METRE. ) );
#7345 = DIRECTION ( 'NONE',  ( -5.978271136194193815E-16, -0.0000000000000000000, -1.000000000000000000 ) ) ;
#7346 = CARTESIAN_POINT ( 'NONE',  ( 1.764641677961900745, 2.415000000000000036, 7.576789516993880369 ) ) ;
#7347 = SURFACE_STYLE_USAGE ( .BOTH. , #1171 ) ;
#7348 = EDGE_CURVE ( 'NONE', #5725, #7643, #3008, .T. ) ;
#7349 = CARTESIAN_POINT ( 'NONE',  ( 0.9122553402602634476, 2.415000000000000036, 7.872320047728291748 ) ) ;
#7350 = ORIENTED_EDGE ( 'NONE', *, *, #5209, .F. ) ;
#7351 = ORIENTED_EDGE ( 'NONE', *, *, #5761, .F. ) ;
#7352 = CARTESIAN_POINT ( 'NONE',  ( -1.937819062084839894, 2.415000000000000036, 8.052642443517720849 ) ) ;
#7353 = EDGE_CURVE ( 'NONE', #2149, #3559, #1644, .T. ) ;
#7354 = DIRECTION ( 'NONE',  ( -1.423070940095821945E-16, 0.0000000000000000000, -1.000000000000000000 ) ) ;
#7355 = SURFACE_STYLE_FILL_AREA ( #7443 ) ;
#7356 = EDGE_CURVE ( 'NONE', #3301, #4858, #5420, .T. ) ;
#7357 = CARTESIAN_POINT ( 'NONE',  ( -2.831496167778767337, 2.415000000000000036, 7.610252234112473424 ) ) ;
#7358 = VERTEX_POINT ( 'NONE', #373 ) ;
#7359 = CARTESIAN_POINT ( 'NONE',  ( -1.612265614031783922, 2.415000000000000036, 9.893431050560019813 ) ) ;
#7360 = DIRECTION ( 'NONE',  ( 0.0000000000000000000, 1.000000000000000000, 0.0000000000000000000 ) ) ;
#7361 = ORIENTED_EDGE ( 'NONE', *, *, #3954, .T. ) ;
#7362 = DIRECTION ( 'NONE',  ( 1.000000000000000000, 0.0000000000000000000, 0.0000000000000000000 ) ) ;
#7363 = AXIS2_PLACEMENT_3D ( 'NONE', #1224, #6734, #7977 ) ;
#7364 = CARTESIAN_POINT ( 'NONE',  ( 2.668782837231684191, 2.415000000000000036, 9.609692909121143600 ) ) ;
#7365 = PRESENTATION_STYLE_ASSIGNMENT (( #7406 ) ) ;
#7366 = CARTESIAN_POINT ( 'NONE',  ( -2.900066017177982847, -2.410000000000000142, 1.122066017177981490 ) ) ;
#7367 = DIRECTION ( 'NONE',  ( 0.0000000000000000000, 0.0000000000000000000, -1.000000000000000000 ) ) ;
#7368 = UNCERTAINTY_MEASURE_WITH_UNIT (LENGTH_MEASURE( 1.000000000000000082E-05 ), #850, 'distance_accuracy_value', 'NONE');
#7369 = ORIENTED_EDGE ( 'NONE', *, *, #2568, .F. ) ;
#7370 = DIRECTION ( 'NONE',  ( 0.0000000000000000000, -0.0000000000000000000, 1.000000000000000000 ) ) ;
#7371 = ORIENTED_EDGE ( 'NONE', *, *, #6639, .F. ) ;
#7372 = CARTESIAN_POINT ( 'NONE',  ( 1.344268061596900710, 2.415000000000000036, 9.395478156604539777 ) ) ;
#7373 = CARTESIAN_POINT ( 'NONE',  ( -1.130265971967840954, 2.415000000000000036, 6.101778501789154596 ) ) ;
#7374 = CARTESIAN_POINT ( 'NONE',  ( 0.0000000000000000000, 2.415000000000000036, 0.0000000000000000000 ) ) ;
#7375 = CARTESIAN_POINT ( 'NONE',  ( 1.060239229752118595, 2.415000000000000036, 5.710544046461864198 ) ) ;
#7376 = FILL_AREA_STYLE_COLOUR ( '', #3293 ) ;
#7377 = LINE ( 'NONE', #24, #2550 ) ;
#7378 = CARTESIAN_POINT ( 'NONE',  ( 4.996192283025071568, -2.410000000000000142, 12.08393398282202114 ) ) ;
#7379 = ORIENTED_EDGE ( 'NONE', *, *, #7115, .T. ) ;
#7380 = PRESENTATION_STYLE_ASSIGNMENT (( #4652 ) ) ;
#7381 = EDGE_LOOP ( 'NONE', ( #1016, #2888, #8199, #832, #8662, #2027, #5078, #5123, #1184 ) ) ;
#7382 = FILL_AREA_STYLE_COLOUR ( '', #8231 ) ;
#7383 = DIRECTION ( 'NONE',  ( -0.0000000000000000000, -0.0000000000000000000, -1.000000000000000000 ) ) ;
#7384 =( NAMED_UNIT ( * ) PLANE_ANGLE_UNIT ( ) SI_UNIT ( $, .RADIAN. ) );
#7385 = CARTESIAN_POINT ( 'NONE',  ( -0.04579856019654517107, 2.415000000000000036, 2.530670636951112940 ) ) ;
#7386 = CARTESIAN_POINT ( 'NONE',  ( -2.652008988291587599, 2.415000000000000036, 8.161534285394525412 ) ) ;
#7387 = CARTESIAN_POINT ( 'NONE',  ( -0.8635474498300484969, 2.415000000000000036, 5.587255439240678356 ) ) ;
#7388 = B_SPLINE_CURVE_WITH_KNOTS ( 'NONE', 3,
 ( #1936, #8721, #3361, #7275, #8671, #1135, #3866, #1225, #3952, #4663, #3995, #578, #3314, #450, #3185, #5247, #8018, #1183, #3915 ),
 .UNSPECIFIED., .F., .F.,
 ( 4, 1, 1, 1, 1, 1, 1, 1, 1, 1, 1, 1, 1, 1, 1, 1, 4 ),
 ( 0.0000000000000000000, 0.06518996508273662560, 0.1279051377939326994, 0.1890152763850168061, 0.2485021037083507967, 0.3075556544473345699, 0.3669626578047646137, 0.4269308523478308470, 0.4882795697661077017, 0.5500439592574293268, 0.6113243891699391419, 0.6721629054543811765, 0.7341873630129164274, 0.7969529582031659176, 0.8622726773884649143, 0.9296372419997587233, 1.000000000000000000 ),
 .UNSPECIFIED. ) ;
#7389 = CARTESIAN_POINT ( 'NONE',  ( 0.9158819284285102391, 2.415000000000000036, 7.846970046096608975 ) ) ;
#7390 = VECTOR ( 'NONE', #3236, 1000.000000000000000 ) ;
#7391 = VERTEX_POINT ( 'NONE', #5850 ) ;
#7392 = EDGE_LOOP ( 'NONE', ( #4678, #4897, #6851, #1885 ) ) ;
#7393 = CARTESIAN_POINT ( 'NONE',  ( 1.826696833626882510, 2.415000000000000036, 5.094885255239193889 ) ) ;
#7394 = EDGE_CURVE ( 'NONE', #7630, #5837, #8642, .T. ) ;
#7395 = CARTESIAN_POINT ( 'NONE',  ( -2.541031424189024612, 2.415000000000000036, 9.228200952061191842 ) ) ;
#7396 =( GEOMETRIC_REPRESENTATION_CONTEXT ( 3 ) GLOBAL_UNCERTAINTY_ASSIGNED_CONTEXT ( ( #3964 ) ) GLOBAL_UNIT_ASSIGNED_CONTEXT ( ( #6603, #6649, #5961 ) ) REPRESENTATION_CONTEXT ( 'NONE', 'WORKASPACE' ) );
#7397 =( NAMED_UNIT ( * ) PLANE_ANGLE_UNIT ( ) SI_UNIT ( $, .RADIAN. ) );
#7398 = SURFACE_STYLE_USAGE ( .BOTH. , #1133 ) ;
#7399 = EDGE_LOOP ( 'NONE', ( #7699, #5462, #3890, #8313, #5202, #4009, #433, #8839, #7194 ) ) ;
#7400 = EDGE_CURVE ( 'NONE', #5894, #1072, #7104, .T. ) ;
#7401 = EDGE_CURVE ( 'NONE', #6291, #8030, #6729, .T. ) ;
#7402 = ORIENTED_EDGE ( 'NONE', *, *, #4097, .T. ) ;
#7403 = EDGE_CURVE ( 'NONE', #1810, #8548, #1156, .T. ) ;
#7404 =( NAMED_UNIT ( * ) PLANE_ANGLE_UNIT ( ) SI_UNIT ( $, .RADIAN. ) );
#7405 = CARTESIAN_POINT ( 'NONE',  ( -0.5520428127236691740, 2.415000000000000036, 5.646479710306463673 ) ) ;
#7406 = SURFACE_STYLE_USAGE ( .BOTH. , #2019 ) ;
#7407 = LINE ( 'NONE', #8814, #8086 ) ;
#7408 = VECTOR ( 'NONE', #3683, 1000.000000000000000 ) ;
#7409 = CARTESIAN_POINT ( 'NONE',  ( 2.514657678375079364, 2.415000000000000036, 9.241021464881704617 ) ) ;
#7410 = EDGE_CURVE ( 'NONE', #7391, #322, #1239, .T. ) ;
#7411 = DIRECTION ( 'NONE',  ( -1.000000000000000000, 0.0000000000000000000, 0.0000000000000000000 ) ) ;
#7412 = VERTEX_POINT ( 'NONE', #8738 ) ;
#7413 = CARTESIAN_POINT ( 'NONE',  ( -2.168835911368509173, 2.415000000000000036, 8.007688131548370336 ) ) ;
#7414 = ORIENTED_EDGE ( 'NONE', *, *, #110, .F. ) ;
#7415 = CIRCLE ( 'NONE', #3260, 0.1499999999999999667 ) ;
#7416 = CARTESIAN_POINT ( 'NONE',  ( 1.330371890647417565, 2.415000000000000036, 9.395072536655158402 ) ) ;
#7417 = SURFACE_SIDE_STYLE ('',( #8038 ) ) ;
#7418 = CARTESIAN_POINT ( 'NONE',  ( 0.2583308561746994747, 2.415000000000000036, 2.078528686275642912 ) ) ;
#7419 = CARTESIAN_POINT ( 'NONE',  ( -1.220318283163381867, 2.415000000000000036, 6.107688131548370869 ) ) ;
#7420 = CIRCLE ( 'NONE', #1977, 0.1499999999999999667 ) ;
#7421 = CARTESIAN_POINT ( 'NONE',  ( 5.715000000000000746, 0.0000000000000000000, -3.500000000000000000 ) ) ;
#7422 =( GEOMETRIC_REPRESENTATION_CONTEXT ( 3 ) GLOBAL_UNCERTAINTY_ASSIGNED_CONTEXT ( ( #3676 ) ) GLOBAL_UNIT_ASSIGNED_CONTEXT ( ( #6863, #4, #1519 ) ) REPRESENTATION_CONTEXT ( 'NONE', 'WORKASPACE' ) );
#7423 = LINE ( 'NONE', #4803, #4270 ) ;
#7424 = VERTEX_POINT ( 'NONE', #4644 ) ;
#7425 = ORIENTED_EDGE ( 'NONE', *, *, #2295, .T. ) ;
#7426 = CARTESIAN_POINT ( 'NONE',  ( -2.731867965644036111, 2.415000000000000036, 1.165999999999999259 ) ) ;
#7427 = COLOUR_RGB ( '',0.2509803921568627416, 0.2509803921568627416, 0.2509803921568627416 ) ;
#7428 = VECTOR ( 'NONE', #2453, 1000.000000000000000 ) ;
#7429 = DIRECTION ( 'NONE',  ( -0.0000000000000000000, -1.000000000000000000, -0.0000000000000000000 ) ) ;
#7430 = PRESENTATION_LAYER_ASSIGNMENT (  '', '', ( #2410 ) ) ;
#7431 = CARTESIAN_POINT ( 'NONE',  ( 1.851885951984068024, 2.415000000000000036, 7.595226370170546026 ) ) ;
#7432 = CARTESIAN_POINT ( 'NONE',  ( 1.501837165554566589, 2.415000000000000036, 7.450997426420165937 ) ) ;
#7433 = CARTESIAN_POINT ( 'NONE',  ( -0.06696020546621135605, 2.415000000000000036, 8.133472227481318484 ) ) ;
#7434 =( GEOMETRIC_REPRESENTATION_CONTEXT ( 3 ) GLOBAL_UNCERTAINTY_ASSIGNED_CONTEXT ( ( #3769 ) ) GLOBAL_UNIT_ASSIGNED_CONTEXT ( ( #461, #3197, #5374 ) ) REPRESENTATION_CONTEXT ( 'NONE', 'WORKASPACE' ) );
#7435 = ORIENTED_EDGE ( 'NONE', *, *, #5868, .T. ) ;
#7436 = VECTOR ( 'NONE', #2436, 1000.000000000000000 ) ;
#7437 = ORIENTED_EDGE ( 'NONE', *, *, #8489, .F. ) ;
#7438 = SURFACE_SIDE_STYLE ('',( #7482 ) ) ;
#7439 = CARTESIAN_POINT ( 'NONE',  ( 5.040126265847093556, 2.265000000000000124, 12.03999999999999915 ) ) ;
#7440 = CARTESIAN_POINT ( 'NONE',  ( -1.215310270342869092, 2.415000000000000036, 5.928200952061192019 ) ) ;
#7441 = PRESENTATION_LAYER_ASSIGNMENT (  '', '', ( #6437 ) ) ;
#7442 =( GEOMETRIC_REPRESENTATION_CONTEXT ( 3 ) GLOBAL_UNCERTAINTY_ASSIGNED_CONTEXT ( ( #5557 ) ) GLOBAL_UNIT_ASSIGNED_CONTEXT ( ( #8128, #2659, #1206 ) ) REPRESENTATION_CONTEXT ( 'NONE', 'WORKASPACE' ) );
#7443 = FILL_AREA_STYLE ('',( #8063 ) ) ;
#7444 = DIRECTION ( 'NONE',  ( -0.7071067811865476838, 0.0000000000000000000, 0.7071067811865474617 ) ) ;
#7445 = VERTEX_POINT ( 'NONE', #426 ) ;
#7446 = CARTESIAN_POINT ( 'NONE',  ( 1.974798589905040869, 2.415000000000000036, 5.686184389069862455 ) ) ;
#7447 = B_SPLINE_CURVE_WITH_KNOTS ( 'NONE', 3,
 ( #2361, #441, #3801, #4577, #1665 ),
 .UNSPECIFIED., .F., .F.,
 ( 4, 1, 4 ),
 ( 0.0000000000000000000, 0.5086371852352856715, 1.000000000000000000 ),
 .UNSPECIFIED. ) ;
#7448 = STYLED_ITEM ( 'NONE', ( #7365 ), #8792 ) ;
#7449 = ORIENTED_EDGE ( 'NONE', *, *, #5416, .F. ) ;
#7450 = FILL_AREA_STYLE_COLOUR ( '', #3016 ) ;
#7451 =( LENGTH_UNIT ( ) NAMED_UNIT ( * ) SI_UNIT ( .MILLI., .METRE. ) );
#7452 =( NAMED_UNIT ( * ) SI_UNIT ( $, .STERADIAN. ) SOLID_ANGLE_UNIT ( ) );
#7453 = LINE ( 'NONE', #1315, #4333 ) ;
#7454 = PRODUCT_DEFINITION_FORMATION_WITH_SPECIFIED_SOURCE ( 'ANY', '', #5378, .NOT_KNOWN. ) ;
#7455 = CARTESIAN_POINT ( 'NONE',  ( 1.699999999999999956, 3.735172737399426407E-17, -3.500000000000000000 ) ) ;
#7456 = EDGE_CURVE ( 'NONE', #2683, #7039, #5308, .T. ) ;
#7457 = UNCERTAINTY_MEASURE_WITH_UNIT (LENGTH_MEASURE( 1.000000000000000082E-05 ), #1490, 'distance_accuracy_value', 'NONE');
#7458 = CARTESIAN_POINT ( 'NONE',  ( -2.731867965644036111, -2.410000000000000142, 0.8659999999999993259 ) ) ;
#7459 = ORIENTED_EDGE ( 'NONE', *, *, #6793, .T. ) ;
#7460 =( LENGTH_UNIT ( ) NAMED_UNIT ( * ) SI_UNIT ( .MILLI., .METRE. ) );
#7461 = ORIENTED_EDGE ( 'NONE', *, *, #7504, .T. ) ;
#7462 = AXIS2_PLACEMENT_3D ( 'NONE', #1545, #6559, #5161 ) ;
#7463 = EDGE_CURVE ( 'NONE', #4715, #3499, #4557, .T. ) ;
#7464 = CARTESIAN_POINT ( 'NONE',  ( -1.902008988291588043, 2.415000000000000036, 6.082047105907345319 ) ) ;
#7465 =( NAMED_UNIT ( * ) SI_UNIT ( $, .STERADIAN. ) SOLID_ANGLE_UNIT ( ) );
#7466 = COLOUR_RGB ( '',0.2509803921568627416, 0.2509803921568627416, 0.2509803921568627416 ) ;
#7467 = CARTESIAN_POINT ( 'NONE',  ( 1.681324345041746104, 2.415000000000000036, 7.458008644368883111 ) ) ;
#7468 = VERTEX_POINT ( 'NONE', #6756 ) ;
#7469 = DIRECTION ( 'NONE',  ( -5.978271136194193815E-16, -0.0000000000000000000, -1.000000000000000000 ) ) ;
#7470 = ORIENTED_EDGE ( 'NONE', *, *, #1815, .F. ) ;
#7471 = STYLED_ITEM ( 'NONE', ( #847 ), #1822 ) ;
#7472 = CARTESIAN_POINT ( 'NONE',  ( 3.810000000000001830, -2.260000000000000231, 0.2121320343559653099 ) ) ;
#7473 =( NAMED_UNIT ( * ) SI_UNIT ( $, .STERADIAN. ) SOLID_ANGLE_UNIT ( ) );
#7474 = CARTESIAN_POINT ( 'NONE',  ( -1.449284629317228568, 2.415000000000000036, 7.546149670009908661 ) ) ;
#7475 = CARTESIAN_POINT ( 'NONE',  ( 3.236977499070173625, 2.415000000000000036, 9.522612227287316600 ) ) ;
#7476 = CARTESIAN_POINT ( 'NONE',  ( 1.594730642855144431, 2.415000000000000036, 7.237762215703163804 ) ) ;
#7477 = CARTESIAN_POINT ( 'NONE',  ( 1.790367084574958856, 2.415000000000000036, 5.373901688235363849 ) ) ;
#7478 =( GEOMETRIC_REPRESENTATION_CONTEXT ( 3 ) GLOBAL_UNCERTAINTY_ASSIGNED_CONTEXT ( ( #193 ) ) GLOBAL_UNIT_ASSIGNED_CONTEXT ( ( #4192, #824, #2122 ) ) REPRESENTATION_CONTEXT ( 'NONE', 'WORKASPACE' ) );
#7479 = CARTESIAN_POINT ( 'NONE',  ( -2.243212820804294072, 2.415000000000000036, 7.330738449180461913 ) ) ;
#7480 = ORIENTED_EDGE ( 'NONE', *, *, #6847, .T. ) ;
#7481 = ORIENTED_EDGE ( 'NONE', *, *, #947, .T. ) ;
#7482 = SURFACE_STYLE_FILL_AREA ( #8144 ) ;
#7483 = STYLED_ITEM ( 'NONE', ( #4000 ), #2345 ) ;
#7484 = CARTESIAN_POINT ( 'NONE',  ( -2.190774758127073785, 2.415000000000000036, 9.591902202564240199 ) ) ;
#7485 = VECTOR ( 'NONE', #1451, 1000.000000000000000 ) ;
#7486 = CARTESIAN_POINT ( 'NONE',  ( 0.9954269091443099793, 2.415000000000000036, 5.800396464881704794 ) ) ;
#7487 = CARTESIAN_POINT ( 'NONE',  ( 1.078960477371317506, 2.415000000000000036, 7.981935773237294640 ) ) ;
#7488 = DIRECTION ( 'NONE',  ( 0.0000000000000000000, 0.0000000000000000000, -1.000000000000000000 ) ) ;
#7489 = VERTEX_POINT ( 'NONE', #6626 ) ;
#7490 = VECTOR ( 'NONE', #6191, 1000.000000000000000 ) ;
#7491 = AXIS2_PLACEMENT_3D ( 'NONE', #3649, #5716, #3697 ) ;
#7492 = VERTEX_POINT ( 'NONE', #1912 ) ;
#7493 = PRESENTATION_STYLE_ASSIGNMENT (( #1311 ) ) ;
#7494 = CARTESIAN_POINT ( 'NONE',  ( 2.731867965644037444, 2.265000000000000124, 0.8660000000000008802 ) ) ;
#7495 = DIRECTION ( 'NONE',  ( 0.0000000000000000000, 1.000000000000000000, 0.0000000000000000000 ) ) ;
#7496 = DIRECTION ( 'NONE',  ( 0.0000000000000000000, 0.0000000000000000000, -1.000000000000000000 ) ) ;
#7497 = VECTOR ( 'NONE', #3101, 1000.000000000000000 ) ;
#7498 = CARTESIAN_POINT ( 'NONE',  ( 1.494997854176454588, 2.415000000000000036, 9.727583125680883569 ) ) ;
#7499 = SURFACE_STYLE_FILL_AREA ( #2061 ) ;
#7500 = VERTEX_POINT ( 'NONE', #2624 ) ;
#7501 =( GEOMETRIC_REPRESENTATION_CONTEXT ( 3 ) GLOBAL_UNCERTAINTY_ASSIGNED_CONTEXT ( ( #4512 ) ) GLOBAL_UNIT_ASSIGNED_CONTEXT ( ( #8750, #7214, #3944 ) ) REPRESENTATION_CONTEXT ( 'NONE', 'WORKASPACE' ) );
#7502 = CARTESIAN_POINT ( 'NONE',  ( -2.122484666723798874, 2.415000000000000036, 7.996898465790989619 ) ) ;
#7503 = ORIENTED_EDGE ( 'NONE', *, *, #1539, .F. ) ;
#7504 = EDGE_CURVE ( 'NONE', #4484, #3746, #6594, .T. ) ;
#7505 = CARTESIAN_POINT ( 'NONE',  ( 1.828874857730006243, 2.415000000000000036, 7.974990448867619541 ) ) ;
#7506 =( LENGTH_UNIT ( ) NAMED_UNIT ( * ) SI_UNIT ( .MILLI., .METRE. ) );
#7507 = CARTESIAN_POINT ( 'NONE',  ( -2.440470526753126368, 2.415000000000000036, 5.261534285394525057 ) ) ;
#7508 = CARTESIAN_POINT ( 'NONE',  ( -1.722341630935005918, 2.415000000000000036, 5.541241055349012790 ) ) ;
#7509 = SURFACE_SIDE_STYLE ('',( #1410 ) ) ;
#7510 = CARTESIAN_POINT ( 'NONE',  ( 1.742821410993117492, 2.415000000000000036, 5.990954970903898058 ) ) ;
#7511 = FILL_AREA_STYLE_COLOUR ( '', #8329 ) ;
#7512 = ORIENTED_EDGE ( 'NONE', *, *, #3350, .F. ) ;
#7513 = EDGE_CURVE ( 'NONE', #2957, #4423, #2946, .T. ) ;
#7514 = CARTESIAN_POINT ( 'NONE',  ( 0.04029870401610607944, 2.415000000000000036, 7.663537490522730700 ) ) ;
#7515 = ORIENTED_EDGE ( 'NONE', *, *, #7410, .T. ) ;
#7516 = AXIS2_PLACEMENT_3D ( 'NONE', #6676, #5988, #3789 ) ;
#7517 = FACE_OUTER_BOUND ( 'NONE', #4934, .T. ) ;
#7518 = ADVANCED_FACE ( 'NONE', ( #6033 ), #8496, .T. ) ;
#7519 = CARTESIAN_POINT ( 'NONE',  ( 2.040336642885691276, 2.415000000000000036, 9.568679185009184351 ) ) ;
#7520 = CARTESIAN_POINT ( 'NONE',  ( 2.122979423392453047, 2.415000000000000036, 9.984402163665423657 ) ) ;
#7521 = DIRECTION ( 'NONE',  ( 1.000000000000000000, 0.0000000000000000000, 0.0000000000000000000 ) ) ;
#7522 = CARTESIAN_POINT ( 'NONE',  ( 1.792918511123572589, 2.415000000000000036, 5.351815854073525891 ) ) ;
#7523 = CARTESIAN_POINT ( 'NONE',  ( 0.2108011405789305681, 2.415000000000000036, 7.770707251552352091 ) ) ;
#7524 = ORIENTED_EDGE ( 'NONE', *, *, #6078, .T. ) ;
#7525 =( LENGTH_UNIT ( ) NAMED_UNIT ( * ) SI_UNIT ( .MILLI., .METRE. ) );
#7526 = DIRECTION ( 'NONE',  ( -0.0000000000000000000, -0.0000000000000000000, -1.000000000000000000 ) ) ;
#7527 = DIRECTION ( 'NONE',  ( 0.0000000000000000000, 0.0000000000000000000, -1.000000000000000000 ) ) ;
#7528 = CARTESIAN_POINT ( 'NONE',  ( 0.07497414687942084710, 2.415000000000000036, 7.283344378768136451 ) ) ;
#7529 = VERTEX_POINT ( 'NONE', #3248 ) ;
#7530 = B_SPLINE_CURVE_WITH_KNOTS ( 'NONE', 3,
 ( #7139, #7234, #4635, #5335, #1192, #7985, #3960, #413, #4504, #5169, #3923, #6744, #6665, #1858, #6697, #3145, #537, #7364, #5886 ),
 .UNSPECIFIED., .F., .F.,
 ( 4, 1, 1, 1, 1, 1, 1, 1, 1, 1, 1, 1, 1, 1, 1, 1, 4 ),
 ( 0.0000000000000000000, 0.06748283956298042896, 0.1324956007630734567, 0.1949304560967624889, 0.2559165096006726925, 0.3158503120182683532, 0.3754102322048131768, 0.4350947437002437579, 0.4957501572123473865, 0.5566474023679465200, 0.6165953680923702551, 0.6768408748311117717, 0.7376683756528203961, 0.7995843680494543193, 0.8636094321167928634, 0.9302384798566613044, 1.000000000000000000 ),
 .UNSPECIFIED. ) ;
#7531 = ORIENTED_EDGE ( 'NONE', *, *, #1611, .T. ) ;
#7532 = CARTESIAN_POINT ( 'NONE',  ( -0.8638265057282523696, 2.415000000000000036, 5.575217510647147989 ) ) ;
#7533 = VECTOR ( 'NONE', #5706, 1000.000000000000000 ) ;
#7534 =( LENGTH_UNIT ( ) NAMED_UNIT ( * ) SI_UNIT ( .MILLI., .METRE. ) );
#7535 = CARTESIAN_POINT ( 'NONE',  ( -6.120000000000000107, 4.959819536546772588E-17, 1.016000000000000236 ) ) ;
#7536 = CARTESIAN_POINT ( 'NONE',  ( -1.763844722565093726, 2.415000000000000036, 9.747599367976462759 ) ) ;
#7537 = CARTESIAN_POINT ( 'NONE',  ( -0.1566104872613075794, 2.415000000000000036, 9.382211048671814879 ) ) ;
#7538 = B_SPLINE_CURVE_WITH_KNOTS ( 'NONE', 3,
 ( #5714, #5848, #2958, #8640, #2341, #6349, #5036, #7754, #1020, #2387, #7245 ),
 .UNSPECIFIED., .F., .F.,
 ( 4, 1, 1, 1, 1, 1, 1, 1, 4 ),
 ( 0.0000000000000000000, 0.1311277261554666396, 0.2575432454320572551, 0.3811457981255245708, 0.5032947966173985099, 0.6252651618189571936, 0.7483373662228751666, 0.8724119291697072232, 1.000000000000000000 ),
 .UNSPECIFIED. ) ;
#7539 = CARTESIAN_POINT ( 'NONE',  ( 2.514657678375079364, 2.415000000000000036, 9.971790695650936343 ) ) ;
#7540 = MECHANICAL_DESIGN_GEOMETRIC_PRESENTATION_REPRESENTATION (  '', ( #3380 ), #3516 ) ;
#7541 = UNCERTAINTY_MEASURE_WITH_UNIT (LENGTH_MEASURE( 1.000000000000000082E-05 ), #936, 'distance_accuracy_value', 'NONE');
#7542 = FACE_OUTER_BOUND ( 'NONE', #6515, .T. ) ;
#7543 = ORIENTED_EDGE ( 'NONE', *, *, #1002, .T. ) ;
#7544 = CARTESIAN_POINT ( 'NONE',  ( -1.934030734047162525, 2.415000000000000036, 7.823970518719098877 ) ) ;
#7545 = VERTEX_POINT ( 'NONE', #3373 ) ;
#7546 = AXIS2_PLACEMENT_3D ( 'NONE', #6385, #1008, #360 ) ;
#7547 = CARTESIAN_POINT ( 'NONE',  ( 5.310000000000000497, 4.959819536546772588E-17, 1.016000000000000902 ) ) ;
#7548 = CARTESIAN_POINT ( 'NONE',  ( 4.782066017177983852, -2.410000000000000142, 0.9720660171779832437 ) ) ;
#7549 = DIRECTION ( 'NONE',  ( -0.0000000000000000000, -0.0000000000000000000, -1.000000000000000000 ) ) ;
#7550 = CARTESIAN_POINT ( 'NONE',  ( -1.670596606144419738, 2.415000000000000036, 5.330307228993874880 ) ) ;
#7551 = CYLINDRICAL_SURFACE ( 'NONE', #3772, 0.1499999999999999667 ) ;
#7552 = CARTESIAN_POINT ( 'NONE',  ( -0.1206844205489982086, 2.415000000000000036, 9.229031510678426642 ) ) ;
#7553 = DIRECTION ( 'NONE',  ( -0.7071067811865511255, 0.0000000000000000000, 0.7071067811865437980 ) ) ;
#7554 = UNCERTAINTY_MEASURE_WITH_UNIT (LENGTH_MEASURE( 1.000000000000000082E-05 ), #8381, 'distance_accuracy_value', 'NONE');
#7555 = MECHANICAL_DESIGN_GEOMETRIC_PRESENTATION_REPRESENTATION (  '', ( #3389 ), #1565 ) ;
#7556 = PRODUCT_DEFINITION ( 'UNKNOWN', '', #7454, #6737 ) ;
#7557 = CARTESIAN_POINT ( 'NONE',  ( -2.049444885727486287, 2.415000000000000036, 9.859010246932985666 ) ) ;
#7558 = ORIENTED_EDGE ( 'NONE', *, *, #4565, .T. ) ;
#7559 = VECTOR ( 'NONE', #87, 1000.000000000000000 ) ;
#7560 = CARTESIAN_POINT ( 'NONE',  ( 0.02975493558076215683, 2.415000000000000036, 7.567956030672990941 ) ) ;
#7561 = ORIENTED_EDGE ( 'NONE', *, *, #3302, .F. ) ;
#7562 = B_SPLINE_CURVE_WITH_KNOTS ( 'NONE', 3,
 ( #2797, #1622, #5592, #6278, #4533, #990, #8007, #2317, #3755, #1124, #346, #5732, #303, #5200, #5238, #5149, #3172, #3715, #1799 ),
 .UNSPECIFIED., .F., .F.,
 ( 4, 1, 1, 1, 1, 1, 1, 1, 1, 1, 1, 1, 1, 1, 1, 1, 4 ),
 ( 0.0000000000000000000, 0.06470427771330665434, 0.1276867631314091978, 0.1888522787664927982, 0.2491188780639592426, 0.3094514519370056838, 0.3700057271156292349, 0.4321032366993994289, 0.4955428350164659546, 0.5593346070231739464, 0.6215802994639882950, 0.6830315543669089884, 0.7445633951599971434, 0.8061190509996704057, 0.8690150417757936951, 0.9334295909329435315, 1.000000000000000000 ),
 .UNSPECIFIED. ) ;
#7563 =( NAMED_UNIT ( * ) SI_UNIT ( $, .STERADIAN. ) SOLID_ANGLE_UNIT ( ) );
#7564 = CARTESIAN_POINT ( 'NONE',  ( -1.799497312581412434, 2.415000000000000036, 9.395203021393317755 ) ) ;
#7565 = MECHANICAL_DESIGN_GEOMETRIC_PRESENTATION_REPRESENTATION (  '', ( #2953 ), #7712 ) ;
#7566 = MECHANICAL_DESIGN_GEOMETRIC_PRESENTATION_REPRESENTATION (  '', ( #8622 ), #6427 ) ;
#7567 = DIRECTION ( 'NONE',  ( 0.0000000000000000000, 0.0000000000000000000, 1.000000000000000000 ) ) ;
#7568 =( NAMED_UNIT ( * ) PLANE_ANGLE_UNIT ( ) SI_UNIT ( $, .RADIAN. ) );
#7569 = VECTOR ( 'NONE', #2005, 1000.000000000000000 ) ;
#7570 = CARTESIAN_POINT ( 'NONE',  ( 3.061853642249704688, 2.415000000000000036, 9.382531776557064163 ) ) ;
#7571 = PRESENTATION_STYLE_ASSIGNMENT (( #4105 ) ) ;
#7572 = FACE_OUTER_BOUND ( 'NONE', #2956, .T. ) ;
#7573 = EDGE_CURVE ( 'NONE', #3966, #6060, #20, .T. ) ;
#7574 = DIRECTION ( 'NONE',  ( 1.000000000000000000, 0.0000000000000000000, 0.0000000000000000000 ) ) ;
#7575 = ORIENTED_EDGE ( 'NONE', *, *, #4983, .F. ) ;
#7576 = COLOUR_RGB ( '',0.7529411764705882248, 0.7529411764705882248, 0.7529411764705882248 ) ;
#7577 = AXIS2_PLACEMENT_3D ( 'NONE', #2159, #2206, #282 ) ;
#7578 =( NAMED_UNIT ( * ) PLANE_ANGLE_UNIT ( ) SI_UNIT ( $, .RADIAN. ) );
#7579 = FACE_OUTER_BOUND ( 'NONE', #5401, .T. ) ;
#7580 = CARTESIAN_POINT ( 'NONE',  ( -2.269896783000235008, 2.415000000000000036, 9.363656134450453195 ) ) ;
#7581 = CARTESIAN_POINT ( 'NONE',  ( -0.7016526315982689610, 2.415000000000000036, 5.728893509347495971 ) ) ;
#7582 = CARTESIAN_POINT ( 'NONE',  ( -0.4951677294334963508, 2.415000000000000036, 7.167447751675320333 ) ) ;
#7583 = ADVANCED_FACE ( 'NONE', ( #6118 ), #4182, .T. ) ;
#7584 = LINE ( 'NONE', #6231, #1729 ) ;
#7585 = CARTESIAN_POINT ( 'NONE',  ( -0.1614240523941513072, 2.415000000000000036, 9.228200952061190065 ) ) ;
#7586 = CIRCLE ( 'NONE', #3565, 0.4049999999999999711 ) ;
#7587 = CARTESIAN_POINT ( 'NONE',  ( -0.04603803452348043113, 2.415000000000000036, 7.193030186435245277 ) ) ;
#7588 = CARTESIAN_POINT ( 'NONE',  ( 1.131490861296643224, 2.415000000000000036, 9.522043837350738116 ) ) ;
#7589 = B_SPLINE_CURVE_WITH_KNOTS ( 'NONE', 3,
 ( #4656, #1294, #5234, #5398, #8092, #566, #3347, #8747, #6809, #1169, #2591 ),
 .UNSPECIFIED., .F., .F.,
 ( 4, 1, 1, 1, 1, 1, 1, 1, 4 ),
 ( 0.0000000000000000000, 0.1264976463900540082, 0.2502583795792267529, 0.3717036085105290821, 0.4935563024737488202, 0.6159305358291948806, 0.7404945415151024113, 0.8677711085393423618, 1.000000000000000000 ),
 .UNSPECIFIED. ) ;
#7590 = AXIS2_PLACEMENT_3D ( 'NONE', #8184, #8670, #3813 ) ;
#7591 = CARTESIAN_POINT ( 'NONE',  ( 3.128543953552897605, 2.415000000000000036, 9.978354436814145245 ) ) ;
#7592 = VECTOR ( 'NONE', #6261, 1000.000000000000000 ) ;
#7593 = CARTESIAN_POINT ( 'NONE',  ( -0.6638665595971819933, 2.415000000000000036, 8.053691981485840756 ) ) ;
#7594 = DIRECTION ( 'NONE',  ( -0.7071067811865473507, 0.0000000000000000000, 0.7071067811865477948 ) ) ;
#7595 = CARTESIAN_POINT ( 'NONE',  ( 1.454892996368667202, 2.415000000000000036, 9.772979243895269619 ) ) ;
#7596 = VERTEX_POINT ( 'NONE', #5698 ) ;
#7597 = PRESENTATION_LAYER_ASSIGNMENT (  '', '', ( #1010 ) ) ;
#7598 = COLOUR_RGB ( '',0.2509803921568627416, 0.2509803921568627416, 0.2509803921568627416 ) ;
#7599 = FILL_AREA_STYLE ('',( #7688 ) ) ;
#7600 = ORIENTED_EDGE ( 'NONE', *, *, #1486, .T. ) ;
#7601 = CARTESIAN_POINT ( 'NONE',  ( -2.152131760573162467, 2.415000000000000036, 8.007120016419486674 ) ) ;
#7602 = VERTEX_POINT ( 'NONE', #2033 ) ;
#7603 = FACE_BOUND ( 'NONE', #1974, .T. ) ;
#7604 = CARTESIAN_POINT ( 'NONE',  ( -1.939669244701845319, 2.415000000000000036, 9.741021464881704617 ) ) ;
#7605 = DIRECTION ( 'NONE',  ( 0.0000000000000000000, 0.0000000000000000000, -1.000000000000000000 ) ) ;
#7606 = FILL_AREA_STYLE ('',( #812 ) ) ;
#7607 = CARTESIAN_POINT ( 'NONE',  ( -0.02408017971052029901, 2.415000000000000036, 5.902364134558265363 ) ) ;
#7608 = CARTESIAN_POINT ( 'NONE',  ( 1.681324345041746104, 2.415000000000000036, 7.458008644368883111 ) ) ;
#7609 = ORIENTED_EDGE ( 'NONE', *, *, #7742, .F. ) ;
#7610 = CARTESIAN_POINT ( 'NONE',  ( 2.809529473246874076, 2.415000000000000036, 7.809571144368883999 ) ) ;
#7611 = ORIENTED_EDGE ( 'NONE', *, *, #3118, .T. ) ;
#7612 = CARTESIAN_POINT ( 'NONE',  ( -1.769681086098476408, 2.415000000000000036, 9.399784150790068793 ) ) ;
#7613 = CARTESIAN_POINT ( 'NONE',  ( -0.8256546646966381742, 2.415000000000000036, 2.333418428608192485 ) ) ;
#7614 = CARTESIAN_POINT ( 'NONE',  ( 0.05747964418463859249, 2.415000000000000036, 9.923997247313566916 ) ) ;
#7615 =( NAMED_UNIT ( * ) SI_UNIT ( $, .STERADIAN. ) SOLID_ANGLE_UNIT ( ) );
#7616 = DIRECTION ( 'NONE',  ( -1.000000000000000000, 0.0000000000000000000, 0.0000000000000000000 ) ) ;
#7617 = ORIENTED_EDGE ( 'NONE', *, *, #6311, .F. ) ;
#7618 =( LENGTH_UNIT ( ) NAMED_UNIT ( * ) SI_UNIT ( .MILLI., .METRE. ) );
#7619 = CARTESIAN_POINT ( 'NONE',  ( -0.1678343088044077225, 2.415000000000000036, 9.830765054625294042 ) ) ;
#7620 = ADVANCED_FACE ( 'NONE', ( #6208 ), #8260, .T. ) ;
#7621 =( NAMED_UNIT ( * ) SI_UNIT ( $, .STERADIAN. ) SOLID_ANGLE_UNIT ( ) );
#7622 = CARTESIAN_POINT ( 'NONE',  ( -0.6720391932704911087, 2.415000000000000036, 7.277235496198154685 ) ) ;
#7623 = CIRCLE ( 'NONE', #5029, 0.1499999999999999667 ) ;
#7624 = STYLED_ITEM ( 'NONE', ( #4232 ), #711 ) ;
#7625 =( NAMED_UNIT ( * ) SI_UNIT ( $, .STERADIAN. ) SOLID_ANGLE_UNIT ( ) );
#7626 = CARTESIAN_POINT ( 'NONE',  ( 1.025634323686204219, 2.415000000000000036, 7.979419449474405290 ) ) ;
#7627 = EDGE_CURVE ( 'NONE', #3318, #2364, #855, .T. ) ;
#7628 = EDGE_CURVE ( 'NONE', #1864, #451, #3624, .T. ) ;
#7629 = CARTESIAN_POINT ( 'NONE',  ( -0.2916616876559703919, 2.415000000000000036, 5.332753593973255768 ) ) ;
#7630 = VERTEX_POINT ( 'NONE', #3864 ) ;
#7631 = AXIS2_PLACEMENT_3D ( 'NONE', #7144, #6518, #8451 ) ;
#7632 = CARTESIAN_POINT ( 'NONE',  ( -2.190065592940927619, 2.415000000000000036, 7.809477379328855662 ) ) ;
#7633 = CARTESIAN_POINT ( 'NONE',  ( 1.706020705728919618, 2.415000000000000036, 9.645183754600772374 ) ) ;
#7634 = CYLINDRICAL_SURFACE ( 'NONE', #4091, 0.1499999999999999667 ) ;
#7635 = ADVANCED_FACE ( 'NONE', ( #4442 ), #4491, .F. ) ;
#7636 = CARTESIAN_POINT ( 'NONE',  ( 1.950555114272515267, 2.415000000000000036, 7.982047105907344786 ) ) ;
#7637 = VECTOR ( 'NONE', #3144, 1000.000000000000000 ) ;
#7638 = STYLED_ITEM ( 'NONE', ( #1980 ), #1375 ) ;
#7639 = LINE ( 'NONE', #8251, #130 ) ;
#7640 = VERTEX_POINT ( 'NONE', #8757 ) ;
#7641 = UNCERTAINTY_MEASURE_WITH_UNIT (LENGTH_MEASURE( 1.000000000000000082E-05 ), #7213, 'distance_accuracy_value', 'NONE');
#7642 = CARTESIAN_POINT ( 'NONE',  ( 0.2618525453209935017, 2.415000000000000036, 2.432547958077377004 ) ) ;
#7643 = VERTEX_POINT ( 'NONE', #2556 ) ;
#7644 = VERTEX_POINT ( 'NONE', #5243 ) ;
#7645 = MECHANICAL_DESIGN_GEOMETRIC_PRESENTATION_REPRESENTATION (  '', ( #7059 ), #6344 ) ;
#7646 = DIRECTION ( 'NONE',  ( 1.000000000000000000, 0.0000000000000000000, 0.0000000000000000000 ) ) ;
#7647 = CARTESIAN_POINT ( 'NONE',  ( -0.008187408449367454891, 2.415000000000000036, 9.254098123199087311 ) ) ;
#7648 = CARTESIAN_POINT ( 'NONE',  ( -0.006176681005202018342, 2.415000000000000036, 5.082112281348254434 ) ) ;
#7649 = AXIS2_PLACEMENT_3D ( 'NONE', #6487, #330, #6528 ) ;
#7650 = UNCERTAINTY_MEASURE_WITH_UNIT (LENGTH_MEASURE( 1.000000000000000082E-05 ), #2365, 'distance_accuracy_value', 'NONE');
#7651 = CARTESIAN_POINT ( 'NONE',  ( -2.673646682275498954, 2.415000000000000036, 9.417541122541740251 ) ) ;
#7652 = VERTEX_POINT ( 'NONE', #447 ) ;
#7653 = DIRECTION ( 'NONE',  ( -1.000000000000000000, 0.0000000000000000000, 5.354084802397552748E-16 ) ) ;
#7654 = ORIENTED_EDGE ( 'NONE', *, *, #3396, .T. ) ;
#7655 = ORIENTED_EDGE ( 'NONE', *, *, #1323, .F. ) ;
#7656 = CARTESIAN_POINT ( 'NONE',  ( -2.178851937009534723, 2.415000000000000036, 7.315380439240678712 ) ) ;
#7657 = VECTOR ( 'NONE', #6276, 1000.000000000000000 ) ;
#7658 = DIRECTION ( 'NONE',  ( -0.7071067811865473507, 0.0000000000000000000, -0.7071067811865476838 ) ) ;
#7659 = PRESENTATION_STYLE_ASSIGNMENT (( #8367 ) ) ;
#7660 = DIRECTION ( 'NONE',  ( 0.0000000000000000000, -0.0000000000000000000, 1.000000000000000000 ) ) ;
#7661 = CARTESIAN_POINT ( 'NONE',  ( -2.058320417364560839, 2.415000000000000036, 9.405490928992531252 ) ) ;
#7662 = CARTESIAN_POINT ( 'NONE',  ( 0.2197858835032845959, 2.415000000000000036, 9.602399670009909016 ) ) ;
#7663 = PRESENTATION_STYLE_ASSIGNMENT (( #201 ) ) ;
#7664 = CARTESIAN_POINT ( 'NONE',  ( -0.3022493729069709034, 2.415000000000000036, 8.187175311035549186 ) ) ;
#7665 = MECHANICAL_DESIGN_GEOMETRIC_PRESENTATION_REPRESENTATION (  '', ( #1797 ), #4074 ) ;
#7666 = CARTESIAN_POINT ( 'NONE',  ( -1.578982628816245626, 2.415000000000000036, 9.820764500330207980 ) ) ;
#7667 = ORIENTED_EDGE ( 'NONE', *, *, #8503, .T. ) ;
#7668 =( NAMED_UNIT ( * ) SI_UNIT ( $, .STERADIAN. ) SOLID_ANGLE_UNIT ( ) );
#7669 = CARTESIAN_POINT ( 'NONE',  ( -0.1557737872807160584, 2.415000000000000036, 9.830261182219651062 ) ) ;
#7670 =( LENGTH_UNIT ( ) NAMED_UNIT ( * ) SI_UNIT ( .MILLI., .METRE. ) );
#7671 = CARTESIAN_POINT ( 'NONE',  ( 1.876529648541774398, 2.415000000000000036, 9.829849656830244697 ) ) ;
#7672 = DIRECTION ( 'NONE',  ( 0.0000000000000000000, 1.000000000000000000, 0.0000000000000000000 ) ) ;
#7673 = DIRECTION ( 'NONE',  ( 0.0000000000000000000, -1.000000000000000000, 0.0000000000000000000 ) ) ;
#7674 = LINE ( 'NONE', #710, #827 ) ;
#7675 = CARTESIAN_POINT ( 'NONE',  ( -2.279376144336413113, 2.415000000000000036, 7.461831293633140127 ) ) ;
#7676 = EDGE_CURVE ( 'NONE', #3370, #8920, #8574, .T. ) ;
#7677 = SURFACE_STYLE_FILL_AREA ( #4921 ) ;
#7678 = ORIENTED_EDGE ( 'NONE', *, *, #6030, .F. ) ;
#7679 = FILL_AREA_STYLE ('',( #4923 ) ) ;
#7680 = B_SPLINE_CURVE_WITH_KNOTS ( 'NONE', 3,
 ( #6324, #177, #844, #891, #4246, #4825, #3629, #5010, #943, #6234, #5498, #4872, #79, #7588, #2224, #5688, #6994, #5546, #6369 ),
 .UNSPECIFIED., .F., .F.,
 ( 4, 1, 1, 1, 1, 1, 1, 1, 1, 1, 1, 1, 1, 1, 1, 1, 4 ),
 ( 0.0000000000000000000, 0.06562844767881836905, 0.1286674343563485867, 0.1897981322051005837, 0.2497184972569526928, 0.3092025872891560057, 0.3688233562041731695, 0.4289696945220193292, 0.4907098448874496199, 0.5520473154382196102, 0.6131602573594484573, 0.6740359587037709765, 0.7357174875687388926, 0.7982956988656488839, 0.8629467178666855309, 0.9301654647628659900, 1.000000000000000000 ),
 .UNSPECIFIED. ) ;
#7681 = CARTESIAN_POINT ( 'NONE',  ( 1.463685749990905727, 2.415000000000000036, 9.970145393763585773 ) ) ;
#7682 = CARTESIAN_POINT ( 'NONE',  ( -2.573283026753126812, 2.415000000000000036, 9.817944541804781267 ) ) ;
#7683 =( NAMED_UNIT ( * ) SI_UNIT ( $, .STERADIAN. ) SOLID_ANGLE_UNIT ( ) );
#7684 = CARTESIAN_POINT ( 'NONE',  ( -1.836496563691288442, 2.415000000000000036, 9.398541645327711080 ) ) ;
#7685 = EDGE_CURVE ( 'NONE', #3488, #7289, #1704, .T. ) ;
#7686 = PRESENTATION_STYLE_ASSIGNMENT (( #4930 ) ) ;
#7687 = EDGE_CURVE ( 'NONE', #5013, #2187, #7833, .T. ) ;
#7688 = FILL_AREA_STYLE_COLOUR ( '', #4255 ) ;
#7689 = ORIENTED_EDGE ( 'NONE', *, *, #6424, .F. ) ;
#7690 = PRESENTATION_LAYER_ASSIGNMENT (  '', '', ( #4385 ) ) ;
#7691 = VERTEX_POINT ( 'NONE', #2417 ) ;
#7692 = FILL_AREA_STYLE_COLOUR ( '', #8011 ) ;
#7693 = CARTESIAN_POINT ( 'NONE',  ( -5.715000000000000746, 0.0000000000000000000, -3.299999999999999822 ) ) ;
#7694 = PRESENTATION_LAYER_ASSIGNMENT (  '', '', ( #2374 ) ) ;
#7695 = EDGE_CURVE ( 'NONE', #6740, #353, #6449, .T. ) ;
#7696 = LINE ( 'NONE', #2741, #996 ) ;
#7697 = CARTESIAN_POINT ( 'NONE',  ( -0.1876694346867341934, 2.415000000000000036, 5.091331097987791487 ) ) ;
#7698 = CARTESIAN_POINT ( 'NONE',  ( -4.888132034355963995, -2.260000000000000231, 1.165999999999999259 ) ) ;
#7699 = ORIENTED_EDGE ( 'NONE', *, *, #3391, .T. ) ;
#7700 =( LENGTH_UNIT ( ) NAMED_UNIT ( * ) SI_UNIT ( .MILLI., .METRE. ) );
#7701 = VERTEX_POINT ( 'NONE', #1132 ) ;
#7702 = STYLED_ITEM ( 'NONE', ( #541 ), #4208 ) ;
#7703 = VERTEX_POINT ( 'NONE', #5925 ) ;
#7704 = CARTESIAN_POINT ( 'NONE',  ( 1.745855338878250507, 2.415000000000000036, 7.868411396806370917 ) ) ;
#7705 = DIRECTION ( 'NONE',  ( -0.0000000000000000000, -0.0000000000000000000, -1.000000000000000000 ) ) ;
#7706 = CYLINDRICAL_SURFACE ( 'NONE', #6497, 0.1500000000000002165 ) ;
#7707 = CARTESIAN_POINT ( 'NONE',  ( -2.052586512714017708, 2.415000000000000036, 9.384070066435119983 ) ) ;
#7708 = PRESENTATION_STYLE_ASSIGNMENT (( #4905 ) ) ;
#7709 = FILL_AREA_STYLE ('',( #3061 ) ) ;
#7710 = CARTESIAN_POINT ( 'NONE',  ( -1.606152547717053736, 2.415000000000000036, 5.968003312433234342 ) ) ;
#7711 = ORIENTED_EDGE ( 'NONE', *, *, #3796, .F. ) ;
#7712 =( GEOMETRIC_REPRESENTATION_CONTEXT ( 3 ) GLOBAL_UNCERTAINTY_ASSIGNED_CONTEXT ( ( #3868 ) ) GLOBAL_UNIT_ASSIGNED_CONTEXT ( ( #782, #512, #7298 ) ) REPRESENTATION_CONTEXT ( 'NONE', 'WORKASPACE' ) );
#7713 =( LENGTH_UNIT ( ) NAMED_UNIT ( * ) SI_UNIT ( .MILLI., .METRE. ) );
#7714 =( GEOMETRIC_REPRESENTATION_CONTEXT ( 3 ) GLOBAL_UNCERTAINTY_ASSIGNED_CONTEXT ( ( #2435 ) ) GLOBAL_UNIT_ASSIGNED_CONTEXT ( ( #1586, #92, #2283 ) ) REPRESENTATION_CONTEXT ( 'NONE', 'WORKASPACE' ) );
#7715 = SURFACE_STYLE_USAGE ( .BOTH. , #6900 ) ;
#7716 = FILL_AREA_STYLE ('',( #6407 ) ) ;
#7717 = VECTOR ( 'NONE', #4691, 1000.000000000000000 ) ;
#7718 = FACE_OUTER_BOUND ( 'NONE', #5220, .T. ) ;
#7719 = DIRECTION ( 'NONE',  ( 1.000000000000000000, 0.0000000000000000000, 0.0000000000000000000 ) ) ;
#7720 = CARTESIAN_POINT ( 'NONE',  ( 2.114016652734053370, 2.415000000000000036, 9.984611208471447341 ) ) ;
#7721 = VECTOR ( 'NONE', #6013, 1000.000000000000000 ) ;
#7722 = CARTESIAN_POINT ( 'NONE',  ( 1.067805896019559331, 2.415000000000000036, 7.776991896445800023 ) ) ;
#7723 = CARTESIAN_POINT ( 'NONE',  ( -2.198038569461791436, 2.415000000000000036, 7.550263747325823616 ) ) ;
#7724 = VECTOR ( 'NONE', #1014, 1000.000000000000000 ) ;
#7725 = CARTESIAN_POINT ( 'NONE',  ( 1.830349652866913424, 2.415000000000000036, 5.471214453862532245 ) ) ;
#7726 = ORIENTED_EDGE ( 'NONE', *, *, #2077, .T. ) ;
#7727 = LINE ( 'NONE', #8290, #5179 ) ;
#7728 = DIRECTION ( 'NONE',  ( 0.0000000000000000000, 1.000000000000000000, 0.0000000000000000000 ) ) ;
#7729 = CARTESIAN_POINT ( 'NONE',  ( -2.531498144737474920, 2.415000000000000036, 9.814708939165544876 ) ) ;
#7730 = CARTESIAN_POINT ( 'NONE',  ( -2.449502682632800799, 2.415000000000000036, 7.538313642792507707 ) ) ;
#7731 = CARTESIAN_POINT ( 'NONE',  ( 1.573189347603364929, 2.415000000000000036, 7.963865125677942913 ) ) ;
#7732 = CIRCLE ( 'NONE', #7890, 0.1499999999999999667 ) ;
#7733 = ADVANCED_FACE ( 'NONE', ( #6652 ), #8334, .T. ) ;
#7734 = ORIENTED_EDGE ( 'NONE', *, *, #502, .T. ) ;
#7735 = EDGE_LOOP ( 'NONE', ( #6080, #8153, #1891, #6255 ) ) ;
#7736 = AXIS2_PLACEMENT_3D ( 'NONE', #8206, #8348, #6288 ) ;
#7737 = VERTEX_POINT ( 'NONE', #5103 ) ;
#7738 = STYLED_ITEM ( 'NONE', ( #3576 ), #6920 ) ;
#7739 = DIRECTION ( 'NONE',  ( 0.0000000000000000000, 0.0000000000000000000, 1.000000000000000000 ) ) ;
#7740 = LINE ( 'NONE', #958, #7408 ) ;
#7741 = CARTESIAN_POINT ( 'NONE',  ( -1.049444885727485399, 2.415000000000000036, 9.689739413599653517 ) ) ;
#7742 = EDGE_CURVE ( 'NONE', #4226, #1821, #7584, .T. ) ;
#7743 = CIRCLE ( 'NONE', #2578, 0.1499999999999999667 ) ;
#7744 = PRESENTATION_LAYER_ASSIGNMENT (  '', '', ( #700 ) ) ;
#7745 = CARTESIAN_POINT ( 'NONE',  ( -5.715000000000000746, 0.0000000000000000000, -3.299999999999999822 ) ) ;
#7746 = CARTESIAN_POINT ( 'NONE',  ( -2.109999999999999876, 2.510525938252074371E-17, -3.299999999999999822 ) ) ;
#7747 = UNCERTAINTY_MEASURE_WITH_UNIT (LENGTH_MEASURE( 1.000000000000000082E-05 ), #318, 'distance_accuracy_value', 'NONE');
#7748 = CARTESIAN_POINT ( 'NONE',  ( 0.0000000000000000000, 2.415000000000000036, 12.03999999999999915 ) ) ;
#7749 = EDGE_LOOP ( 'NONE', ( #4528, #1018, #3245, #8481 ) ) ;
#7750 = ORIENTED_EDGE ( 'NONE', *, *, #2290, .F. ) ;
#7751 = EDGE_CURVE ( 'NONE', #1176, #185, #2794, .T. ) ;
#7752 = ORIENTED_EDGE ( 'NONE', *, *, #5751, .F. ) ;
#7753 =( NAMED_UNIT ( * ) SI_UNIT ( $, .STERADIAN. ) SOLID_ANGLE_UNIT ( ) );
#7754 = CARTESIAN_POINT ( 'NONE',  ( -3.674711838419640664, 2.415000000000000036, 9.942429774210586046 ) ) ;
#7755 = EDGE_CURVE ( 'NONE', #8764, #7737, #5495, .T. ) ;
#7756 = SURFACE_SIDE_STYLE ('',( #4996 ) ) ;
#7757 = CARTESIAN_POINT ( 'NONE',  ( -1.905000000000000027, 0.0000000000000000000, -3.500000000000000000 ) ) ;
#7758 = STYLED_ITEM ( 'NONE', ( #4496 ), #6086 ) ;
#7759 = CARTESIAN_POINT ( 'NONE',  ( 3.232606396323796538, 2.415000000000000036, 9.702559926420166292 ) ) ;
#7760 = CARTESIAN_POINT ( 'NONE',  ( -2.061503325740755344, 2.415000000000000036, 9.428026619176680612 ) ) ;
#7761 = CARTESIAN_POINT ( 'NONE',  ( 0.8161474029107411710, 2.415000000000000036, 5.820350984212320000 ) ) ;
#7762 = CARTESIAN_POINT ( 'NONE',  ( 5.310000000000000497, 4.959819536546772588E-17, -3.299999999999999822 ) ) ;
#7763 = ORIENTED_EDGE ( 'NONE', *, *, #8198, .T. ) ;
#7764 = CARTESIAN_POINT ( 'NONE',  ( -3.314268603676204794, 2.415000000000000036, 9.678922105907345141 ) ) ;
#7765 = ORIENTED_EDGE ( 'NONE', *, *, #5356, .T. ) ;
#7766 = STYLED_ITEM ( 'NONE', ( #7874 ), #273 ) ;
#7767 = SURFACE_STYLE_USAGE ( .BOTH. , #5863 ) ;
#7768 = CARTESIAN_POINT ( 'NONE',  ( 2.887881387262260624, 2.415000000000000036, 9.440001526507934670 ) ) ;
#7769 = CARTESIAN_POINT ( 'NONE',  ( 4.888132034355965772, 2.265000000000000124, 0.8660000000000008802 ) ) ;
#7770 = DIRECTION ( 'NONE',  ( 0.0000000000000000000, 1.000000000000000000, 0.0000000000000000000 ) ) ;
#7771 = LINE ( 'NONE', #2884, #3775 ) ;
#7772 = CIRCLE ( 'NONE', #3892, 0.2050000000000000988 ) ;
#7773 = CARTESIAN_POINT ( 'NONE',  ( -1.771591610491581203, 2.415000000000000036, 9.805538626360599253 ) ) ;
#7774 = LINE ( 'NONE', #4920, #8213 ) ;
#7775 = CARTESIAN_POINT ( 'NONE',  ( -0.8571371934197926645, 2.415000000000000036, 9.241021464881704617 ) ) ;
#7776 = ORIENTED_EDGE ( 'NONE', *, *, #2461, .T. ) ;
#7777 = CARTESIAN_POINT ( 'NONE',  ( 2.731867965644037444, -2.260000000000000231, 0.8660000000000008802 ) ) ;
#7778 = PRESENTATION_LAYER_ASSIGNMENT (  '', '', ( #7334 ) ) ;
#7779 = DIRECTION ( 'NONE',  ( 0.0000000000000000000, -0.0000000000000000000, 1.000000000000000000 ) ) ;
#7780 =( NAMED_UNIT ( * ) PLANE_ANGLE_UNIT ( ) SI_UNIT ( $, .RADIAN. ) );
#7781 = PRESENTATION_LAYER_ASSIGNMENT (  '', '', ( #1755 ) ) ;
#7782 = CARTESIAN_POINT ( 'NONE',  ( -0.3123371785039124604, 2.415000000000000036, 8.187024055884345231 ) ) ;
#7783 = CARTESIAN_POINT ( 'NONE',  ( 1.683444313550477300, 2.415000000000000036, 8.109776833951839237 ) ) ;
#7784 = CARTESIAN_POINT ( 'NONE',  ( 1.251837165554566367, 2.415000000000000036, 5.697431721291961182 ) ) ;
#7785 = ORIENTED_EDGE ( 'NONE', *, *, #1720, .F. ) ;
#7786 = AXIS2_PLACEMENT_3D ( 'NONE', #8745, #4568, #5908 ) ;
#7787 = STYLED_ITEM ( 'NONE', ( #8583 ), #1260 ) ;
#7788 = CARTESIAN_POINT ( 'NONE',  ( 0.08140457103923452731, 2.415000000000000036, 2.513130970743414405 ) ) ;
#7789 = ORIENTED_EDGE ( 'NONE', *, *, #2184, .T. ) ;
#7790 = ORIENTED_EDGE ( 'NONE', *, *, #2077, .F. ) ;
#7791 = DIRECTION ( 'NONE',  ( -0.7071067811865481278, 0.0000000000000000000, -0.7071067811865467956 ) ) ;
#7792 = DIRECTION ( 'NONE',  ( 1.000000000000000000, 0.0000000000000000000, 0.0000000000000000000 ) ) ;
#7793 = COLOUR_RGB ( '',0.7529411764705882248, 0.7529411764705882248, 0.7529411764705882248 ) ;
#7794 = DIRECTION ( 'NONE',  ( 0.0000000000000000000, 0.0000000000000000000, 1.000000000000000000 ) ) ;
#7795 = CARTESIAN_POINT ( 'NONE',  ( -2.636571857455283219, 2.415000000000000036, 9.402656074956155408 ) ) ;
#7796 = EDGE_LOOP ( 'NONE', ( #5240, #5305, #4535, #5124 ) ) ;
#7797 = SURFACE_SIDE_STYLE ('',( #819 ) ) ;
#7798 = VERTEX_POINT ( 'NONE', #747 ) ;
#7799 = EDGE_CURVE ( 'NONE', #7039, #107, #5748, .T. ) ;
#7800 = ORIENTED_EDGE ( 'NONE', *, *, #5361, .T. ) ;
#7801 = CARTESIAN_POINT ( 'NONE',  ( 5.040126265847090892, 2.415000000000000036, 12.03999999999999915 ) ) ;
#7802 = PRESENTATION_STYLE_ASSIGNMENT (( #5128 ) ) ;
#7803 = CARTESIAN_POINT ( 'NONE',  ( -3.600726937009538275, 2.415000000000000036, 9.558329157189398018 ) ) ;
#7804 = DIRECTION ( 'NONE',  ( -0.7071067811865459074, -0.0000000000000000000, 0.7071067811865491270 ) ) ;
#7805 = CARTESIAN_POINT ( 'NONE',  ( -1.908682450157801691, 2.415000000000000036, 9.243731032934958236 ) ) ;
#7806 = EDGE_CURVE ( 'NONE', #4229, #1354, #3716, .T. ) ;
#7807 = DIRECTION ( 'NONE',  ( -1.000000000000000000, 0.0000000000000000000, 0.0000000000000000000 ) ) ;
#7808 = FACE_BOUND ( 'NONE', #1775, .T. ) ;
#7809 = EDGE_CURVE ( 'NONE', #2929, #356, #7169, .T. ) ;
#7810 = CARTESIAN_POINT ( 'NONE',  ( -2.459866091939887589, 2.415000000000000036, 9.428403872170102673 ) ) ;
#7811 = ORIENTED_EDGE ( 'NONE', *, *, #8, .F. ) ;
#7812 = CARTESIAN_POINT ( 'NONE',  ( -1.861476309488710568, 2.415000000000000036, 9.807280489736406537 ) ) ;
#7813 = ORIENTED_EDGE ( 'NONE', *, *, #1060, .T. ) ;
#7814 = EDGE_CURVE ( 'NONE', #2199, #5380, #8369, .T. ) ;
#7815 = VECTOR ( 'NONE', #2603, 1000.000000000000000 ) ;
#7816 = LINE ( 'NONE', #934, #1760 ) ;
#7817 = PLANE ( 'NONE',  #3162 ) ;
#7818 = CARTESIAN_POINT ( 'NONE',  ( 3.232606396323796538, 2.415000000000000036, 9.702559926420166292 ) ) ;
#7819 = CARTESIAN_POINT ( 'NONE',  ( 1.324152870682771432, 2.415000000000000036, 9.817944541804781267 ) ) ;
#7820 = CARTESIAN_POINT ( 'NONE',  ( 1.622441157469978634, 2.415000000000000036, 7.749754618087317581 ) ) ;
#7821 = PRESENTATION_STYLE_ASSIGNMENT (( #6455 ) ) ;
#7822 = EDGE_CURVE ( 'NONE', #572, #7320, #2975, .T. ) ;
#7823 = VECTOR ( 'NONE', #7306, 1000.000000000000000 ) ;
#7824 = DIRECTION ( 'NONE',  ( 0.0000000000000000000, 0.0000000000000000000, 1.000000000000000000 ) ) ;
#7825 = FACE_OUTER_BOUND ( 'NONE', #4198, .T. ) ;
#7826 = ADVANCED_FACE ( 'NONE', ( #2505 ), #7261, .T. ) ;
#7827 = CARTESIAN_POINT ( 'NONE',  ( 2.016660883503284651, 2.415000000000000036, 5.517944541804781444 ) ) ;
#7828 = ORIENTED_EDGE ( 'NONE', *, *, #6211, .T. ) ;
#7829 = DIRECTION ( 'NONE',  ( 0.0000000000000000000, 1.000000000000000000, 0.0000000000000000000 ) ) ;
#7830 = CARTESIAN_POINT ( 'NONE',  ( -2.312666039573637367, 2.415000000000000036, 7.905124028984267248 ) ) ;
#7831 = DIRECTION ( 'NONE',  ( 1.000000000000000000, 0.0000000000000000000, -0.0000000000000000000 ) ) ;
#7832 = CARTESIAN_POINT ( 'NONE',  ( -1.881926735945170348, 2.415000000000000036, 9.440208591542930350 ) ) ;
#7833 = LINE ( 'NONE', #8621, #6016 ) ;
#7834 = CARTESIAN_POINT ( 'NONE',  ( -1.505238466842092171, 2.415000000000000036, 5.803750383014651959 ) ) ;
#7835 = ORIENTED_EDGE ( 'NONE', *, *, #325, .F. ) ;
#7836 = UNCERTAINTY_MEASURE_WITH_UNIT (LENGTH_MEASURE( 1.000000000000000082E-05 ), #3644, 'distance_accuracy_value', 'NONE');
#7837 = CARTESIAN_POINT ( 'NONE',  ( 1.698948672282492023, 2.415000000000000036, 5.716284916750399958 ) ) ;
#7838 = ORIENTED_EDGE ( 'NONE', *, *, #4998, .F. ) ;
#7839 = LINE ( 'NONE', #4399, #7254 ) ;
#7840 = SURFACE_SIDE_STYLE ('',( #8026 ) ) ;
#7841 = CARTESIAN_POINT ( 'NONE',  ( -0.2565184148355659222, 2.415000000000000036, 9.400738407294756627 ) ) ;
#7842 = DIRECTION ( 'NONE',  ( 1.000000000000000000, 0.0000000000000000000, 0.0000000000000000000 ) ) ;
#7843 = B_SPLINE_CURVE_WITH_KNOTS ( 'NONE', 3,
 ( #1996, #1454, #5881, #1497, #4223, #2905, #2113, #8453, #2246, #4985, #2815, #3814, #406, #4891, #7227, #3081, #7697, #1089, #2420, #8626, #5568, #7648, #3767 ),
 .UNSPECIFIED., .F., .F.,
 ( 4, 1, 1, 1, 1, 1, 1, 1, 1, 1, 1, 1, 1, 1, 1, 1, 1, 1, 1, 1, 4 ),
 ( 0.0000000000000000000, 0.06576739492069851034, 0.1294669666867783453, 0.1914139304414058662, 0.2524243605522978329, 0.3117606417239544014, 0.3687864195424802594, 0.4239165484895113800, 0.4783125445144994492, 0.5312097175506723667, 0.5820078821179938133, 0.6309947662927883894, 0.6792924263381546757, 0.7053485934104792854, 0.7352352981217482597, 0.7689126474836486258, 0.8068920487142893228, 0.8489425225899981386, 0.8951255140991019044, 0.9454744064398494796, 0.9999999999999998890 ),
 .UNSPECIFIED. ) ;
#7844 = CARTESIAN_POINT ( 'NONE',  ( -3.314268603676204794, 2.415000000000000036, 9.678922105907345141 ) ) ;
#7845 = UNCERTAINTY_MEASURE_WITH_UNIT (LENGTH_MEASURE( 1.000000000000000082E-05 ), #5392, 'distance_accuracy_value', 'NONE');
#7846 = CARTESIAN_POINT ( 'NONE',  ( -2.721960062759113175, 2.415000000000000036, 9.453662528935954157 ) ) ;
#7847 = ORIENTED_EDGE ( 'NONE', *, *, #5812, .T. ) ;
#7848 = DIRECTION ( 'NONE',  ( 0.0000000000000000000, 1.000000000000000000, 0.0000000000000000000 ) ) ;
#7849 = ORIENTED_EDGE ( 'NONE', *, *, #5524, .T. ) ;
#7850 = ORIENTED_EDGE ( 'NONE', *, *, #878, .F. ) ;
#7851 = VECTOR ( 'NONE', #3365, 1000.000000000000000 ) ;
#7852 = CARTESIAN_POINT ( 'NONE',  ( 3.034753540343956502, 2.415000000000000036, 9.228312842780740155 ) ) ;
#7853 = FILL_AREA_STYLE ('',( #428 ) ) ;
#7854 = CARTESIAN_POINT ( 'NONE',  ( -4.888132034355963995, -2.410000000000000142, 1.165999999999999259 ) ) ;
#7855 = EDGE_CURVE ( 'NONE', #7958, #2852, #343, .T. ) ;
#7856 = CARTESIAN_POINT ( 'NONE',  ( -2.384501543339450524, 2.415000000000000036, 9.523094414967761878 ) ) ;
#7857 = VERTEX_POINT ( 'NONE', #4576 ) ;
#7858 = COLOUR_RGB ( '',0.8274509803921568096, 0.8392156862745098200, 0.8274509803921568096 ) ;
#7859 = FACE_OUTER_BOUND ( 'NONE', #6127, .T. ) ;
#7860 = ORIENTED_EDGE ( 'NONE', *, *, #6197, .F. ) ;
#7861 = B_SPLINE_CURVE_WITH_KNOTS ( 'NONE', 3,
 ( #1314, #6871, #4040, #628, #5419, #4749, #673, #6194, #1400, #3493, #3405, #46, #6155, #11, #2727, #8295, #8249, #7537, #4123 ),
 .UNSPECIFIED., .F., .F.,
 ( 4, 1, 1, 1, 1, 1, 1, 1, 1, 1, 1, 1, 1, 1, 1, 1, 4 ),
 ( 0.0000000000000000000, 0.06822368100091759369, 0.1340649159077885733, 0.1974554606128769429, 0.2598603780055620538, 0.3204685673890936837, 0.3801543516535624279, 0.4405695208354788450, 0.5007612052717488327, 0.5612655372165057388, 0.6207515327139982997, 0.6807188995335481385, 0.7408359044318321152, 0.8025313229076472821, 0.8661517685155365465, 0.9315823472234485703, 1.000000000000000000 ),
 .UNSPECIFIED. ) ;
#7862 = CARTESIAN_POINT ( 'NONE',  ( 4.952346719737946934, 2.415000000000000036, 1.582246484644954876 ) ) ;
#7863 = CARTESIAN_POINT ( 'NONE',  ( -2.000577316396030980, 2.415000000000000036, 9.602819245937430637 ) ) ;
#7864 = AXIS2_PLACEMENT_3D ( 'NONE', #4089, #6833, #1406 ) ;
#7865 = CARTESIAN_POINT ( 'NONE',  ( -0.8635474498300484969, 2.415000000000000036, 5.587255439240678356 ) ) ;
#7866 = CARTESIAN_POINT ( 'NONE',  ( 2.011504499633493204, 2.415000000000000036, 9.966183814237316696 ) ) ;
#7867 = EDGE_CURVE ( 'NONE', #7320, #966, #7305, .T. ) ;
#7868 = DIRECTION ( 'NONE',  ( 0.0000000000000000000, 0.0000000000000000000, 1.000000000000000000 ) ) ;
#7869 = VECTOR ( 'NONE', #8347, 1000.000000000000000 ) ;
#7870 =( NAMED_UNIT ( * ) PLANE_ANGLE_UNIT ( ) SI_UNIT ( $, .RADIAN. ) );
#7871 = ORIENTED_EDGE ( 'NONE', *, *, #7947, .F. ) ;
#7872 = DIRECTION ( 'NONE',  ( 0.0000000000000000000, 0.0000000000000000000, 1.000000000000000000 ) ) ;
#7873 = EDGE_CURVE ( 'NONE', #6041, #6170, #5105, .T. ) ;
#7874 = PRESENTATION_STYLE_ASSIGNMENT (( #3670 ) ) ;
#7875 = CARTESIAN_POINT ( 'NONE',  ( -3.810000000000000053, -2.260000000000000231, 0.2121320343559643662 ) ) ;
#7876 = SURFACE_STYLE_FILL_AREA ( #309 ) ;
#7877 = CARTESIAN_POINT ( 'NONE',  ( 1.613265394396917296, 2.415000000000000036, 5.413372382011067074 ) ) ;
#7878 = AXIS2_PLACEMENT_3D ( 'NONE', #8209, #3410, #2731 ) ;
#7879 = B_SPLINE_CURVE_WITH_KNOTS ( 'NONE', 3,
 ( #4977, #858, #189, #4312, #8449, #358, #277, #6516, #7053, #227, #3728 ),
 .UNSPECIFIED., .F., .F.,
 ( 4, 1, 1, 1, 1, 1, 1, 1, 4 ),
 ( 0.0000000000000000000, 0.1639962778091426931, 0.3173296884643038163, 0.4580614196800897875, 0.5881864158298473200, 0.7079510374084220237, 0.8163213883427522521, 0.9135844418915892717, 0.9999999999999998890 ),
 .UNSPECIFIED. ) ;
#7880 = CARTESIAN_POINT ( 'NONE',  ( 2.655683319400720332, 2.415000000000000036, 7.719226593086832011 ) ) ;
#7881 = ORIENTED_EDGE ( 'NONE', *, *, #2845, .T. ) ;
#7882 = CARTESIAN_POINT ( 'NONE',  ( -0.5222921361191933398, 2.415000000000000036, 9.717116032206837062 ) ) ;
#7883 = CARTESIAN_POINT ( 'NONE',  ( -1.487124485541971630, 2.415000000000000036, 5.372247404185509723 ) ) ;
#7884 = ORIENTED_EDGE ( 'NONE', *, *, #3774, .T. ) ;
#7885 = CIRCLE ( 'NONE', #4124, 0.1499999999999999667 ) ;
#7886 = CARTESIAN_POINT ( 'NONE',  ( 7.214999999999999858, 2.265000000000000124, 1.166000000000000814 ) ) ;
#7887 = CARTESIAN_POINT ( 'NONE',  ( -0.1878593085069847624, 2.415000000000000036, 9.382692135669641331 ) ) ;
#7888 = DIRECTION ( 'NONE',  ( -1.000000000000000000, 0.0000000000000000000, 0.0000000000000000000 ) ) ;
#7889 = CARTESIAN_POINT ( 'NONE',  ( -3.305999346670829730, 2.415000000000000036, 9.558063447052280281 ) ) ;
#7890 = AXIS2_PLACEMENT_3D ( 'NONE', #4673, #4639, #7367 ) ;
#7891 = VECTOR ( 'NONE', #6901, 1000.000000000000000 ) ;
#7892 = EDGE_LOOP ( 'NONE', ( #4667, #7655, #820, #3378 ) ) ;
#7893 = CARTESIAN_POINT ( 'NONE',  ( -0.7731326292489119067, 2.415000000000000036, 5.286474787250899254 ) ) ;
#7894 = ORIENTED_EDGE ( 'NONE', *, *, #4708, .T. ) ;
#7895 = VERTEX_POINT ( 'NONE', #6811 ) ;
#7896 = VECTOR ( 'NONE', #8424, 1000.000000000000000 ) ;
#7897 = CARTESIAN_POINT ( 'NONE',  ( -1.722521808804407639, 2.415000000000000036, 5.552199349497088932 ) ) ;
#7898 = COLOUR_RGB ( '',0.8274509803921568096, 0.8392156862745098200, 0.8274509803921568096 ) ;
#7899 = CARTESIAN_POINT ( 'NONE',  ( 1.190739409144309979, 2.415000000000000036, 5.902559926420166470 ) ) ;
#7900 = CARTESIAN_POINT ( 'NONE',  ( 2.855502639728546566, 2.415000000000000036, 9.266775578885296127 ) ) ;
#7901 = DIRECTION ( 'NONE',  ( 0.0000000000000000000, 0.0000000000000000000, 1.000000000000000000 ) ) ;
#7902 = SURFACE_STYLE_USAGE ( .BOTH. , #5133 ) ;
#7903 = CARTESIAN_POINT ( 'NONE',  ( 1.693003668336505507, 2.415000000000000036, 9.491940771445587899 ) ) ;
#7904 = ORIENTED_EDGE ( 'NONE', *, *, #5570, .T. ) ;
#7905 = PRESENTATION_LAYER_ASSIGNMENT (  '', '', ( #1298 ) ) ;
#7906 = CARTESIAN_POINT ( 'NONE',  ( -3.351696967856506948, 2.415000000000000036, 9.761198643539579223 ) ) ;
#7907 = ORIENTED_EDGE ( 'NONE', *, *, #2526, .F. ) ;
#7908 = STYLED_ITEM ( 'NONE', ( #7119 ), #7826 ) ;
#7909 = CYLINDRICAL_SURFACE ( 'NONE', #5607, 0.1499999999999999667 ) ;
#7910 = DIRECTION ( 'NONE',  ( 2.716326130063896955E-16, 0.0000000000000000000, -1.000000000000000000 ) ) ;
#7911 = DIRECTION ( 'NONE',  ( 0.0000000000000000000, 1.000000000000000000, 0.0000000000000000000 ) ) ;
#7912 =( NAMED_UNIT ( * ) PLANE_ANGLE_UNIT ( ) SI_UNIT ( $, .RADIAN. ) );
#7913 = SURFACE_SIDE_STYLE ('',( #3120 ) ) ;
#7914 = CARTESIAN_POINT ( 'NONE',  ( -0.4661053249358391715, 2.415000000000000036, 7.355375118636242604 ) ) ;
#7915 = CARTESIAN_POINT ( 'NONE',  ( -1.780881025673266338, 2.415000000000000036, 9.811179021085843388 ) ) ;
#7916 =( NAMED_UNIT ( * ) PLANE_ANGLE_UNIT ( ) SI_UNIT ( $, .RADIAN. ) );
#7917 = SPHERICAL_SURFACE ( 'NONE', #5261, 0.1499999999999999944 ) ;
#7918 = ORIENTED_EDGE ( 'NONE', *, *, #4330, .T. ) ;
#7919 = ADVANCED_FACE ( 'NONE', ( #8872 ), #8139, .T. ) ;
#7920 = LINE ( 'NONE', #8664, #4878 ) ;
#7921 = CARTESIAN_POINT ( 'NONE',  ( -2.402438043259443656, 2.415000000000000036, 9.727583125680883569 ) ) ;
#7922 = DIRECTION ( 'NONE',  ( 1.000000000000000000, 0.0000000000000000000, 0.0000000000000000000 ) ) ;
#7923 = VECTOR ( 'NONE', #2985, 1000.000000000000000 ) ;
#7924 = CARTESIAN_POINT ( 'NONE',  ( 2.318248123465721289, 2.415000000000000036, 9.709386896156321001 ) ) ;
#7925 = CARTESIAN_POINT ( 'NONE',  ( 1.661689616839390204, 2.415000000000000036, 5.538279499830349728 ) ) ;
#7926 = CARTESIAN_POINT ( 'NONE',  ( 2.007846780939182896, 2.415000000000000036, 5.261534285394525945 ) ) ;
#7927 = SURFACE_STYLE_FILL_AREA ( #3552 ) ;
#7928 = EDGE_LOOP ( 'NONE', ( #5088, #7239 ) ) ;
#7929 = EDGE_CURVE ( 'NONE', #7424, #6740, #2712, .T. ) ;
#7930 = EDGE_CURVE ( 'NONE', #6343, #920, #2667, .T. ) ;
#7931 = CARTESIAN_POINT ( 'NONE',  ( -0.2716629782415163619, 2.415000000000000036, 9.970221961744874406 ) ) ;
#7932 = VECTOR ( 'NONE', #21, 1000.000000000000000 ) ;
#7933 = CARTESIAN_POINT ( 'NONE',  ( -2.440470526753126368, 2.415000000000000036, 5.902559926420166470 ) ) ;
#7934 = EDGE_LOOP ( 'NONE', ( #5283, #5844, #8436 ) ) ;
#7935 = SURFACE_SIDE_STYLE ('',( #7023 ) ) ;
#7936 = CARTESIAN_POINT ( 'NONE',  ( -0.5294558689530831641, 2.415000000000000036, 5.755289571866240017 ) ) ;
#7937 =( NAMED_UNIT ( * ) SI_UNIT ( $, .STERADIAN. ) SOLID_ANGLE_UNIT ( ) );
#7938 = CARTESIAN_POINT ( 'NONE',  ( 7.215000000000001634, -2.260000000000000231, 9.865126265847081299 ) ) ;
#7939 = CARTESIAN_POINT ( 'NONE',  ( 1.552715257865030729, 2.415000000000000036, 7.617766679317527156 ) ) ;
#7940 = AXIS2_PLACEMENT_3D ( 'NONE', #3846, #1166, #435 ) ;
#7941 = CIRCLE ( 'NONE', #2032, 0.2049999999999998768 ) ;
#7942 = FACE_OUTER_BOUND ( 'NONE', #2910, .T. ) ;
#7943 = UNCERTAINTY_MEASURE_WITH_UNIT (LENGTH_MEASURE( 1.000000000000000082E-05 ), #4370, 'distance_accuracy_value', 'NONE');
#7944 = ORIENTED_EDGE ( 'NONE', *, *, #3000, .F. ) ;
#7945 = PLANE ( 'NONE',  #5689 ) ;
#7946 = VERTEX_POINT ( 'NONE', #5279 ) ;
#7947 = EDGE_CURVE ( 'NONE', #5043, #3818, #8353, .T. ) ;
#7948 =( LENGTH_UNIT ( ) NAMED_UNIT ( * ) SI_UNIT ( .MILLI., .METRE. ) );
#7949 = CARTESIAN_POINT ( 'NONE',  ( -2.240350334445432523, 2.415000000000000036, 7.765300311035550962 ) ) ;
#7950 = CARTESIAN_POINT ( 'NONE',  ( -3.305855142137743563, 2.415000000000000036, 9.894466977702217392 ) ) ;
#7951 = DIRECTION ( 'NONE',  ( 0.0000000000000000000, 0.0000000000000000000, 1.000000000000000000 ) ) ;
#7952 = CARTESIAN_POINT ( 'NONE',  ( 0.9705871655545663668, 2.415000000000000036, 5.082047105907345319 ) ) ;
#7953 =( GEOMETRIC_REPRESENTATION_CONTEXT ( 3 ) GLOBAL_UNCERTAINTY_ASSIGNED_CONTEXT ( ( #281 ) ) GLOBAL_UNIT_ASSIGNED_CONTEXT ( ( #5273, #7343, #564 ) ) REPRESENTATION_CONTEXT ( 'NONE', 'WORKASPACE' ) );
#7954 = FACE_BOUND ( 'NONE', #7399, .T. ) ;
#7955 = DIRECTION ( 'NONE',  ( 0.7377937433794770072, 0.0000000000000000000, -0.6750262159576458920 ) ) ;
#7956 = ORIENTED_EDGE ( 'NONE', *, *, #7456, .F. ) ;
#7957 =( NAMED_UNIT ( * ) SI_UNIT ( $, .STERADIAN. ) SOLID_ANGLE_UNIT ( ) );
#7958 = VERTEX_POINT ( 'NONE', #567 ) ;
#7959 = CARTESIAN_POINT ( 'NONE',  ( -7.365000000000000213, -2.410000000000000142, 1.166000000000000814 ) ) ;
#7960 = VECTOR ( 'NONE', #7804, 1000.000000000000114 ) ;
#7961 = FACE_BOUND ( 'NONE', #5023, .T. ) ;
#7962 = DIRECTION ( 'NONE',  ( -1.000000000000000000, 0.0000000000000000000, 0.0000000000000000000 ) ) ;
#7963 = DIRECTION ( 'NONE',  ( 1.423070940095821945E-16, -0.0000000000000000000, 1.000000000000000000 ) ) ;
#7964 = DIRECTION ( 'NONE',  ( 0.0000000000000000000, 1.000000000000000000, 0.0000000000000000000 ) ) ;
#7965 = CARTESIAN_POINT ( 'NONE',  ( -1.203076556298288580, 2.415000000000000036, 5.927886995435959427 ) ) ;
#7966 = CARTESIAN_POINT ( 'NONE',  ( 4.439526206917434159, 2.415000000000000036, 2.402759305157775582 ) ) ;
#7967 =( LENGTH_UNIT ( ) NAMED_UNIT ( * ) SI_UNIT ( .MILLI., .METRE. ) );
#7968 = TOROIDAL_SURFACE ( 'NONE', #4063, 0.2049999999999996547, 0.2000000000000000111 ) ;
#7969 = VERTEX_POINT ( 'NONE', #1379 ) ;
#7970 = ORIENTED_EDGE ( 'NONE', *, *, #1439, .F. ) ;
#7971 = DIRECTION ( 'NONE',  ( 0.0000000000000000000, 1.000000000000000000, 0.0000000000000000000 ) ) ;
#7972 = CARTESIAN_POINT ( 'NONE',  ( 1.905000000000000027, 0.0000000000000000000, 1.016000000000000014 ) ) ;
#7973 = CARTESIAN_POINT ( 'NONE',  ( 3.810000000000001830, -2.410000000000000142, 8.673617379884035472E-16 ) ) ;
#7974 = CARTESIAN_POINT ( 'NONE',  ( -1.905000000000000027, 0.0000000000000000000, -3.299999999999999822 ) ) ;
#7975 = TOROIDAL_SURFACE ( 'NONE', #3048, 0.2049999999999996547, 0.2000000000000000111 ) ;
#7976 = DIRECTION ( 'NONE',  ( 0.0000000000000000000, 0.0000000000000000000, 1.000000000000000000 ) ) ;
#7977 = DIRECTION ( 'NONE',  ( 0.0000000000000000000, 0.0000000000000000000, 1.000000000000000000 ) ) ;
#7978 = CARTESIAN_POINT ( 'NONE',  ( 1.790298704016105358, 2.415000000000000036, 5.378521464881703906 ) ) ;
#7979 = ORIENTED_EDGE ( 'NONE', *, *, #8831, .F. ) ;
#7980 = DIRECTION ( 'NONE',  ( 1.000000000000000000, 0.0000000000000000000, 0.0000000000000000000 ) ) ;
#7981 = COLOUR_RGB ( '',0.2509803921568627416, 0.2509803921568627416, 0.2509803921568627416 ) ;
#7982 = CARTESIAN_POINT ( 'NONE',  ( 0.9591688963237973153, 2.415000000000000036, 7.962215375138114837 ) ) ;
#7983 = ORIENTED_EDGE ( 'NONE', *, *, #882, .F. ) ;
#7984 = CARTESIAN_POINT ( 'NONE',  ( 1.746685009329118188, 2.415000000000000036, 7.852401806198507472 ) ) ;
#7985 = CARTESIAN_POINT ( 'NONE',  ( 2.897636076871187960, 2.415000000000000036, 9.958669239289278607 ) ) ;
#7986 = EDGE_CURVE ( 'NONE', #7545, #778, #5355, .T. ) ;
#7987 = CARTESIAN_POINT ( 'NONE',  ( 1.502094536296789906, 2.415000000000000036, 7.472212742340498259 ) ) ;
#7988 = FILL_AREA_STYLE_COLOUR ( '', #8177 ) ;
#7989 = EDGE_CURVE ( 'NONE', #73, #5894, #1922, .T. ) ;
#7990 = EDGE_LOOP ( 'NONE', ( #2744, #2789, #4516, #6645 ) ) ;
#7991 = CARTESIAN_POINT ( 'NONE',  ( -2.147694528022261462, 2.415000000000000036, 7.593377752634416389 ) ) ;
#7992 = VERTEX_POINT ( 'NONE', #1960 ) ;
#7993 = EDGE_CURVE ( 'NONE', #6445, #5294, #6934, .T. ) ;
#7994 = CARTESIAN_POINT ( 'NONE',  ( 1.384146898515177027, 2.415000000000000036, 9.402933233388633738 ) ) ;
#7995 = CARTESIAN_POINT ( 'NONE',  ( -1.210030135783639826, 2.415000000000000036, 6.107613697849657797 ) ) ;
#7996 = CARTESIAN_POINT ( 'NONE',  ( 0.1645063866343643988, 2.415000000000000036, 2.130182249513982828 ) ) ;
#7997 = DIRECTION ( 'NONE',  ( -1.000000000000000000, -0.0000000000000000000, -0.0000000000000000000 ) ) ;
#7998 = LINE ( 'NONE', #3209, #6707 ) ;
#7999 = SURFACE_SIDE_STYLE ('',( #432 ) ) ;
#8000 = VERTEX_POINT ( 'NONE', #4997 ) ;
#8001 = ORIENTED_EDGE ( 'NONE', *, *, #7822, .T. ) ;
#8002 = CARTESIAN_POINT ( 'NONE',  ( 5.040126265847093556, -2.410000000000000142, 12.18999999999999950 ) ) ;
#8003 = CARTESIAN_POINT ( 'NONE',  ( 5.040126265847094444, -2.260000000000000231, 12.03999999999999915 ) ) ;
#8004 = FILL_AREA_STYLE ('',( #2637 ) ) ;
#8005 = STYLED_ITEM ( 'NONE', ( #6116 ), #3959 ) ;
#8006 = SURFACE_STYLE_USAGE ( .BOTH. , #1173 ) ;
#8007 = CARTESIAN_POINT ( 'NONE',  ( -0.1352444057727527904, 2.415000000000000036, 7.969568041014372106 ) ) ;
#8008 = ORIENTED_EDGE ( 'NONE', *, *, #4350, .T. ) ;
#8009 = VERTEX_POINT ( 'NONE', #7759 ) ;
#8010 = CARTESIAN_POINT ( 'NONE',  ( 3.810000000000001386, 2.415000000000000036, 0.2121320343559648935 ) ) ;
#8011 = COLOUR_RGB ( '',0.2509803921568627416, 0.2509803921568627416, 0.2509803921568627416 ) ;
#8012 = CARTESIAN_POINT ( 'NONE',  ( -2.370185425696882842, 2.415000000000000036, 9.615292203546736971 ) ) ;
#8013 = SURFACE_STYLE_FILL_AREA ( #1671 ) ;
#8014 = CARTESIAN_POINT ( 'NONE',  ( 4.782066017177983852, 2.265000000000000124, 0.9720660171779832437 ) ) ;
#8015 = VECTOR ( 'NONE', #7182, 1000.000000000000000 ) ;
#8016 = CARTESIAN_POINT ( 'NONE',  ( 0.8971805089390972876, 2.415000000000000036, 6.002306269990486776 ) ) ;
#8017 = VECTOR ( 'NONE', #789, 1000.000000000000000 ) ;
#8018 = CARTESIAN_POINT ( 'NONE',  ( -2.204462514040806287, 2.415000000000000036, 7.136504123612721351 ) ) ;
#8019 = VERTEX_POINT ( 'NONE', #4104 ) ;
#8020 = DIRECTION ( 'NONE',  ( -0.0000000000000000000, -1.000000000000000000, -0.0000000000000000000 ) ) ;
#8021 = ORIENTED_EDGE ( 'NONE', *, *, #3512, .T. ) ;
#8022 = CARTESIAN_POINT ( 'NONE',  ( 5.040126265847093556, 2.265000000000000124, 12.18999999999999950 ) ) ;
#8023 = CARTESIAN_POINT ( 'NONE',  ( -0.2829801625639934981, 2.415000000000000036, 6.041324739436084279 ) ) ;
#8024 = COLOUR_RGB ( '',0.2509803921568627416, 0.2509803921568627416, 0.2509803921568627416 ) ;
#8025 = STYLED_ITEM ( 'NONE', ( #6425 ), #4771 ) ;
#8026 = SURFACE_STYLE_FILL_AREA ( #6517 ) ;
#8027 = CYLINDRICAL_SURFACE ( 'NONE', #965, 0.1500000000000000222 ) ;
#8028 = SURFACE_STYLE_FILL_AREA ( #2524 ) ;
#8029 = LINE ( 'NONE', #8686, #3856 ) ;
#8030 = VERTEX_POINT ( 'NONE', #7419 ) ;
#8031 = COLOUR_RGB ( '',0.7529411764705882248, 0.7529411764705882248, 0.7529411764705882248 ) ;
#8032 = CARTESIAN_POINT ( 'NONE',  ( -2.541031424189024612, 2.415000000000000036, 9.228200952061191842 ) ) ;
#8033 = ORIENTED_EDGE ( 'NONE', *, *, #4932, .F. ) ;
#8034 = VECTOR ( 'NONE', #3555, 1000.000000000000000 ) ;
#8035 = ADVANCED_FACE ( 'NONE', ( #4647 ), #4016, .T. ) ;
#8036 = CARTESIAN_POINT ( 'NONE',  ( -2.357431796717293526, 2.415000000000000036, 8.119189321944871196 ) ) ;
#8037 = VECTOR ( 'NONE', #7067, 1000.000000000000114 ) ;
#8038 = SURFACE_STYLE_FILL_AREA ( #8863 ) ;
#8039 = CARTESIAN_POINT ( 'NONE',  ( -0.01440007513384817042, 2.415000000000000036, 2.171990074388546077 ) ) ;
#8040 = AXIS2_PLACEMENT_3D ( 'NONE', #7745, #7794, #2952 ) ;
#8041 = STYLED_ITEM ( 'NONE', ( #4240 ), #6982 ) ;
#8042 = CARTESIAN_POINT ( 'NONE',  ( 3.810000000000001830, 2.265000000000000124, 8.673617379884035472E-16 ) ) ;
#8043 = CARTESIAN_POINT ( 'NONE',  ( 1.519949740723499199, 2.415000000000000036, 9.270055133464989439 ) ) ;
#8044 = ORIENTED_EDGE ( 'NONE', *, *, #4322, .T. ) ;
#8045 = EDGE_CURVE ( 'NONE', #7602, #8787, #2640, .T. ) ;
#8046 = EDGE_CURVE ( 'NONE', #3497, #6347, #151, .T. ) ;
#8047 = VERTEX_POINT ( 'NONE', #5611 ) ;
#8048 = MECHANICAL_DESIGN_GEOMETRIC_PRESENTATION_REPRESENTATION (  '', ( #5424 ), #3421 ) ;
#8049 = EDGE_CURVE ( 'NONE', #2909, #5058, #4266, .T. ) ;
#8050 = CARTESIAN_POINT ( 'NONE',  ( -1.382778219060818437, 2.415000000000000036, 8.161534285394525412 ) ) ;
#8051 =( LENGTH_UNIT ( ) NAMED_UNIT ( * ) SI_UNIT ( .MILLI., .METRE. ) );
#8052 = CARTESIAN_POINT ( 'NONE',  ( 0.8335910189652574465, 2.415000000000000036, 5.689609528293170015 ) ) ;
#8053 = CARTESIAN_POINT ( 'NONE',  ( 2.275547989866407939, 2.415000000000000036, 9.937014512195910143 ) ) ;
#8054 = CARTESIAN_POINT ( 'NONE',  ( -1.143756391881549428, 2.415000000000000036, 5.922589508896693999 ) ) ;
#8055 = COLOUR_RGB ( '',0.2509803921568627416, 0.2509803921568627416, 0.2509803921568627416 ) ;
#8056 = COLOUR_RGB ( '',0.8274509803921568096, 0.8392156862745098200, 0.8274509803921568096 ) ;
#8057 = DIRECTION ( 'NONE',  ( 0.0000000000000000000, 1.000000000000000000, 0.0000000000000000000 ) ) ;
#8058 = ORIENTED_EDGE ( 'NONE', *, *, #7301, .F. ) ;
#8059 = EDGE_LOOP ( 'NONE', ( #2062, #3531 ) ) ;
#8060 = LINE ( 'NONE', #8754, #6184 ) ;
#8061 = LINE ( 'NONE', #8237, #2861 ) ;
#8062 = SURFACE_SIDE_STYLE ('',( #7270 ) ) ;
#8063 = FILL_AREA_STYLE_COLOUR ( '', #2639 ) ;
#8064 = VERTEX_POINT ( 'NONE', #2111 ) ;
#8065 = CARTESIAN_POINT ( 'NONE',  ( -3.703933982822017690, -2.410000000000000142, 0.1060660171779822109 ) ) ;
#8066 = VERTEX_POINT ( 'NONE', #23 ) ;
#8067 = CARTESIAN_POINT ( 'NONE',  ( -2.573283026753126812, 2.415000000000000036, 9.817944541804781267 ) ) ;
#8068 = CARTESIAN_POINT ( 'NONE',  ( -0.4697878420202228900, 2.415000000000000036, 5.881431660237115722 ) ) ;
#8069 = CIRCLE ( 'NONE', #2013, 0.1499999999999999667 ) ;
#8070 = FILL_AREA_STYLE ('',( #1978 ) ) ;
#8071 = CARTESIAN_POINT ( 'NONE',  ( 0.8353806956539769901, 2.415000000000000036, 7.661850772442858393 ) ) ;
#8072 = CARTESIAN_POINT ( 'NONE',  ( -3.600726937009538275, 2.415000000000000036, 9.241021464881704617 ) ) ;
#8073 = AXIS2_PLACEMENT_3D ( 'NONE', #4072, #5445, #2644 ) ;
#8074 =( LENGTH_UNIT ( ) NAMED_UNIT ( * ) SI_UNIT ( .MILLI., .METRE. ) );
#8075 = VERTEX_POINT ( 'NONE', #8359 ) ;
#8076 = CARTESIAN_POINT ( 'NONE',  ( -0.8634863205946908815, 2.415000000000000036, 5.182700167195183560 ) ) ;
#8077 = ORIENTED_EDGE ( 'NONE', *, *, #6912, .F. ) ;
#8078 = FILL_AREA_STYLE_COLOUR ( '', #8233 ) ;
#8079 = CARTESIAN_POINT ( 'NONE',  ( 1.190739409144309979, 2.415000000000000036, 5.902559926420166470 ) ) ;
#8080 =( LENGTH_UNIT ( ) NAMED_UNIT ( * ) SI_UNIT ( .MILLI., .METRE. ) );
#8081 = SURFACE_STYLE_FILL_AREA ( #1409 ) ;
#8082 =( NAMED_UNIT ( * ) PLANE_ANGLE_UNIT ( ) SI_UNIT ( $, .RADIAN. ) );
#8083 = EDGE_CURVE ( 'NONE', #7652, #2531, #5282, .T. ) ;
#8084 = CARTESIAN_POINT ( 'NONE',  ( -2.087906424189022836, 2.415000000000000036, 7.942183323856065513 ) ) ;
#8085 = ORIENTED_EDGE ( 'NONE', *, *, #7172, .T. ) ;
#8086 = VECTOR ( 'NONE', #5973, 1000.000000000000000 ) ;
#8087 = DIRECTION ( 'NONE',  ( -2.716326130063896462E-16, 0.0000000000000000000, 1.000000000000000000 ) ) ;
#8088 = ORIENTED_EDGE ( 'NONE', *, *, #1443, .T. ) ;
#8089 = SURFACE_SIDE_STYLE ('',( #6680 ) ) ;
#8090 = CARTESIAN_POINT ( 'NONE',  ( -1.861796939714717602, 2.415000000000000036, 7.339909422064569533 ) ) ;
#8091 = B_SPLINE_CURVE_WITH_KNOTS ( 'NONE', 3,
 ( #7682, #5647, #6375, #7729, #1580, #4303, #7042, #899, #3634, #7314, #5923, #7921, #3808, #3179, #5325, #1130, #3132, #8012, #5155 ),
 .UNSPECIFIED., .F., .F.,
 ( 4, 1, 1, 1, 1, 1, 1, 1, 1, 1, 1, 1, 1, 1, 1, 1, 4 ),
 ( 0.0000000000000000000, 0.06550912664922624307, 0.1283936108293890210, 0.1899557082920846629, 0.2503059858627445511, 0.3096784489605312052, 0.3694621031771305741, 0.4301307072981342960, 0.4924566054890202604, 0.5548244962047497175, 0.6162497449104645808, 0.6770876470711756356, 0.7386861861890714476, 0.8009640582520853869, 0.8649101580095054365, 0.9314362204447409477, 1.000000000000000000 ),
 .UNSPECIFIED. ) ;
#8092 = CARTESIAN_POINT ( 'NONE',  ( 1.266887338334057977, 2.415000000000000036, 9.971259367128503470 ) ) ;
#8093 = EDGE_CURVE ( 'NONE', #4099, #4036, #7696, .T. ) ;
#8094 = AXIS2_PLACEMENT_3D ( 'NONE', #6171, #5578, #4230 ) ;
#8095 = EDGE_CURVE ( 'NONE', #8587, #3859, #8485, .T. ) ;
#8096 = MECHANICAL_DESIGN_GEOMETRIC_PRESENTATION_REPRESENTATION (  '', ( #3625 ), #6199 ) ;
#8097 = CARTESIAN_POINT ( 'NONE',  ( 2.305371231434553358, 2.415000000000000036, 9.917672310767811084 ) ) ;
#8098 = EDGE_CURVE ( 'NONE', #1614, #5745, #2430, .T. ) ;
#8099 = ORIENTED_EDGE ( 'NONE', *, *, #1481, .F. ) ;
#8100 = COLOUR_RGB ( '',0.7529411764705882248, 0.7529411764705882248, 0.7529411764705882248 ) ;
#8101 = ORIENTED_EDGE ( 'NONE', *, *, #5519, .F. ) ;
#8102 = CARTESIAN_POINT ( 'NONE',  ( -1.918587380713328017, 2.415000000000000036, 8.007721791909274245 ) ) ;
#8103 = DIRECTION ( 'NONE',  ( 0.0000000000000000000, 0.0000000000000000000, -1.000000000000000000 ) ) ;
#8104 = EDGE_CURVE ( 'NONE', #8376, #410, #4455, .T. ) ;
#8105 = SURFACE_STYLE_USAGE ( .BOTH. , #664 ) ;
#8106 = DIRECTION ( 'NONE',  ( 0.0000000000000000000, 1.000000000000000000, 0.0000000000000000000 ) ) ;
#8107 = EDGE_CURVE ( 'NONE', #197, #8744, #834, .T. ) ;
#8108 = CARTESIAN_POINT ( 'NONE',  ( -1.658218924189024834, 2.415000000000000036, 9.471790695650936343 ) ) ;
#8109 = ORIENTED_EDGE ( 'NONE', *, *, #6153, .F. ) ;
#8110 = CARTESIAN_POINT ( 'NONE',  ( 2.005373475689153029, 2.415000000000000036, 5.684667455811729830 ) ) ;
#8111 = VERTEX_POINT ( 'NONE', #363 ) ;
#8112 = PLANE ( 'NONE',  #4473 ) ;
#8113 = SURFACE_STYLE_FILL_AREA ( #4080 ) ;
#8114 = CARTESIAN_POINT ( 'NONE',  ( -0.5035283139173623024, 2.415000000000000036, 5.821315616698700346 ) ) ;
#8115 = CARTESIAN_POINT ( 'NONE',  ( -0.008980142137740718122, 2.415000000000000036, 5.902559926420166470 ) ) ;
#8116 = FILL_AREA_STYLE ('',( #586 ) ) ;
#8117 = CARTESIAN_POINT ( 'NONE',  ( 0.7400979370010899450, 2.415000000000000036, 7.805699945612327717 ) ) ;
#8118 = B_SPLINE_CURVE_WITH_KNOTS ( 'NONE', 3,
 ( #2572, #2615, #1099, #3876, #8117, #5298, #6745, #3147, #6617, #4004, #3823, #5338, #8071, #5254, #1268, #1903, #4638, #4596, #587 ),
 .UNSPECIFIED., .F., .F.,
 ( 4, 1, 1, 1, 1, 1, 1, 1, 1, 1, 1, 1, 1, 1, 1, 1, 4 ),
 ( 0.0000000000000000000, 0.06886046903653680884, 0.1353192835603391209, 0.1992460392882375309, 0.2614932844581661087, 0.3226497673074062988, 0.3827335312939161849, 0.4425061814857534359, 0.5023016509896129911, 0.5627501187366232838, 0.6223297239990174257, 0.6822644560752220144, 0.7436584215085285665, 0.8050548558846064573, 0.8680957697537832196, 0.9331250961873545080, 1.000000000000000000 ),
 .UNSPECIFIED. ) ;
#8119 = CARTESIAN_POINT ( 'NONE',  ( 1.925915691195591917, 2.415000000000000036, 9.909290695650936343 ) ) ;
#8120 = AXIS2_PLACEMENT_3D ( 'NONE', #5486, #8277, #8873 ) ;
#8121 = UNCERTAINTY_MEASURE_WITH_UNIT (LENGTH_MEASURE( 1.000000000000000082E-05 ), #2537, 'distance_accuracy_value', 'NONE');
#8122 = CARTESIAN_POINT ( 'NONE',  ( -1.818275013932614481, 2.415000000000000036, 9.817944541804781267 ) ) ;
#8123 = VERTEX_POINT ( 'NONE', #5661 ) ;
#8124 = CARTESIAN_POINT ( 'NONE',  ( -1.908419244701842654, 2.415000000000000036, 7.933569541804780911 ) ) ;
#8125 = EDGE_LOOP ( 'NONE', ( #5559, #6, #7252, #5248 ) ) ;
#8126 = CARTESIAN_POINT ( 'NONE',  ( 1.142862806580207780, 2.415000000000000036, 7.161534285394524524 ) ) ;
#8127 = DIRECTION ( 'NONE',  ( 0.0000000000000000000, 0.0000000000000000000, 1.000000000000000000 ) ) ;
#8128 =( LENGTH_UNIT ( ) NAMED_UNIT ( * ) SI_UNIT ( .MILLI., .METRE. ) );
#8129 = SURFACE_STYLE_USAGE ( .BOTH. , #4719 ) ;
#8130 = DIRECTION ( 'NONE',  ( 5.978271136194192829E-16, 0.0000000000000000000, 1.000000000000000000 ) ) ;
#8131 = CARTESIAN_POINT ( 'NONE',  ( 1.705146959517020555, 2.415000000000000036, 5.941188532119328514 ) ) ;
#8132 = CARTESIAN_POINT ( 'NONE',  ( -0.8445026049870356655, 2.415000000000000036, 1.974317972288443856 ) ) ;
#8133 = ORIENTED_EDGE ( 'NONE', *, *, #174, .F. ) ;
#8134 = DIRECTION ( 'NONE',  ( 1.000000000000000000, 0.0000000000000000000, 0.0000000000000000000 ) ) ;
#8135 = VERTEX_POINT ( 'NONE', #5841 ) ;
#8136 = FILL_AREA_STYLE_COLOUR ( '', #4037 ) ;
#8137 = DIRECTION ( 'NONE',  ( 0.0000000000000000000, 0.0000000000000000000, 1.000000000000000000 ) ) ;
#8138 = FACE_OUTER_BOUND ( 'NONE', #8456, .T. ) ;
#8139 = PLANE ( 'NONE',  #3994 ) ;
#8140 = CARTESIAN_POINT ( 'NONE',  ( 3.810000000000001830, -2.260000000000000231, 0.2121320343559652821 ) ) ;
#8141 = MECHANICAL_DESIGN_GEOMETRIC_PRESENTATION_REPRESENTATION (  '', ( #83 ), #4231 ) ;
#8142 = VERTEX_POINT ( 'NONE', #6387 ) ;
#8143 = ORIENTED_EDGE ( 'NONE', *, *, #1113, .T. ) ;
#8144 = FILL_AREA_STYLE ('',( #5360 ) ) ;
#8145 = ADVANCED_FACE ( 'NONE', ( #7942 ), #2245, .T. ) ;
#8146 = AXIS2_PLACEMENT_3D ( 'NONE', #6776, #5492, #76 ) ;
#8147 = CARTESIAN_POINT ( 'NONE',  ( -0.7607943059030790600, 2.415000000000000036, 1.966861869260341011 ) ) ;
#8148 = ORIENTED_EDGE ( 'NONE', *, *, #1707, .F. ) ;
#8149 = B_SPLINE_CURVE_WITH_KNOTS ( 'NONE', 3,
 ( #8173, #4723, #686, #8826, #2743, #5478, #8266, #6079, #6935, #774, #2661, #4846, #3464, #5432, #2629, #8310, #6215, #5389, #7467 ),
 .UNSPECIFIED., .F., .F.,
 ( 4, 1, 1, 1, 1, 1, 1, 1, 1, 1, 1, 1, 1, 1, 1, 1, 4 ),
 ( 0.0000000000000000000, 0.1096048279269799808, 0.2107289586479176857, 0.3021055522796428083, 0.3852746914428725189, 0.4593184430577166300, 0.5248481062749218440, 0.5836422981936800758, 0.6346413730195102909, 0.6812015378015117140, 0.7267984958730610012, 0.7706516608835908277, 0.8140165401416187274, 0.8579456920328811798, 0.9033057225776089938, 0.9505279004805482490, 1.000000000000000000 ),
 .UNSPECIFIED. ) ;
#8150 = CARTESIAN_POINT ( 'NONE',  ( -1.591466099484517116, 2.415000000000000036, 9.858620484208856283 ) ) ;
#8151 = PRESENTATION_LAYER_ASSIGNMENT (  '', '', ( #5382 ) ) ;
#8152 = EDGE_CURVE ( 'NONE', #1501, #699, #5843, .T. ) ;
#8153 = ORIENTED_EDGE ( 'NONE', *, *, #7687, .T. ) ;
#8154 = SURFACE_SIDE_STYLE ('',( #7 ) ) ;
#8155 =( NAMED_UNIT ( * ) PLANE_ANGLE_UNIT ( ) SI_UNIT ( $, .RADIAN. ) );
#8156 = CARTESIAN_POINT ( 'NONE',  ( -4.675999999999999268, 2.415000000000000036, 1.078132034355963942 ) ) ;
#8157 = SPHERICAL_SURFACE ( 'NONE', #2542, 0.1499999999999999944 ) ;
#8158 = CARTESIAN_POINT ( 'NONE',  ( -4.719933982822017704, -2.260000000000000231, 1.122066017177981490 ) ) ;
#8159 = ORIENTED_EDGE ( 'NONE', *, *, #7401, .T. ) ;
#8160 = CARTESIAN_POINT ( 'NONE',  ( -0.4168334198417478764, 2.415000000000000036, 7.987998285563258527 ) ) ;
#8161 = ORIENTED_EDGE ( 'NONE', *, *, #3392, .T. ) ;
#8162 = MECHANICAL_DESIGN_GEOMETRIC_PRESENTATION_REPRESENTATION (  '', ( #2106 ), #5697 ) ;
#8163 = VECTOR ( 'NONE', #3816, 1000.000000000000000 ) ;
#8164 = DIRECTION ( 'NONE',  ( 1.000000000000000000, 0.0000000000000000000, 0.0000000000000000000 ) ) ;
#8165 = CARTESIAN_POINT ( 'NONE',  ( 1.468619436922448340, 2.415000000000000036, 9.454730200487178493 ) ) ;
#8166 = CARTESIAN_POINT ( 'NONE',  ( -1.101679125313197671, 2.415000000000000036, 6.096881314661535711 ) ) ;
#8167 = CARTESIAN_POINT ( 'NONE',  ( 3.057474788371170149, 2.415000000000000036, 9.228481693922990559 ) ) ;
#8168 =( NAMED_UNIT ( * ) PLANE_ANGLE_UNIT ( ) SI_UNIT ( $, .RADIAN. ) );
#8169 = MANIFOLD_SOLID_BREP ( 'Sar1', #4870 ) ;
#8170 = PRESENTATION_LAYER_ASSIGNMENT (  '', '', ( #3551 ) ) ;
#8171 = DIRECTION ( 'NONE',  ( 1.000000000000000000, 0.0000000000000000000, 0.0000000000000000000 ) ) ;
#8172 = COLOUR_RGB ( '',0.7529411764705882248, 0.7529411764705882248, 0.7529411764705882248 ) ;
#8173 = CARTESIAN_POINT ( 'NONE',  ( 1.898872421964823198, 2.415000000000000036, 7.341021464881704262 ) ) ;
#8174 = EDGE_LOOP ( 'NONE', ( #6947, #7461, #1094 ) ) ;
#8175 = ORIENTED_EDGE ( 'NONE', *, *, #8831, .T. ) ;
#8176 = FACE_OUTER_BOUND ( 'NONE', #4567, .T. ) ;
#8177 = COLOUR_RGB ( '',0.2509803921568627416, 0.2509803921568627416, 0.2509803921568627416 ) ;
#8178 = CARTESIAN_POINT ( 'NONE',  ( -5.310000000000000497, 0.0000000000000000000, 1.015999999999999792 ) ) ;
#8179 = AXIS2_PLACEMENT_3D ( 'NONE', #4186, #3339, #8866 ) ;
#8180 = CARTESIAN_POINT ( 'NONE',  ( 0.0000000000000000000, 2.415000000000000036, 0.0000000000000000000 ) ) ;
#8181 = PLANE ( 'NONE',  #8406 ) ;
#8182 =( NAMED_UNIT ( * ) PLANE_ANGLE_UNIT ( ) SI_UNIT ( $, .RADIAN. ) );
#8183 = CARTESIAN_POINT ( 'NONE',  ( 1.503428208319879777, 2.415000000000000036, 7.410351032437939800 ) ) ;
#8184 = CARTESIAN_POINT ( 'NONE',  ( -2.731867965644036111, 2.265000000000000124, 1.165999999999999259 ) ) ;
#8185 = CARTESIAN_POINT ( 'NONE',  ( 2.335026294354813459, 2.415000000000000036, 9.558063447052280281 ) ) ;
#8186 = PRESENTATION_LAYER_ASSIGNMENT (  '', '', ( #6007 ) ) ;
#8187 = EDGE_LOOP ( 'NONE', ( #1050, #4086, #5801, #6889 ) ) ;
#8188 = PRESENTATION_LAYER_ASSIGNMENT (  '', '', ( #3278 ) ) ;
#8189 = VERTEX_POINT ( 'NONE', #7455 ) ;
#8190 = CARTESIAN_POINT ( 'NONE',  ( -1.912871415444291845, 2.415000000000000036, 7.983800398152922639 ) ) ;
#8191 = CARTESIAN_POINT ( 'NONE',  ( -2.191374465243622005, 2.415000000000000036, 9.566075993013104295 ) ) ;
#8192 = CARTESIAN_POINT ( 'NONE',  ( -0.4433992742742460247, 2.415000000000000036, 7.151804252946412532 ) ) ;
#8193 =( GEOMETRIC_REPRESENTATION_CONTEXT ( 3 ) GLOBAL_UNCERTAINTY_ASSIGNED_CONTEXT ( ( #1892 ) ) GLOBAL_UNIT_ASSIGNED_CONTEXT ( ( #2479, #3874, #7937 ) ) REPRESENTATION_CONTEXT ( 'NONE', 'WORKASPACE' ) );
#8194 = MECHANICAL_DESIGN_GEOMETRIC_PRESENTATION_REPRESENTATION (  '', ( #700 ), #7442 ) ;
#8195 = CARTESIAN_POINT ( 'NONE',  ( 0.9805111756447455473, 2.415000000000000036, 7.971171510444274411 ) ) ;
#8196 = CARTESIAN_POINT ( 'NONE',  ( -0.1399660462395437011, 2.415000000000000036, 7.155794882932923429 ) ) ;
#8197 = ORIENTED_EDGE ( 'NONE', *, *, #6764, .F. ) ;
#8198 = EDGE_CURVE ( 'NONE', #185, #8325, #1100, .T. ) ;
#8199 = ORIENTED_EDGE ( 'NONE', *, *, #2461, .F. ) ;
#8200 = LINE ( 'NONE', #3921, #8531 ) ;
#8201 = FILL_AREA_STYLE_COLOUR ( '', #4485 ) ;
#8202 =( NAMED_UNIT ( * ) SI_UNIT ( $, .STERADIAN. ) SOLID_ANGLE_UNIT ( ) );
#8203 = CARTESIAN_POINT ( 'NONE',  ( -1.773448356650836999, 2.415000000000000036, 9.739013846061151725 ) ) ;
#8204 = EDGE_CURVE ( 'NONE', #8587, #7228, #2565, .T. ) ;
#8205 = EDGE_CURVE ( 'NONE', #2630, #5043, #8029, .T. ) ;
#8206 = CARTESIAN_POINT ( 'NONE',  ( 0.0000000000000000000, 2.415000000000000036, 0.0000000000000000000 ) ) ;
#8207 = UNCERTAINTY_MEASURE_WITH_UNIT (LENGTH_MEASURE( 1.000000000000000082E-05 ), #2266, 'distance_accuracy_value', 'NONE');
#8208 = EDGE_CURVE ( 'NONE', #3499, #1587, #3877, .T. ) ;
#8209 = CARTESIAN_POINT ( 'NONE',  ( 7.215000000000000746, -2.410000000000000142, 9.865126265847081299 ) ) ;
#8210 = ORIENTED_EDGE ( 'NONE', *, *, #8372, .T. ) ;
#8211 = SURFACE_SIDE_STYLE ('',( #6113 ) ) ;
#8212 = VERTEX_POINT ( 'NONE', #6618 ) ;
#8213 = VECTOR ( 'NONE', #8339, 1000.000000000000000 ) ;
#8214 = DIRECTION ( 'NONE',  ( 0.7071067811865481278, 0.0000000000000000000, -0.7071067811865470176 ) ) ;
#8215 = SURFACE_STYLE_USAGE ( .BOTH. , #6162 ) ;
#8216 = CARTESIAN_POINT ( 'NONE',  ( -1.713240872028215733, 2.415000000000000036, 5.454574505810029450 ) ) ;
#8217 = SURFACE_STYLE_USAGE ( .BOTH. , #5431 ) ;
#8218 = CARTESIAN_POINT ( 'NONE',  ( 2.310000000000000053, 0.0000000000000000000, -3.500000000000000000 ) ) ;
#8219 = CARTESIAN_POINT ( 'NONE',  ( 1.758225751086417210, 2.415000000000000036, 6.005304714146543432 ) ) ;
#8220 = EDGE_CURVE ( 'NONE', #6189, #3276, #4043, .T. ) ;
#8221 = FACE_OUTER_BOUND ( 'NONE', #3082, .T. ) ;
#8222 = ORIENTED_EDGE ( 'NONE', *, *, #3106, .F. ) ;
#8223 = CARTESIAN_POINT ( 'NONE',  ( -0.07017596390887870239, 2.415000000000000036, 7.398344313942858186 ) ) ;
#8224 = VERTEX_POINT ( 'NONE', #8119 ) ;
#8225 = MECHANICAL_DESIGN_GEOMETRIC_PRESENTATION_REPRESENTATION (  '', ( #731 ), #4314 ) ;
#8226 = MECHANICAL_DESIGN_GEOMETRIC_PRESENTATION_REPRESENTATION (  '', ( #7624 ), #7478 ) ;
#8227 = DIRECTION ( 'NONE',  ( 1.423070940095821945E-16, -0.0000000000000000000, 1.000000000000000000 ) ) ;
#8228 = CARTESIAN_POINT ( 'NONE',  ( 1.025873723644808111, 2.415000000000000036, 5.868791132411884881 ) ) ;
#8229 =( LENGTH_UNIT ( ) NAMED_UNIT ( * ) SI_UNIT ( .MILLI., .METRE. ) );
#8230 = SURFACE_STYLE_FILL_AREA ( #653 ) ;
#8231 = COLOUR_RGB ( '',0.2509803921568627416, 0.2509803921568627416, 0.2509803921568627416 ) ;
#8232 = DIRECTION ( 'NONE',  ( 0.0000000000000000000, 0.0000000000000000000, 1.000000000000000000 ) ) ;
#8233 = COLOUR_RGB ( '',0.2509803921568627416, 0.2509803921568627416, 0.2509803921568627416 ) ;
#8234 = CARTESIAN_POINT ( 'NONE',  ( 0.2197858835032855673, 2.415000000000000036, 7.663136849497089287 ) ) ;
#8235 = ORIENTED_EDGE ( 'NONE', *, *, #941, .F. ) ;
#8236 = MECHANICAL_DESIGN_GEOMETRIC_PRESENTATION_REPRESENTATION (  '', ( #7483 ), #8244 ) ;
#8237 = CARTESIAN_POINT ( 'NONE',  ( -7.214999999999999858, -2.410000000000000142, 1.016000000000000902 ) ) ;
#8238 = CARTESIAN_POINT ( 'NONE',  ( -2.196220918201704730, 2.415000000000000036, 9.528161339349935588 ) ) ;
#8239 = STYLED_ITEM ( 'NONE', ( #2153 ), #1000 ) ;
#8240 = SURFACE_STYLE_USAGE ( .BOTH. , #5446 ) ;
#8241 = CARTESIAN_POINT ( 'NONE',  ( 1.324152870682771432, 2.415000000000000036, 9.817944541804781267 ) ) ;
#8242 = CARTESIAN_POINT ( 'NONE',  ( 0.1635709204784532578, 2.415000000000000036, 7.406476534103259013 ) ) ;
#8243 = ORIENTED_EDGE ( 'NONE', *, *, #2990, .T. ) ;
#8244 =( GEOMETRIC_REPRESENTATION_CONTEXT ( 3 ) GLOBAL_UNCERTAINTY_ASSIGNED_CONTEXT ( ( #4598 ) ) GLOBAL_UNIT_ASSIGNED_CONTEXT ( ( #1230, #6018, #3364 ) ) REPRESENTATION_CONTEXT ( 'NONE', 'WORKASPACE' ) );
#8245 = VERTEX_POINT ( 'NONE', #8072 ) ;
#8246 = CARTESIAN_POINT ( 'NONE',  ( -2.673419444672246570, 2.415000000000000036, 9.795558085414993954 ) ) ;
#8247 = CARTESIAN_POINT ( 'NONE',  ( -3.471119565214666469, 2.415000000000000036, 9.817944541804781267 ) ) ;
#8248 = CARTESIAN_POINT ( 'NONE',  ( 3.424628983731623499, 2.415000000000000036, 9.615836666695184221 ) ) ;
#8249 = CARTESIAN_POINT ( 'NONE',  ( -0.1432745628785001279, 2.415000000000000036, 9.382531776557062386 ) ) ;
#8250 = EDGE_CURVE ( 'NONE', #8846, #6382, #6702, .T. ) ;
#8251 = CARTESIAN_POINT ( 'NONE',  ( -2.731867965644036111, 2.415000000000000036, 1.015999999999999348 ) ) ;
#8252 = LINE ( 'NONE', #4045, #5121 ) ;
#8253 = ORIENTED_EDGE ( 'NONE', *, *, #4338, .F. ) ;
#8254 = STYLED_ITEM ( 'NONE', ( #8758 ), #2740 ) ;
#8255 = CARTESIAN_POINT ( 'NONE',  ( -0.3090897411511077664, 2.415000000000000036, 8.007291115033812190 ) ) ;
#8256 = ORIENTED_EDGE ( 'NONE', *, *, #5084, .T. ) ;
#8257 = CARTESIAN_POINT ( 'NONE',  ( 1.746432192494642432, 2.415000000000000036, 7.899395060816257974 ) ) ;
#8258 = CYLINDRICAL_SURFACE ( 'NONE', #1336, 0.1499999999999999667 ) ;
#8259 = ADVANCED_FACE ( 'NONE', ( #4597 ), #8731, .T. ) ;
#8260 = CYLINDRICAL_SURFACE ( 'NONE', #2816, 0.1499999999999999667 ) ;
#8261 = SURFACE_STYLE_USAGE ( .BOTH. , #8410 ) ;
#8262 = SURFACE_SIDE_STYLE ('',( #8081 ) ) ;
#8263 = PRESENTATION_LAYER_ASSIGNMENT (  '', '', ( #4210 ) ) ;
#8264 = CARTESIAN_POINT ( 'NONE',  ( -0.1476534167570341671, 2.415000000000000036, 9.228481693922990559 ) ) ;
#8265 = CARTESIAN_POINT ( 'NONE',  ( -5.715000000000000746, 0.0000000000000000000, -3.500000000000000000 ) ) ;
#8266 = CARTESIAN_POINT ( 'NONE',  ( 1.772010613659438238, 2.415000000000000036, 7.352528958434865203 ) ) ;
#8267 = ORIENTED_EDGE ( 'NONE', *, *, #5702, .F. ) ;
#8268 = B_SPLINE_CURVE_WITH_KNOTS ( 'NONE', 3,
 ( #8466, #6631, #4563, #5991, #6677, #8742, #6717 ),
 .UNSPECIFIED., .F., .F.,
 ( 4, 1, 1, 1, 4 ),
 ( 0.0000000000000000000, 0.3543296262311223521, 0.6377063226531575202, 0.8535858916177159195, 1.000000000000000000 ),
 .UNSPECIFIED. ) ;
#8269 = CARTESIAN_POINT ( 'NONE',  ( -0.1644000744723438656, 2.415000000000000036, 7.340457910675548980 ) ) ;
#8270 = ORIENTED_EDGE ( 'NONE', *, *, #3122, .F. ) ;
#8271 = EDGE_CURVE ( 'NONE', #3646, #7701, #7732, .T. ) ;
#8272 = DIRECTION ( 'NONE',  ( 0.0000000000000000000, 1.000000000000000000, 0.0000000000000000000 ) ) ;
#8273 = SURFACE_SIDE_STYLE ('',( #8420 ) ) ;
#8274 = CARTESIAN_POINT ( 'NONE',  ( -5.310000000000000497, 0.0000000000000000000, -3.500000000000000000 ) ) ;
#8275 = CARTESIAN_POINT ( 'NONE',  ( 0.1937058338689587045, 2.415000000000000036, 9.753129447391424733 ) ) ;
#8276 =( NAMED_UNIT ( * ) SI_UNIT ( $, .STERADIAN. ) SOLID_ANGLE_UNIT ( ) );
#8277 = DIRECTION ( 'NONE',  ( -1.423070940095821945E-16, 0.0000000000000000000, -1.000000000000000000 ) ) ;
#8278 =( LENGTH_UNIT ( ) NAMED_UNIT ( * ) SI_UNIT ( .MILLI., .METRE. ) );
#8279 = LINE ( 'NONE', #783, #5269 ) ;
#8280 = ORIENTED_EDGE ( 'NONE', *, *, #7136, .F. ) ;
#8281 = CARTESIAN_POINT ( 'NONE',  ( -2.716311676373400985, 2.415000000000000036, 9.931407091192504311 ) ) ;
#8282 = DIRECTION ( 'NONE',  ( -0.0000000000000000000, -0.0000000000000000000, -1.000000000000000000 ) ) ;
#8283 = CARTESIAN_POINT ( 'NONE',  ( -0.4176398446568249101, 2.415000000000000036, 2.043062959546035895 ) ) ;
#8284 = B_SPLINE_CURVE_WITH_KNOTS ( 'NONE', 3,
 ( #3190, #4631, #3919, #6660, #5793, #1895, #4449, #494, #1227, #3956, #3040, #8580, #2375, #6514, #5112, #7883, #1721, #355, #3085 ),
 .UNSPECIFIED., .F., .F.,
 ( 4, 1, 1, 1, 1, 1, 1, 1, 1, 1, 1, 1, 1, 1, 1, 1, 4 ),
 ( 0.0000000000000000000, 0.06934172355873731430, 0.1361332322733941891, 0.2005351372797525011, 0.2627674110090041926, 0.3233889644835630239, 0.3829533914962663932, 0.4409370765864565889, 0.4987479499688764473, 0.5562779323889798233, 0.6147281023863707672, 0.6737138040773775760, 0.7347920972719116373, 0.7975757056767688313, 0.8622900341419453829, 0.9296780765380553424, 0.9999999999999998890 ),
 .UNSPECIFIED. ) ;
#8285 = CARTESIAN_POINT ( 'NONE',  ( 0.9829173087346233517, 2.415000000000000036, 8.154500311550092917 ) ) ;
#8286 = CARTESIAN_POINT ( 'NONE',  ( -0.3120198831708160259, 2.415000000000000036, 7.315766468172474113 ) ) ;
#8287 = CARTESIAN_POINT ( 'NONE',  ( -0.002965951764731541637, 2.415000000000000036, 7.218554274100873691 ) ) ;
#8288 = DIRECTION ( 'NONE',  ( -1.000000000000000000, 0.0000000000000000000, 0.0000000000000000000 ) ) ;
#8289 = ORIENTED_EDGE ( 'NONE', *, *, #809, .F. ) ;
#8290 = CARTESIAN_POINT ( 'NONE',  ( 2.059529473246874520, 2.415000000000000036, 5.902559926420166470 ) ) ;
#8291 = VECTOR ( 'NONE', #3270, 1000.000000000000114 ) ;
#8292 = CARTESIAN_POINT ( 'NONE',  ( -2.731867965644036111, -2.260000000000000231, 1.015999999999999348 ) ) ;
#8293 =( LENGTH_UNIT ( ) NAMED_UNIT ( * ) SI_UNIT ( .MILLI., .METRE. ) );
#8294 = CARTESIAN_POINT ( 'NONE',  ( -2.369156424189022836, 2.415000000000000036, 7.649915695650935099 ) ) ;
#8295 = CARTESIAN_POINT ( 'NONE',  ( -0.1236993180057355535, 2.415000000000000036, 9.384752263364184444 ) ) ;
#8296 = FILL_AREA_STYLE ('',( #4753 ) ) ;
#8297 =( GEOMETRIC_REPRESENTATION_CONTEXT ( 3 ) GLOBAL_UNCERTAINTY_ASSIGNED_CONTEXT ( ( #8207 ) ) GLOBAL_UNIT_ASSIGNED_CONTEXT ( ( #2266, #6949, #4291 ) ) REPRESENTATION_CONTEXT ( 'NONE', 'WORKASPACE' ) );
#8298 = DIRECTION ( 'NONE',  ( 0.0000000000000000000, 0.0000000000000000000, -1.000000000000000000 ) ) ;
#8299 = VERTEX_POINT ( 'NONE', #7330 ) ;
#8300 = EDGE_CURVE ( 'NONE', #6535, #7602, #1790, .T. ) ;
#8301 = CARTESIAN_POINT ( 'NONE',  ( -2.093138955147682889, 2.415000000000000036, 7.966670922247297781 ) ) ;
#8302 = EDGE_LOOP ( 'NONE', ( #6611, #3804, #8627, #4713 ) ) ;
#8303 = B_SPLINE_CURVE_WITH_KNOTS ( 'NONE', 3,
 ( #6430, #5797, #7887, #1727, #5071, #7841, #1677, #4403, #7143, #7186, #1056 ),
 .UNSPECIFIED., .F., .F.,
 ( 4, 1, 1, 1, 1, 1, 1, 1, 4 ),
 ( 0.0000000000000000000, 0.1276293378985391136, 0.2513397524349343382, 0.3722486806805272441, 0.4942806398647811017, 0.6161804964311803356, 0.7397910201498241189, 0.8673361698215873439, 1.000000000000000000 ),
 .UNSPECIFIED. ) ;
#8304 = PRESENTATION_LAYER_ASSIGNMENT (  '', '', ( #7702 ) ) ;
#8305 = DIRECTION ( 'NONE',  ( -1.000000000000000000, -5.782411586589358033E-15, 0.0000000000000000000 ) ) ;
#8306 = DIRECTION ( 'NONE',  ( 0.0000000000000000000, 0.0000000000000000000, 1.000000000000000000 ) ) ;
#8307 = DIRECTION ( 'NONE',  ( 1.000000000000000000, 0.0000000000000000000, 0.0000000000000000000 ) ) ;
#8308 = DIRECTION ( 'NONE',  ( 0.0000000000000000000, -1.000000000000000000, -0.0000000000000000000 ) ) ;
#8309 = PRESENTATION_LAYER_ASSIGNMENT (  '', '', ( #971 ) ) ;
#8310 = CARTESIAN_POINT ( 'NONE',  ( 1.683944152149213114, 2.415000000000000036, 7.431303033560704208 ) ) ;
#8311 = STYLED_ITEM ( 'NONE', ( #1583 ), #4346 ) ;
#8312 = CARTESIAN_POINT ( 'NONE',  ( 0.0000000000000000000, 2.415000000000000036, 0.0000000000000000000 ) ) ;
#8313 = ORIENTED_EDGE ( 'NONE', *, *, #7993, .T. ) ;
#8314 = EDGE_CURVE ( 'NONE', #2808, #3592, #3375, .T. ) ;
#8315 = FILL_AREA_STYLE_COLOUR ( '', #3917 ) ;
#8316 = CARTESIAN_POINT ( 'NONE',  ( 1.905000000000000027, 0.0000000000000000000, -3.500000000000000000 ) ) ;
#8317 = AXIS2_PLACEMENT_3D ( 'NONE', #3059, #5810, #3790 ) ;
#8318 = CARTESIAN_POINT ( 'NONE',  ( -0.9561516458675142216, 2.415000000000000036, 2.375771705909751841 ) ) ;
#8319 = CARTESIAN_POINT ( 'NONE',  ( -2.500604961908217128, 2.415000000000000036, 9.983754030860751527 ) ) ;
#8320 = COLOUR_RGB ( '',0.2509803921568627416, 0.2509803921568627416, 0.2509803921568627416 ) ;
#8321 = EDGE_CURVE ( 'NONE', #2459, #4191, #7639, .T. ) ;
#8322 = CARTESIAN_POINT ( 'NONE',  ( 0.8160098810454646800, 2.415000000000000036, 5.805545206036761385 ) ) ;
#8323 = ADVANCED_FACE ( 'NONE', ( #2690 ), #4791, .T. ) ;
#8324 = CARTESIAN_POINT ( 'NONE',  ( 0.1171910149539852342, 2.415000000000000036, 7.984860730829181463 ) ) ;
#8325 = VERTEX_POINT ( 'NONE', #7539 ) ;
#8326 = FACE_OUTER_BOUND ( 'NONE', #1393, .T. ) ;
#8327 = ORIENTED_EDGE ( 'NONE', *, *, #3137, .F. ) ;
#8328 = MECHANICAL_DESIGN_GEOMETRIC_PRESENTATION_REPRESENTATION (  '', ( #5295 ), #2580 ) ;
#8329 = COLOUR_RGB ( '',0.8274509803921568096, 0.8392156862745098200, 0.8274509803921568096 ) ;
#8330 = CARTESIAN_POINT ( 'NONE',  ( 4.826000000000001400, -2.410000000000000142, 1.016000000000000902 ) ) ;
#8331 = CARTESIAN_POINT ( 'NONE',  ( -2.407894527208080060, 2.415000000000000036, 9.254729963805321091 ) ) ;
#8332 = CARTESIAN_POINT ( 'NONE',  ( 7.365000000000001990, 2.265000000000000124, 9.865126265847081299 ) ) ;
#8333 = CARTESIAN_POINT ( 'NONE',  ( -0.4923380494743430646, 2.415000000000000036, 2.016199081530442250 ) ) ;
#8334 = SPHERICAL_SURFACE ( 'NONE', #2433, 0.1499999999999999944 ) ;
#8335 = CARTESIAN_POINT ( 'NONE',  ( 0.9937204621425590467, 2.415000000000000036, 7.974505157231757124 ) ) ;
#8336 = AXIS2_PLACEMENT_3D ( 'NONE', #6165, #5473, #2814 ) ;
#8337 = COLOUR_RGB ( '',0.2509803921568627416, 0.2509803921568627416, 0.2509803921568627416 ) ;
#8338 = CARTESIAN_POINT ( 'NONE',  ( 0.2002363045200426794, 2.415000000000000036, 7.501715350121125780 ) ) ;
#8339 = DIRECTION ( 'NONE',  ( 0.0000000000000000000, 1.000000000000000000, 0.0000000000000000000 ) ) ;
#8340 = ADVANCED_FACE ( 'NONE', ( #141 ), #2851, .F. ) ;
#8341 = VERTEX_POINT ( 'NONE', #7880 ) ;
#8342 = CARTESIAN_POINT ( 'NONE',  ( -1.191401561886533234, 2.415000000000000036, 5.236791193209104911 ) ) ;
#8343 =( GEOMETRIC_REPRESENTATION_CONTEXT ( 3 ) GLOBAL_UNCERTAINTY_ASSIGNED_CONTEXT ( ( #5208 ) ) GLOBAL_UNIT_ASSIGNED_CONTEXT ( ( #2917, #5624, #5530 ) ) REPRESENTATION_CONTEXT ( 'NONE', 'WORKASPACE' ) );
#8344 = CARTESIAN_POINT ( 'NONE',  ( -3.730810741460918400, 2.415000000000000036, 9.892587603057496182 ) ) ;
#8345 = VECTOR ( 'NONE', #3883, 1000.000000000000114 ) ;
#8346 = CARTESIAN_POINT ( 'NONE',  ( -0.6155114073356688920, 2.415000000000000036, 8.090679984601747421 ) ) ;
#8347 = DIRECTION ( 'NONE',  ( 1.000000000000000000, 0.0000000000000000000, 0.0000000000000000000 ) ) ;
#8348 = DIRECTION ( 'NONE',  ( 0.0000000000000000000, 1.000000000000000000, 0.0000000000000000000 ) ) ;
#8349 = VERTEX_POINT ( 'NONE', #1584 ) ;
#8350 =( GEOMETRIC_REPRESENTATION_CONTEXT ( 3 ) GLOBAL_UNCERTAINTY_ASSIGNED_CONTEXT ( ( #1091 ) ) GLOBAL_UNIT_ASSIGNED_CONTEXT ( ( #5766, #5083, #2347 ) ) REPRESENTATION_CONTEXT ( 'NONE', 'WORKASPACE' ) );
#8351 = STYLED_ITEM ( 'NONE', ( #4185 ), #8035 ) ;
#8352 = EDGE_LOOP ( 'NONE', ( #4898, #6966, #2237 ) ) ;
#8353 = B_SPLINE_CURVE_WITH_KNOTS ( 'NONE', 3,
 ( #5316, #1296, #8097, #8053, #521, #1881, #6682, #8794, #2593, #7520, #4024 ),
 .UNSPECIFIED., .F., .F.,
 ( 4, 1, 1, 1, 1, 1, 1, 1, 4 ),
 ( 0.0000000000000000000, 0.1595460842707188687, 0.3049235823419383373, 0.4369891217278796813, 0.5565241752787309926, 0.6690167626868235295, 0.7794260858984622953, 0.8898017817491070680, 1.000000000000000000 ),
 .UNSPECIFIED. ) ;
#8354 = ORIENTED_EDGE ( 'NONE', *, *, #3437, .T. ) ;
#8355 =( NAMED_UNIT ( * ) SI_UNIT ( $, .STERADIAN. ) SOLID_ANGLE_UNIT ( ) );
#8356 = CARTESIAN_POINT ( 'NONE',  ( 1.753900649565625747, 2.415000000000000036, 7.920432300984617591 ) ) ;
#8357 = DIRECTION ( 'NONE',  ( 1.423070940095821945E-16, -0.0000000000000000000, 1.000000000000000000 ) ) ;
#8358 = CARTESIAN_POINT ( 'NONE',  ( 1.719979445042666866, 2.415000000000000036, 5.593957817079930450 ) ) ;
#8359 = CARTESIAN_POINT ( 'NONE',  ( 0.9505551142725150449, 2.415000000000000036, 9.241021464881704617 ) ) ;
#8360 = DIRECTION ( 'NONE',  ( -1.000000000000000000, 1.224646799147352714E-16, 0.0000000000000000000 ) ) ;
#8361 = STYLED_ITEM ( 'NONE', ( #6059 ), #6098 ) ;
#8362 = ORIENTED_EDGE ( 'NONE', *, *, #1170, .F. ) ;
#8363 = SURFACE_SIDE_STYLE ('',( #4848 ) ) ;
#8364 = ORIENTED_EDGE ( 'NONE', *, *, #3391, .F. ) ;
#8365 = CARTESIAN_POINT ( 'NONE',  ( -2.050925269881274104, 2.415000000000000036, 7.387937428669014039 ) ) ;
#8366 = CARTESIAN_POINT ( 'NONE',  ( 1.798933982822018995, 2.265000000000000124, -1.798933982822018107 ) ) ;
#8367 = SURFACE_STYLE_USAGE ( .BOTH. , #5620 ) ;
#8368 = CARTESIAN_POINT ( 'NONE',  ( -0.006241093696755309339, 2.415000000000000036, 9.957917096748399644 ) ) ;
#8369 = B_SPLINE_CURVE_WITH_KNOTS ( 'NONE', 3,
 ( #5778, #438, #5144, #256, #1702, #1661, #3799, #5197, #3897, #8709, #8524 ),
 .UNSPECIFIED., .F., .F.,
 ( 4, 1, 1, 1, 1, 1, 1, 1, 4 ),
 ( 0.0000000000000000000, 0.1411359603954995545, 0.2743846904516011875, 0.4000130800704782552, 0.5190089995316440330, 0.6362113423581367000, 0.7543948833162587020, 0.8752686398511599908, 1.000000000000000000 ),
 .UNSPECIFIED. ) ;
#8370 = CARTESIAN_POINT ( 'NONE',  ( 3.192173707500280511, 2.415000000000000036, 9.443162003206081678 ) ) ;
#8371 = CARTESIAN_POINT ( 'NONE',  ( -2.062007703445042139, 2.415000000000000036, 9.443335908095651376 ) ) ;
#8372 = EDGE_CURVE ( 'NONE', #1682, #2199, #6378, .T. ) ;
#8373 = CARTESIAN_POINT ( 'NONE',  ( -0.03606275407311891612, 2.415000000000000036, 8.116717258941390511 ) ) ;
#8374 = AXIS2_PLACEMENT_3D ( 'NONE', #8330, #4112, #8378 ) ;
#8375 = PRESENTATION_STYLE_ASSIGNMENT (( #6266 ) ) ;
#8376 = VERTEX_POINT ( 'NONE', #7784 ) ;
#8377 = EDGE_CURVE ( 'NONE', #1291, #353, #4844, .T. ) ;
#8378 = DIRECTION ( 'NONE',  ( -1.000000000000000000, 0.0000000000000000000, -0.0000000000000000000 ) ) ;
#8379 = SURFACE_STYLE_FILL_AREA ( #6271 ) ;
#8380 = DIRECTION ( 'NONE',  ( 0.0000000000000000000, 0.0000000000000000000, 1.000000000000000000 ) ) ;
#8381 =( LENGTH_UNIT ( ) NAMED_UNIT ( * ) SI_UNIT ( .MILLI., .METRE. ) );
#8382 = CARTESIAN_POINT ( 'NONE',  ( 1.885658947254444939, 2.415000000000000036, 9.852663139364379319 ) ) ;
#8383 = AXIS2_PLACEMENT_3D ( 'NONE', #6075, #8783, #6248 ) ;
#8384 = AXIS2_PLACEMENT_3D ( 'NONE', #7302, #1214, #3941 ) ;
#8385 = CARTESIAN_POINT ( 'NONE',  ( 0.8093043477610162295, 2.415000000000000036, 8.080703932182533578 ) ) ;
#8386 = LINE ( 'NONE', #4155, #7657 ) ;
#8387 = EDGE_CURVE ( 'NONE', #4408, #8047, #8624, .T. ) ;
#8388 = FACE_OUTER_BOUND ( 'NONE', #3213, .T. ) ;
#8389 = CARTESIAN_POINT ( 'NONE',  ( -2.252139038411557159, 2.415000000000000036, 7.498029578066581990 ) ) ;
#8390 = VECTOR ( 'NONE', #6405, 1000.000000000000227 ) ;
#8391 = CARTESIAN_POINT ( 'NONE',  ( 1.960860310958427943, 2.415000000000000036, 5.515739190683367710 ) ) ;
#8392 = ORIENTED_EDGE ( 'NONE', *, *, #8321, .F. ) ;
#8393 = CIRCLE ( 'NONE', #3616, 0.1500000000000008271 ) ;
#8394 = FACE_OUTER_BOUND ( 'NONE', #4088, .T. ) ;
#8395 = EDGE_CURVE ( 'NONE', #2421, #8896, #2896, .T. ) ;
#8396 = CARTESIAN_POINT ( 'NONE',  ( 1.295228802145132363, 2.415000000000000036, 9.233069707756778044 ) ) ;
#8397 = SURFACE_SIDE_STYLE ('',( #6330 ) ) ;
#8398 = CARTESIAN_POINT ( 'NONE',  ( -2.467283514988508397, 2.415000000000000036, 7.481504321874615115 ) ) ;
#8399 = CARTESIAN_POINT ( 'NONE',  ( -1.464308667778766448, 2.415000000000000036, 6.060412490522730344 ) ) ;
#8400 = PRESENTATION_LAYER_ASSIGNMENT (  '', '', ( #1057 ) ) ;
#8401 = AXIS2_PLACEMENT_3D ( 'NONE', #3367, #3166, #2402 ) ;
#8402 = FILL_AREA_STYLE ('',( #5600 ) ) ;
#8403 = ORIENTED_EDGE ( 'NONE', *, *, #600, .F. ) ;
#8404 = VERTEX_POINT ( 'NONE', #5789 ) ;
#8405 = ORIENTED_EDGE ( 'NONE', *, *, #3562, .F. ) ;
#8406 = AXIS2_PLACEMENT_3D ( 'NONE', #6044, #610, #8835 ) ;
#8407 = FILL_AREA_STYLE_COLOUR ( '', #707 ) ;
#8408 = CARTESIAN_POINT ( 'NONE',  ( 1.745769604601158598, 2.415000000000000036, 7.884422458849304149 ) ) ;
#8409 = CARTESIAN_POINT ( 'NONE',  ( -0.1678343088044077225, 2.415000000000000036, 9.830765054625294042 ) ) ;
#8410 = SURFACE_SIDE_STYLE ('',( #724 ) ) ;
#8411 = SURFACE_STYLE_USAGE ( .BOTH. , #7509 ) ;
#8412 = SURFACE_SIDE_STYLE ('',( #5612 ) ) ;
#8413 = UNCERTAINTY_MEASURE_WITH_UNIT (LENGTH_MEASURE( 1.000000000000000082E-05 ), #7967, 'distance_accuracy_value', 'NONE');
#8414 = LINE ( 'NONE', #8454, #7724 ) ;
#8415 = VERTEX_POINT ( 'NONE', #223 ) ;
#8416 = CARTESIAN_POINT ( 'NONE',  ( 5.102258300203053487, -2.260000000000000231, 12.18999999999999950 ) ) ;
#8417 = VERTEX_POINT ( 'NONE', #5065 ) ;
#8418 = ORIENTED_EDGE ( 'NONE', *, *, #8608, .T. ) ;
#8419 = PRESENTATION_LAYER_ASSIGNMENT (  '', '', ( #481 ) ) ;
#8420 = SURFACE_STYLE_FILL_AREA ( #1462 ) ;
#8421 =( NAMED_UNIT ( * ) SI_UNIT ( $, .STERADIAN. ) SOLID_ANGLE_UNIT ( ) );
#8422 = CARTESIAN_POINT ( 'NONE',  ( -2.767393603676203462, 2.415000000000000036, 9.889458964881704617 ) ) ;
#8423 = SURFACE_STYLE_FILL_AREA ( #6353 ) ;
#8424 = DIRECTION ( 'NONE',  ( 0.0000000000000000000, -1.000000000000000000, -0.0000000000000000000 ) ) ;
#8425 = CARTESIAN_POINT ( 'NONE',  ( -2.392567341745226894, 2.415000000000000036, 9.504284853795789800 ) ) ;
#8426 = STYLED_ITEM ( 'NONE', ( #3898 ), #3012 ) ;
#8427 = CARTESIAN_POINT ( 'NONE',  ( -3.317170884778191553, 2.415000000000000036, 9.689313254087229765 ) ) ;
#8428 = EDGE_LOOP ( 'NONE', ( #5892, #3589, #7847, #1875 ) ) ;
#8429 = CARTESIAN_POINT ( 'NONE',  ( 5.715000000000000746, 0.0000000000000000000, -3.299999999999999822 ) ) ;
#8430 = CARTESIAN_POINT ( 'NONE',  ( 1.861361905901606217, 2.415000000000000036, 9.749903105415388183 ) ) ;
#8431 = CARTESIAN_POINT ( 'NONE',  ( 2.335170498887899626, 2.415000000000000036, 9.241021464881704617 ) ) ;
#8432 = FILL_AREA_STYLE_COLOUR ( '', #4646 ) ;
#8433 = CARTESIAN_POINT ( 'NONE',  ( 2.310000000000000053, 0.0000000000000000000, 1.016000000000000236 ) ) ;
#8434 = CARTESIAN_POINT ( 'NONE',  ( -2.652008988291587599, 2.415000000000000036, 8.161534285394525412 ) ) ;
#8435 = FACE_OUTER_BOUND ( 'NONE', #945, .T. ) ;
#8436 = ORIENTED_EDGE ( 'NONE', *, *, #947, .F. ) ;
#8437 = CARTESIAN_POINT ( 'NONE',  ( -2.240350334445432523, 2.415000000000000036, 7.765300311035550962 ) ) ;
#8438 = EDGE_CURVE ( 'NONE', #4497, #4600, #1901, .T. ) ;
#8439 = CARTESIAN_POINT ( 'NONE',  ( 1.668391615427403440, 2.415000000000000036, 9.790121612602002088 ) ) ;
#8440 = LINE ( 'NONE', #6283, #2082 ) ;
#8441 = SURFACE_SIDE_STYLE ('',( #2801 ) ) ;
#8442 = SURFACE_STYLE_FILL_AREA ( #7089 ) ;
#8443 = CARTESIAN_POINT ( 'NONE',  ( -2.062265398547999062, 2.415000000000000036, 9.451157682830421791 ) ) ;
#8444 = ORIENTED_EDGE ( 'NONE', *, *, #7513, .T. ) ;
#8445 = EDGE_CURVE ( 'NONE', #3829, #5013, #2937, .T. ) ;
#8446 = CARTESIAN_POINT ( 'NONE',  ( 5.798500565891793634, 2.415000000000000036, 2.402759305157775582 ) ) ;
#8447 = ORIENTED_EDGE ( 'NONE', *, *, #3396, .F. ) ;
#8448 = EDGE_LOOP ( 'NONE', ( #2681, #285, #7503, #4020 ) ) ;
#8449 = CARTESIAN_POINT ( 'NONE',  ( 1.985532721736995576, 2.415000000000000036, 6.079540221138290512 ) ) ;
#8450 = SURFACE_STYLE_FILL_AREA ( #913 ) ;
#8451 = DIRECTION ( 'NONE',  ( 0.0000000000000000000, 0.0000000000000000000, 1.000000000000000000 ) ) ;
#8452 = PRESENTATION_LAYER_ASSIGNMENT (  '', '', ( #3380 ) ) ;
#8453 = CARTESIAN_POINT ( 'NONE',  ( -0.4725137518829310435, 2.415000000000000036, 5.266940418094741894 ) ) ;
#8454 = CARTESIAN_POINT ( 'NONE',  ( 7.365000000000000213, -2.260000000000000231, 1.016000000000000902 ) ) ;
#8455 = VERTEX_POINT ( 'NONE', #310 ) ;
#8456 = EDGE_LOOP ( 'NONE', ( #7515, #2899, #4592, #765 ) ) ;
#8457 =( GEOMETRIC_REPRESENTATION_CONTEXT ( 3 ) GLOBAL_UNCERTAINTY_ASSIGNED_CONTEXT ( ( #1817 ) ) GLOBAL_UNIT_ASSIGNED_CONTEXT ( ( #7284, #6021, #4636 ) ) REPRESENTATION_CONTEXT ( 'NONE', 'WORKASPACE' ) );
#8458 = ORIENTED_EDGE ( 'NONE', *, *, #7573, .F. ) ;
#8459 = DIRECTION ( 'NONE',  ( 0.0000000000000000000, 0.0000000000000000000, 1.000000000000000000 ) ) ;
#8460 = FILL_AREA_STYLE_COLOUR ( '', #6335 ) ;
#8461 = CARTESIAN_POINT ( 'NONE',  ( 1.169904690004174519, 2.415000000000000036, 5.902401106088927207 ) ) ;
#8462 = LINE ( 'NONE', #8422, #3195 ) ;
#8463 = CARTESIAN_POINT ( 'NONE',  ( -2.034858247719991464, 2.415000000000000036, 9.344072269062527525 ) ) ;
#8464 = PRESENTATION_STYLE_ASSIGNMENT (( #2346 ) ) ;
#8465 = PRESENTATION_STYLE_ASSIGNMENT (( #5676 ) ) ;
#8466 = CARTESIAN_POINT ( 'NONE',  ( -0.5019802033389765272, 2.415000000000000036, 2.399153535927007752 ) ) ;
#8467 = VERTEX_POINT ( 'NONE', #3037 ) ;
#8468 = MECHANICAL_DESIGN_GEOMETRIC_PRESENTATION_REPRESENTATION (  '', ( #1126 ), #4561 ) ;
#8469 = CARTESIAN_POINT ( 'NONE',  ( -4.825999999999999623, -2.410000000000000142, 1.165999999999999259 ) ) ;
#8470 = PRESENTATION_STYLE_ASSIGNMENT (( #3575 ) ) ;
#8471 = STYLED_ITEM ( 'NONE', ( #1841 ), #6423 ) ;
#8472 = SURFACE_STYLE_FILL_AREA ( #885 ) ;
#8473 = FACE_OUTER_BOUND ( 'NONE', #7990, .T. ) ;
#8474 = CARTESIAN_POINT ( 'NONE',  ( 5.040126265847093556, -2.260000000000000231, 12.18999999999999950 ) ) ;
#8475 =( NAMED_UNIT ( * ) PLANE_ANGLE_UNIT ( ) SI_UNIT ( $, .RADIAN. ) );
#8476 = CARTESIAN_POINT ( 'NONE',  ( 0.9505551142725150449, 2.415000000000000036, 10.26666249052273017 ) ) ;
#8477 = AXIS2_PLACEMENT_3D ( 'NONE', #8312, #6762, #6937 ) ;
#8478 = CYLINDRICAL_SURFACE ( 'NONE', #6132, 0.1499999999999999667 ) ;
#8479 = CARTESIAN_POINT ( 'NONE',  ( 1.322349986067387073, 2.415000000000000036, 8.161534285394525412 ) ) ;
#8480 = CARTESIAN_POINT ( 'NONE',  ( 1.790741047524741614, 2.415000000000000036, 5.394094565735001012 ) ) ;
#8481 = ORIENTED_EDGE ( 'NONE', *, *, #1562, .T. ) ;
#8482 = CARTESIAN_POINT ( 'NONE',  ( 1.238041743123673433, 2.415000000000000036, 9.249312417980346979 ) ) ;
#8483 = CARTESIAN_POINT ( 'NONE',  ( -3.771476486774174131, 2.415000000000000036, 9.805047272111862000 ) ) ;
#8484 = DIRECTION ( 'NONE',  ( 0.0000000000000000000, 0.0000000000000000000, 1.000000000000000000 ) ) ;
#8485 = CIRCLE ( 'NONE', #8630, 0.2999999999999999334 ) ;
#8486 = MECHANICAL_DESIGN_GEOMETRIC_PRESENTATION_REPRESENTATION (  '', ( #6001 ), #1418 ) ;
#8487 =( NAMED_UNIT ( * ) SI_UNIT ( $, .STERADIAN. ) SOLID_ANGLE_UNIT ( ) );
#8488 = CARTESIAN_POINT ( 'NONE',  ( 1.847907131758824928, 2.415000000000000036, 5.283966380841238042 ) ) ;
#8489 = EDGE_CURVE ( 'NONE', #7445, #854, #7008, .T. ) ;
#8490 = ORIENTED_EDGE ( 'NONE', *, *, #6606, .T. ) ;
#8491 = UNCERTAINTY_MEASURE_WITH_UNIT (LENGTH_MEASURE( 1.000000000000000082E-05 ), #4374, 'distance_accuracy_value', 'NONE');
#8492 = CARTESIAN_POINT ( 'NONE',  ( -0.01918407859026001472, 2.415000000000000036, 2.530553558494094357 ) ) ;
#8493 = VERTEX_POINT ( 'NONE', #8443 ) ;
#8494 =( GEOMETRIC_REPRESENTATION_CONTEXT ( 3 ) GLOBAL_UNCERTAINTY_ASSIGNED_CONTEXT ( ( #2940 ) ) GLOBAL_UNIT_ASSIGNED_CONTEXT ( ( #449, #1088, #3184 ) ) REPRESENTATION_CONTEXT ( 'NONE', 'WORKASPACE' ) );
#8495 = ORIENTED_EDGE ( 'NONE', *, *, #61, .T. ) ;
#8496 = TOROIDAL_SURFACE ( 'NONE', #3572, 0.2999999999999999889, 0.1499999999999999944 ) ;
#8497 = CARTESIAN_POINT ( 'NONE',  ( 1.825516824725115894, 2.415000000000000036, 8.154696693114813044 ) ) ;
#8498 = EDGE_CURVE ( 'NONE', #4827, #4976, #5089, .T. ) ;
#8499 = DIRECTION ( 'NONE',  ( 0.0000000000000000000, -0.0000000000000000000, 1.000000000000000000 ) ) ;
#8500 = CARTESIAN_POINT ( 'NONE',  ( 0.0000000000000000000, 2.415000000000000036, 0.0000000000000000000 ) ) ;
#8501 = MECHANICAL_DESIGN_GEOMETRIC_PRESENTATION_REPRESENTATION (  '', ( #5576 ), #6014 ) ;
#8502 = AXIS2_PLACEMENT_3D ( 'NONE', #3912, #7976, #4540 ) ;
#8503 = EDGE_CURVE ( 'NONE', #2131, #4191, #6150, .T. ) ;
#8504 = CARTESIAN_POINT ( 'NONE',  ( -2.616603018887991183, 2.415000000000000036, 9.398085488561129353 ) ) ;
#8505 = VERTEX_POINT ( 'NONE', #7319 ) ;
#8506 = CARTESIAN_POINT ( 'NONE',  ( -0.2750869412547717885, 2.415000000000000036, 7.315605035056481853 ) ) ;
#8507 = VERTEX_POINT ( 'NONE', #2713 ) ;
#8508 = EDGE_LOOP ( 'NONE', ( #7007, #8588, #8753, #3701 ) ) ;
#8509 = COLOUR_RGB ( '',0.7921568627450980005, 0.8196078431372548767, 0.9333333333333333481 ) ;
#8510 = B_SPLINE_CURVE_WITH_KNOTS ( 'NONE', 3,
 ( #5463, #4756, #7601, #2770, #7502, #4129, #1948, #8301, #2026, #3413, #6204 ),
 .UNSPECIFIED., .F., .F.,
 ( 4, 1, 1, 1, 1, 1, 1, 1, 4 ),
 ( 0.0000000000000000000, 0.1480197144455029090, 0.2857871791848550780, 0.4156045868432123869, 0.5462560967244440846, 0.6703696521636797190, 0.7845558144356707952, 0.8933423479912079301, 1.000000000000000000 ),
 .UNSPECIFIED. ) ;
#8511 = SURFACE_STYLE_FILL_AREA ( #7063 ) ;
#8512 = CARTESIAN_POINT ( 'NONE',  ( -2.361377740789404989, 2.415000000000000036, 7.657764155849307919 ) ) ;
#8513 = CARTESIAN_POINT ( 'NONE',  ( -3.581996227098020125, 2.415000000000000036, 9.750655203372277313 ) ) ;
#8514 = LINE ( 'NONE', #6351, #4903 ) ;
#8515 = CARTESIAN_POINT ( 'NONE',  ( -0.2694707145112449909, 2.415000000000000036, 2.101600235184432286 ) ) ;
#8516 = EDGE_CURVE ( 'NONE', #5517, #4412, #1382, .T. ) ;
#8517 = LINE ( 'NONE', #1648, #4114 ) ;
#8518 = ORIENTED_EDGE ( 'NONE', *, *, #1883, .T. ) ;
#8519 = CARTESIAN_POINT ( 'NONE',  ( -1.934188579988702861, 2.415000000000000036, 9.747088601391491025 ) ) ;
#8520 = ORIENTED_EDGE ( 'NONE', *, *, #8107, .F. ) ;
#8521 = FACE_OUTER_BOUND ( 'NONE', #8448, .T. ) ;
#8522 = CARTESIAN_POINT ( 'NONE',  ( -7.214999999999999858, 2.415000000000000036, 1.026745683279135589E-15 ) ) ;
#8523 = CARTESIAN_POINT ( 'NONE',  ( 1.261359580493664811, 2.415000000000000036, 9.810022920384680489 ) ) ;
#8524 = CARTESIAN_POINT ( 'NONE',  ( -2.541031424189024612, 2.415000000000000036, 9.228200952061191842 ) ) ;
#8525 = SURFACE_STYLE_FILL_AREA ( #2976 ) ;
#8526 = B_SPLINE_CURVE_WITH_KNOTS ( 'NONE', 3,
 ( #2180, #5589, #6322, #6364, #2882, #4381, #5053, #7820, #1659, #7118, #1619 ),
 .UNSPECIFIED., .F., .F.,
 ( 4, 1, 1, 1, 1, 1, 1, 1, 4 ),
 ( 0.0000000000000000000, 0.1233078016665032500, 0.2428618673804691930, 0.3594293927757677420, 0.4747833346277177125, 0.5943761998015063552, 0.7201703648697734828, 0.8550989510831151774, 1.000000000000000000 ),
 .UNSPECIFIED. ) ;
#8527 = VECTOR ( 'NONE', #6638, 1000.000000000000114 ) ;
#8528 = CARTESIAN_POINT ( 'NONE',  ( -2.042063624652993514, 2.415000000000000036, 9.868756117668480599 ) ) ;
#8529 = CARTESIAN_POINT ( 'NONE',  ( -0.3763679626505612164, 2.415000000000000036, 5.571229798215037832 ) ) ;
#8530 = VERTEX_POINT ( 'NONE', #405 ) ;
#8531 = VECTOR ( 'NONE', #4079, 1000.000000000000000 ) ;
#8532 = DIRECTION ( 'NONE',  ( -1.000000000000000000, 0.0000000000000000000, -5.354084802397552748E-16 ) ) ;
#8533 = LINE ( 'NONE', #5061, #1951 ) ;
#8534 = DIRECTION ( 'NONE',  ( 0.0000000000000000000, -0.0000000000000000000, 1.000000000000000000 ) ) ;
#8535 = DIRECTION ( 'NONE',  ( 0.0000000000000000000, 1.000000000000000000, 0.0000000000000000000 ) ) ;
#8536 = DIRECTION ( 'NONE',  ( 0.0000000000000000000, 0.0000000000000000000, -1.000000000000000000 ) ) ;
#8537 = ORIENTED_EDGE ( 'NONE', *, *, #2231, .F. ) ;
#8538 = AXIS2_PLACEMENT_3D ( 'NONE', #1326, #8305, #6295 ) ;
#8539 = ORIENTED_EDGE ( 'NONE', *, *, #6147, .T. ) ;
#8540 = CARTESIAN_POINT ( 'NONE',  ( 0.0000000000000000000, 2.415000000000000036, 0.0000000000000000000 ) ) ;
#8541 = AXIS2_PLACEMENT_3D ( 'NONE', #412, #8680, #8459 ) ;
#8542 = DIRECTION ( 'NONE',  ( -1.000000000000000000, 0.0000000000000000000, 0.0000000000000000000 ) ) ;
#8543 =( GEOMETRIC_REPRESENTATION_CONTEXT ( 3 ) GLOBAL_UNCERTAINTY_ASSIGNED_CONTEXT ( ( #4939 ) ) GLOBAL_UNIT_ASSIGNED_CONTEXT ( ( #3660, #4041, #7621 ) ) REPRESENTATION_CONTEXT ( 'NONE', 'WORKASPACE' ) );
#8544 =( NAMED_UNIT ( * ) SI_UNIT ( $, .STERADIAN. ) SOLID_ANGLE_UNIT ( ) );
#8545 = ORIENTED_EDGE ( 'NONE', *, *, #2115, .F. ) ;
#8546 = STYLED_ITEM ( 'NONE', ( #3010 ), #2586 ) ;
#8547 = ORIENTED_EDGE ( 'NONE', *, *, #2362, .T. ) ;
#8548 = VERTEX_POINT ( 'NONE', #4541 ) ;
#8549 = ADVANCED_FACE ( 'NONE', ( #5441 ), #1004, .T. ) ;
#8550 = CARTESIAN_POINT ( 'NONE',  ( 2.044997856815642834, 2.415000000000000036, 9.685615879262828187 ) ) ;
#8551 = CARTESIAN_POINT ( 'NONE',  ( 2.942303826421315716, 2.415000000000000036, 9.237468251491314675 ) ) ;
#8552 = CARTESIAN_POINT ( 'NONE',  ( -1.464308667778766448, 2.415000000000000036, 6.060412490522730344 ) ) ;
#8553 = PRESENTATION_STYLE_ASSIGNMENT (( #7902 ) ) ;
#8554 = B_SPLINE_CURVE_WITH_KNOTS ( 'NONE', 3,
 ( #811, #7508, #5430, #2069, #8216, #1368, #4093, #6835, #7550, #1408, #4133, #6881, #3461, #6209, #58, #2775, #5513, #1453, #4183, #6930, #767, #3504, #4747, #1229, #2017, #582, #4593 ),
 .UNSPECIFIED., .F., .F.,
 ( 4, 1, 1, 1, 1, 1, 1, 1, 1, 1, 1, 1, 1, 1, 1, 1, 1, 1, 1, 1, 1, 1, 1, 1, 4 ),
 ( 0.0000000000000000000, 0.04195614818244480099, 0.08383742196560199644, 0.1253296923047221567, 0.1668251143544681458, 0.2084872358830387740, 0.2506579074517221173, 0.2931106137178920990, 0.3364617967773780860, 0.3796156926256155639, 0.4216807937431277797, 0.4630151721501593598, 0.5037471900846046680, 0.5437175826883455798, 0.5834648677257253668, 0.6231528849398308978, 0.6628894753820012697, 0.7028107602688573596, 0.7428726595532471055, 0.7836391774548993050, 0.8248404590397314662, 0.8669179939579562122, 0.9100605240461490109, 0.9542098136770715833, 0.9999999999999998890 ),
 .UNSPECIFIED. ) ;
#8555 = ORIENTED_EDGE ( 'NONE', *, *, #5074, .F. ) ;
#8556 = EDGE_CURVE ( 'NONE', #3903, #1479, #6557, .T. ) ;
#8557 = CARTESIAN_POINT ( 'NONE',  ( -1.464308667778766448, 2.415000000000000036, 6.060412490522730344 ) ) ;
#8558 = ORIENTED_EDGE ( 'NONE', *, *, #1429, .T. ) ;
#8559 = CARTESIAN_POINT ( 'NONE',  ( -2.027468773653772871, 2.415000000000000036, 9.572061309023919051 ) ) ;
#8560 = FILL_AREA_STYLE_COLOUR ( '', #2227 ) ;
#8561 = B_SPLINE_CURVE_WITH_KNOTS ( 'NONE', 3,
 ( #5263, #8693, #6624, #2491, #5223, #5944, #3882, #4717, #4643, #8165, #8737, #1867, #5344, #5384, #7994, #554, #7372, #7416, #1823 ),
 .UNSPECIFIED., .F., .F.,
 ( 4, 1, 1, 1, 1, 1, 1, 1, 1, 1, 1, 1, 1, 1, 1, 1, 4 ),
 ( 0.0000000000000000000, 0.06872348786101639684, 0.1354188358711395090, 0.1995406242277406039, 0.2623684170497290191, 0.3241205809066304289, 0.3853926429119841623, 0.4476182385189317325, 0.5104372173223820086, 0.5732150476769632963, 0.6338572951302027247, 0.6943990178795907964, 0.7536433224673815268, 0.8135999097127321056, 0.8735780424866789184, 0.9361320232447681855, 1.000000000000000000 ),
 .UNSPECIFIED. ) ;
#8562 = CARTESIAN_POINT ( 'NONE',  ( 1.431324345041745882, 2.415000000000000036, 5.082047105907345319 ) ) ;
#8563 = SURFACE_STYLE_USAGE ( .BOTH. , #5776 ) ;
#8564 =( NAMED_UNIT ( * ) SI_UNIT ( $, .STERADIAN. ) SOLID_ANGLE_UNIT ( ) );
#8565 = CARTESIAN_POINT ( 'NONE',  ( 7.215000000000001634, 2.265000000000000124, 9.865126265847077747 ) ) ;
#8566 =( GEOMETRIC_REPRESENTATION_CONTEXT ( 3 ) GLOBAL_UNCERTAINTY_ASSIGNED_CONTEXT ( ( #13 ) ) GLOBAL_UNIT_ASSIGNED_CONTEXT ( ( #4195, #781, #8916 ) ) REPRESENTATION_CONTEXT ( 'NONE', 'WORKASPACE' ) );
#8567 = SURFACE_STYLE_FILL_AREA ( #4297 ) ;
#8568 = CARTESIAN_POINT ( 'NONE',  ( -1.879552238231857686, 2.415000000000000036, 9.976917243794538592 ) ) ;
#8569 = ORIENTED_EDGE ( 'NONE', *, *, #4216, .T. ) ;
#8570 = CARTESIAN_POINT ( 'NONE',  ( -0.002836923350458218744, 2.415000000000000036, 9.755385384112047475 ) ) ;
#8571 = DIRECTION ( 'NONE',  ( -0.6691689641594599225, 0.0000000000000000000, 0.7431102861660277004 ) ) ;
#8572 = DIRECTION ( 'NONE',  ( 1.000000000000000000, 0.0000000000000000000, 0.0000000000000000000 ) ) ;
#8573 = SURFACE_STYLE_USAGE ( .BOTH. , #3720 ) ;
#8574 = LINE ( 'NONE', #401, #708 ) ;
#8575 = CARTESIAN_POINT ( 'NONE',  ( 1.778680114272515711, 2.415000000000000036, 5.628521464881704794 ) ) ;
#8576 = CARTESIAN_POINT ( 'NONE',  ( -1.515991360086458961, 2.415000000000000036, 5.792984605907345319 ) ) ;
#8577 = ORIENTED_EDGE ( 'NONE', *, *, #3885, .T. ) ;
#8578 = UNCERTAINTY_MEASURE_WITH_UNIT (LENGTH_MEASURE( 1.000000000000000082E-05 ), #6512, 'distance_accuracy_value', 'NONE');
#8579 = CARTESIAN_POINT ( 'NONE',  ( -0.5106977193212582922, 2.415000000000000036, 9.753674892040656630 ) ) ;
#8580 = CARTESIAN_POINT ( 'NONE',  ( -1.431504045958553517, 2.415000000000000036, 5.304024038578812217 ) ) ;
#8581 = ORIENTED_EDGE ( 'NONE', *, *, #4750, .F. ) ;
#8582 = CARTESIAN_POINT ( 'NONE',  ( 5.715000000000000746, 0.0000000000000000000, -3.299999999999999822 ) ) ;
#8583 = PRESENTATION_STYLE_ASSIGNMENT (( #1592 ) ) ;
#8584 = AXIS2_PLACEMENT_3D ( 'NONE', #6998, #3585, #2849 ) ;
#8585 =( LENGTH_UNIT ( ) NAMED_UNIT ( * ) SI_UNIT ( .MILLI., .METRE. ) );
#8586 = CARTESIAN_POINT ( 'NONE',  ( -1.225326295983894864, 2.415000000000000036, 5.056406080266320657 ) ) ;
#8587 = VERTEX_POINT ( 'NONE', #612 ) ;
#8588 = ORIENTED_EDGE ( 'NONE', *, *, #1274, .F. ) ;
#8589 = COLOUR_RGB ( '',0.2509803921568627416, 0.2509803921568627416, 0.2509803921568627416 ) ;
#8590 = CARTESIAN_POINT ( 'NONE',  ( -0.1401031038443624754, 2.415000000000000036, 9.984353767565410820 ) ) ;
#8591 = DIRECTION ( 'NONE',  ( 0.0000000000000000000, 1.000000000000000000, 0.0000000000000000000 ) ) ;
#8592 = SURFACE_SIDE_STYLE ('',( #429 ) ) ;
#8593 = LINE ( 'NONE', #6530, #250 ) ;
#8594 = FACE_BOUND ( 'NONE', #4026, .T. ) ;
#8595 = EDGE_CURVE ( 'NONE', #8212, #1666, #3287, .T. ) ;
#8596 = CARTESIAN_POINT ( 'NONE',  ( -0.09889839022121846290, 2.415000000000000036, 8.147521227058323490 ) ) ;
#8597 = ORIENTED_EDGE ( 'NONE', *, *, #6716, .F. ) ;
#8598 = PRESENTATION_LAYER_ASSIGNMENT (  '', '', ( #1394 ) ) ;
#8599 = CARTESIAN_POINT ( 'NONE',  ( -1.472311786946710166, 2.415000000000000036, 6.056924316536218100 ) ) ;
#8600 = ORIENTED_EDGE ( 'NONE', *, *, #1428, .F. ) ;
#8601 = CARTESIAN_POINT ( 'NONE',  ( 2.851344241022600645, 2.415000000000000036, 9.711722837520010643 ) ) ;
#8602 = SURFACE_STYLE_USAGE ( .BOTH. , #3748 ) ;
#8603 = LINE ( 'NONE', #4531, #4390 ) ;
#8604 = MECHANICAL_DESIGN_GEOMETRIC_PRESENTATION_REPRESENTATION (  '', ( #1394 ), #667 ) ;
#8605 =( NAMED_UNIT ( * ) SI_UNIT ( $, .STERADIAN. ) SOLID_ANGLE_UNIT ( ) );
#8606 = DIRECTION ( 'NONE',  ( 0.0000000000000000000, 0.0000000000000000000, 1.000000000000000000 ) ) ;
#8607 = ADVANCED_FACE ( 'NONE', ( #7572 ), #1608, .T. ) ;
#8608 = EDGE_CURVE ( 'NONE', #7445, #2561, #163, .T. ) ;
#8609 = CARTESIAN_POINT ( 'NONE',  ( 1.733702221443834013, 2.415000000000000036, 7.560640755716034889 ) ) ;
#8610 = CARTESIAN_POINT ( 'NONE',  ( 1.966313802606003636, 2.415000000000000036, 9.942429774210586046 ) ) ;
#8611 = LINE ( 'NONE', #3663, #3114 ) ;
#8612 = PLANE ( 'NONE',  #442 ) ;
#8613 = VECTOR ( 'NONE', #5494, 1000.000000000000000 ) ;
#8614 = DIRECTION ( 'NONE',  ( 0.0000000000000000000, -0.0000000000000000000, 1.000000000000000000 ) ) ;
#8615 = ORIENTED_EDGE ( 'NONE', *, *, #3386, .T. ) ;
#8616 = CARTESIAN_POINT ( 'NONE',  ( 5.919999999999999929, 0.0000000000000000000, -3.500000000000000000 ) ) ;
#8617 = CARTESIAN_POINT ( 'NONE',  ( -2.168835911368509173, 2.415000000000000036, 8.007688131548370336 ) ) ;
#8618 = PRESENTATION_STYLE_ASSIGNMENT (( #1179 ) ) ;
#8619 = B_SPLINE_CURVE_WITH_KNOTS ( 'NONE', 3,
 ( #2928, #7085, #8480, #6909, #944, #179, #6995, #2846, #7725, #5593, #751, #795, #3487, #3530, #133, #8391, #5057, #2225, #7827 ),
 .UNSPECIFIED., .F., .F.,
 ( 4, 1, 1, 1, 1, 1, 1, 1, 1, 1, 1, 1, 1, 1, 1, 1, 4 ),
 ( 0.0000000000000000000, 0.05280388960419518662, 0.1028477719876527002, 0.1516336500453420444, 0.1994927356165232257, 0.2476904783705139723, 0.2961693942942763003, 0.3462043712799603989, 0.3984355106402359681, 0.4541947959278135327, 0.5142481968338274978, 0.5792716717573076490, 0.6501859388279850327, 0.7275668778331121356, 0.8115321697483066643, 0.9025173432274210539, 1.000000000000000000 ),
 .UNSPECIFIED. ) ;
#8620 = CARTESIAN_POINT ( 'NONE',  ( 1.569079895103027367, 2.415000000000000036, 7.943451868480630118 ) ) ;
#8621 = CARTESIAN_POINT ( 'NONE',  ( -5.304063536672308565, 2.415000000000000036, 1.838656741055213040 ) ) ;
#8622 = STYLED_ITEM ( 'NONE', ( #8375 ), #5044 ) ;
#8623 = STYLED_ITEM ( 'NONE', ( #2360 ), #6247 ) ;
#8624 = LINE ( 'NONE', #2419, #5289 ) ;
#8625 = ADVANCED_FACE ( 'NONE', ( #7068 ), #3514, .T. ) ;
#8626 = CARTESIAN_POINT ( 'NONE',  ( -0.07950564322316168442, 2.415000000000000036, 5.083511171058967548 ) ) ;
#8627 = ORIENTED_EDGE ( 'NONE', *, *, #6968, .T. ) ;
#8628 = CARTESIAN_POINT ( 'NONE',  ( 1.190939729657130464, 2.415000000000000036, 5.517944541804781444 ) ) ;
#8629 = VERTEX_POINT ( 'NONE', #4196 ) ;
#8630 = AXIS2_PLACEMENT_3D ( 'NONE', #6341, #60, #4766 ) ;
#8631 = SURFACE_STYLE_FILL_AREA ( #3087 ) ;
#8632 = CARTESIAN_POINT ( 'NONE',  ( 5.798500565891793634, 2.415000000000000036, 2.069425971824442101 ) ) ;
#8633 = STYLED_ITEM ( 'NONE', ( #5903 ), #6694 ) ;
#8634 = FACE_OUTER_BOUND ( 'NONE', #7058, .T. ) ;
#8635 = SURFACE_STYLE_FILL_AREA ( #1593 ) ;
#8636 = B_SPLINE_CURVE_WITH_KNOTS ( 'NONE', 3,
 ( #8147, #5541, #6778, #78, #6230, #2793, #8333, #4153, #8283, #8883, #746, #1472, #1433 ),
 .UNSPECIFIED., .F., .F.,
 ( 4, 1, 1, 1, 1, 1, 1, 1, 1, 1, 4 ),
 ( 0.0000000000000000000, 0.1816478987035806125, 0.3669602728346273435, 0.4183070076096193080, 0.4766772393633236238, 0.5441136483684989589, 0.6193860049843269433, 0.7020227998675847569, 0.7935420581449029731, 0.8921734247237906867, 1.000000000000000000 ),
 .UNSPECIFIED. ) ;
#8637 = VERTEX_POINT ( 'NONE', #5584 ) ;
#8638 = SURFACE_SIDE_STYLE ('',( #5846 ) ) ;
#8639 = ORIENTED_EDGE ( 'NONE', *, *, #4722, .T. ) ;
#8640 = CARTESIAN_POINT ( 'NONE',  ( -3.580168606527703190, 2.415000000000000036, 9.980176637860477484 ) ) ;
#8641 = COLOUR_RGB ( '',0.2509803921568627416, 0.2509803921568627416, 0.2509803921568627416 ) ;
#8642 = LINE ( 'NONE', #1779, #4710 ) ;
#8643 = CARTESIAN_POINT ( 'NONE',  ( -3.478291656799535669, 2.415000000000000036, 9.817711830995483169 ) ) ;
#8644 = CARTESIAN_POINT ( 'NONE',  ( 1.173377999306600472, 2.415000000000000036, 5.697527985396068750 ) ) ;
#8645 =( NAMED_UNIT ( * ) SI_UNIT ( $, .STERADIAN. ) SOLID_ANGLE_UNIT ( ) );
#8646 = LINE ( 'NONE', #2444, #2803 ) ;
#8647 = DIRECTION ( 'NONE',  ( 0.0000000000000000000, 0.0000000000000000000, 1.000000000000000000 ) ) ;
#8648 = CARTESIAN_POINT ( 'NONE',  ( 1.549038214847645589, 2.415000000000000036, 9.288776670616151421 ) ) ;
#8649 = ORIENTED_EDGE ( 'NONE', *, *, #761, .F. ) ;
#8650 = DIRECTION ( 'NONE',  ( 0.0000000000000000000, 1.000000000000000000, 0.0000000000000000000 ) ) ;
#8651 = VERTEX_POINT ( 'NONE', #2172 ) ;
#8652 = SURFACE_STYLE_FILL_AREA ( #3066 ) ;
#8653 = CARTESIAN_POINT ( 'NONE',  ( -1.952238794295256596, 2.415000000000000036, 7.216501385782005507 ) ) ;
#8654 = B_SPLINE_CURVE_WITH_KNOTS ( 'NONE', 3,
 ( #4868, #8286, #2092, #1572, #6991, #3578, #7914, #3627, #6365, #5055, #4244, #1662, #4383, #7120, #4959 ),
 .UNSPECIFIED., .F., .F.,
 ( 4, 1, 1, 1, 1, 1, 1, 1, 1, 1, 1, 1, 4 ),
 ( 0.0000000000000000000, 0.1170533335748108472, 0.2299793620226534829, 0.3407177837100071605, 0.4501323282351895605, 0.5063360477763579892, 0.5652844552249173260, 0.6281893776376007432, 0.6947162004613381958, 0.7650089875449737065, 0.8395734803358064768, 0.9177463531689147302, 1.000000000000000000 ),
 .UNSPECIFIED. ) ;
#8655 = AXIS2_PLACEMENT_3D ( 'NONE', #152, #3505, #861 ) ;
#8656 = SURFACE_STYLE_USAGE ( .BOTH. , #298 ) ;
#8657 = CARTESIAN_POINT ( 'NONE',  ( -0.9200845760711003907, 2.415000000000000036, 5.777077190865076872 ) ) ;
#8658 = DIRECTION ( 'NONE',  ( 0.0000000000000000000, -0.0000000000000000000, 1.000000000000000000 ) ) ;
#8659 = ORIENTED_EDGE ( 'NONE', *, *, #5466, .T. ) ;
#8660 = EDGE_CURVE ( 'NONE', #7279, #1682, #3840, .T. ) ;
#8661 = SURFACE_STYLE_USAGE ( .BOTH. , #396 ) ;
#8662 = ORIENTED_EDGE ( 'NONE', *, *, #2359, .F. ) ;
#8663 = SURFACE_STYLE_USAGE ( .BOTH. , #1802 ) ;
#8664 = CARTESIAN_POINT ( 'NONE',  ( 1.130042293759694561, 2.415000000000000036, 10.26666249052273017 ) ) ;
#8665 = FACE_OUTER_BOUND ( 'NONE', #3652, .T. ) ;
#8666 = ADVANCED_FACE ( 'NONE', ( #334 ), #143, .T. ) ;
#8667 = COLOUR_RGB ( '',0.7529411764705882248, 0.7529411764705882248, 0.7529411764705882248 ) ;
#8668 = SURFACE_SIDE_STYLE ('',( #8013 ) ) ;
#8669 = FACE_OUTER_BOUND ( 'NONE', #2006, .T. ) ;
#8670 = DIRECTION ( 'NONE',  ( -1.000000000000000000, 0.0000000000000000000, 0.0000000000000000000 ) ) ;
#8671 = CARTESIAN_POINT ( 'NONE',  ( -2.461551191891269585, 2.415000000000000036, 7.333887661870736707 ) ) ;
#8672 = EDGE_LOOP ( 'NONE', ( #4659, #5479 ) ) ;
#8673 = UNCERTAINTY_MEASURE_WITH_UNIT (LENGTH_MEASURE( 1.000000000000000082E-05 ), #2805, 'distance_accuracy_value', 'NONE');
#8674 = DIRECTION ( 'NONE',  ( 0.0000000000000000000, 1.000000000000000000, 0.0000000000000000000 ) ) ;
#8675 = EDGE_CURVE ( 'NONE', #7051, #8135, #4419, .T. ) ;
#8676 = CARTESIAN_POINT ( 'NONE',  ( 0.9183337435205837229, 2.415000000000000036, 7.916755562290616055 ) ) ;
#8677 = ORIENTED_EDGE ( 'NONE', *, *, #4438, .T. ) ;
#8678 = MECHANICAL_DESIGN_GEOMETRIC_PRESENTATION_REPRESENTATION (  '', ( #5443 ), #871 ) ;
#8679 = B_SPLINE_CURVE_WITH_KNOTS ( 'NONE', 3,
 ( #7044, #7782, #45, #2893, #7000, #3635, #2100, #2145, #6332, #4166, #4831, #852, #8346, #5017, #7593, #6376, #4252, #6285, #2278 ),
 .UNSPECIFIED., .F., .F.,
 ( 4, 1, 1, 1, 1, 1, 1, 1, 1, 1, 1, 1, 1, 1, 1, 1, 4 ),
 ( 0.0000000000000000000, 0.06227083844795409939, 0.1238942335233312181, 0.1850525606168432480, 0.2468205713346445229, 0.3084108637288694443, 0.3700893904592685302, 0.4325727393866085624, 0.4957431553159480364, 0.5591646134045809013, 0.6217512316812312534, 0.6844179022474619067, 0.7470058781955838390, 0.8094565802714265290, 0.8725179458186251846, 0.9357743920601926391, 1.000000000000000000 ),
 .UNSPECIFIED. ) ;
#8680 = DIRECTION ( 'NONE',  ( 0.0000000000000000000, 1.000000000000000000, 0.0000000000000000000 ) ) ;
#8681 = CARTESIAN_POINT ( 'NONE',  ( -0.2509932466656025207, 2.415000000000000036, 6.052239956556708655 ) ) ;
#8682 = CARTESIAN_POINT ( 'NONE',  ( -6.120000000000000107, 4.959819536546772588E-17, -3.299999999999999822 ) ) ;
#8683 = DIRECTION ( 'NONE',  ( -0.7071067811865475727, 0.0000000000000000000, 0.7071067811865475727 ) ) ;
#8684 = CARTESIAN_POINT ( 'NONE',  ( 1.511581005954949486, 2.415000000000000036, 7.532129900033161185 ) ) ;
#8685 =( GEOMETRIC_REPRESENTATION_CONTEXT ( 3 ) GLOBAL_UNCERTAINTY_ASSIGNED_CONTEXT ( ( #5663 ) ) GLOBAL_UNIT_ASSIGNED_CONTEXT ( ( #7948, #4519, #1106 ) ) REPRESENTATION_CONTEXT ( 'NONE', 'WORKASPACE' ) );
#8686 = CARTESIAN_POINT ( 'NONE',  ( 2.335170498887899626, 2.415000000000000036, 9.971790695650936343 ) ) ;
#8687 = CARTESIAN_POINT ( 'NONE',  ( -3.446999549366068116, 2.415000000000000036, 9.973991574568909613 ) ) ;
#8688 = ORIENTED_EDGE ( 'NONE', *, *, #1381, .T. ) ;
#8689 = CARTESIAN_POINT ( 'NONE',  ( -0.6937375459399015565, 2.415000000000000036, 5.481210848964586546 ) ) ;
#8690 = ORIENTED_EDGE ( 'NONE', *, *, #2876, .T. ) ;
#8691 = VECTOR ( 'NONE', #4503, 1000.000000000000000 ) ;
#8692 = VECTOR ( 'NONE', #4936, 1000.000000000000000 ) ;
#8693 = CARTESIAN_POINT ( 'NONE',  ( 1.527253853703316455, 2.415000000000000036, 9.600256591388919958 ) ) ;
#8694 = CARTESIAN_POINT ( 'NONE',  ( -3.810000000000000053, 2.265000000000000124, 0.2121320343559643662 ) ) ;
#8695 = CARTESIAN_POINT ( 'NONE',  ( -3.530160705650312813, 2.415000000000000036, 9.806203622309828560 ) ) ;
#8696 = FACE_OUTER_BOUND ( 'NONE', #676, .T. ) ;
#8697 = DIRECTION ( 'NONE',  ( 1.000000000000000000, 0.0000000000000000000, 0.0000000000000000000 ) ) ;
#8698 = PRESENTATION_LAYER_ASSIGNMENT (  '', '', ( #7059 ) ) ;
#8699 = CARTESIAN_POINT ( 'NONE',  ( -2.946880783163383200, 2.415000000000000036, 9.241021464881704617 ) ) ;
#8700 = VERTEX_POINT ( 'NONE', #3157 ) ;
#8701 = FILL_AREA_STYLE ('',( #382 ) ) ;
#8702 = EDGE_LOOP ( 'NONE', ( #1028, #8392, #1740, #6267 ) ) ;
#8703 = DIRECTION ( 'NONE',  ( 1.000000000000000000, 0.0000000000000000000, -0.0000000000000000000 ) ) ;
#8704 = STYLED_ITEM ( 'NONE', ( #2035 ), #2677 ) ;
#8705 = CARTESIAN_POINT ( 'NONE',  ( -2.041647812938704121, 2.415000000000000036, 9.548589761489516547 ) ) ;
#8706 = FILL_AREA_STYLE ('',( #1700 ) ) ;
#8707 = CARTESIAN_POINT ( 'NONE',  ( 1.161872351985168139, 2.415000000000000036, 9.745248541119963193 ) ) ;
#8708 = CARTESIAN_POINT ( 'NONE',  ( -0.4745476559741517164, 2.415000000000000036, 2.411223399068988638 ) ) ;
#8709 = CARTESIAN_POINT ( 'NONE',  ( -2.551459832106090619, 2.415000000000000036, 9.228481671850650159 ) ) ;
#8710 = LINE ( 'NONE', #2506, #1223 ) ;
#8711 = CARTESIAN_POINT ( 'NONE',  ( -1.845584280777182062, 2.415000000000000036, 9.983572988091243161 ) ) ;
#8712 = COLOUR_RGB ( '',0.2509803921568627416, 0.2509803921568627416, 0.2509803921568627416 ) ;
#8713 = ADVANCED_FACE ( 'NONE', ( #8594, #5902, #7156, #2304, #1026, #5856, #4373, #6492, #5040, #2445, #5184, #1784, #7954, #6443, #7808, #292, #1649, #3060, #974, #5811, #228, #2287, #7603, #2949, #807, #6338, #3545 ), #912, .T. ) ;
#8714 = ORIENTED_EDGE ( 'NONE', *, *, #3290, .F. ) ;
#8715 = ORIENTED_EDGE ( 'NONE', *, *, #5964, .T. ) ;
#8716 = CARTESIAN_POINT ( 'NONE',  ( -3.810000000000000053, 2.265000000000000124, 0.0000000000000000000 ) ) ;
#8717 = FILL_AREA_STYLE ('',( #2554 ) ) ;
#8718 =( LENGTH_UNIT ( ) NAMED_UNIT ( * ) SI_UNIT ( .MILLI., .METRE. ) );
#8719 = VECTOR ( 'NONE', #4730, 1000.000000000000000 ) ;
#8720 = DIRECTION ( 'NONE',  ( 0.0000000000000000000, 0.0000000000000000000, -1.000000000000000000 ) ) ;
#8721 = CARTESIAN_POINT ( 'NONE',  ( -2.472342685286491371, 2.415000000000000036, 7.410449238466269684 ) ) ;
#8722 = EDGE_LOOP ( 'NONE', ( #3315, #5176, #2383, #5077 ) ) ;
#8723 = EDGE_CURVE ( 'NONE', #8142, #7150, #3642, .T. ) ;
#8724 = CARTESIAN_POINT ( 'NONE',  ( -0.3731203338166950156, 2.415000000000000036, 9.925016311670546543 ) ) ;
#8725 = DIRECTION ( 'NONE',  ( 1.000000000000000000, 0.0000000000000000000, 0.0000000000000000000 ) ) ;
#8726 = ORIENTED_EDGE ( 'NONE', *, *, #4438, .F. ) ;
#8727 = FILL_AREA_STYLE ('',( #5934 ) ) ;
#8728 = CARTESIAN_POINT ( 'NONE',  ( 3.703933982822019466, -2.260000000000000231, 0.1060660171779830574 ) ) ;
#8729 = FILL_AREA_STYLE_COLOUR ( '', #1471 ) ;
#8730 = ADVANCED_FACE ( 'NONE', ( #3044 ), #7327, .T. ) ;
#8731 = CYLINDRICAL_SURFACE ( 'NONE', #557, 0.1500000000000000777 ) ;
#8732 = EDGE_CURVE ( 'NONE', #2544, #3646, #7743, .T. ) ;
#8733 =( NAMED_UNIT ( * ) SI_UNIT ( $, .STERADIAN. ) SOLID_ANGLE_UNIT ( ) );
#8734 = VERTEX_POINT ( 'NONE', #7142 ) ;
#8735 = DIRECTION ( 'NONE',  ( -1.000000000000000000, 0.0000000000000000000, 0.0000000000000000000 ) ) ;
#8736 = VERTEX_POINT ( 'NONE', #5936 ) ;
#8737 = CARTESIAN_POINT ( 'NONE',  ( 1.453508216089322458, 2.415000000000000036, 9.440896566975000681 ) ) ;
#8738 = CARTESIAN_POINT ( 'NONE',  ( -2.081496167778767337, 2.415000000000000036, 5.902559926420166470 ) ) ;
#8739 = CARTESIAN_POINT ( 'NONE',  ( 3.399214156973909162, 2.415000000000000036, 9.454993669765286768 ) ) ;
#8740 = PRESENTATION_STYLE_ASSIGNMENT (( #1737 ) ) ;
#8741 = CARTESIAN_POINT ( 'NONE',  ( 1.086372421964822976, 2.415000000000000036, 7.982047105907344786 ) ) ;
#8742 = CARTESIAN_POINT ( 'NONE',  ( -0.6435129855060480741, 2.415000000000000036, 2.340982530120620186 ) ) ;
#8743 = ORIENTED_EDGE ( 'NONE', *, *, #1288, .T. ) ;
#8744 = VERTEX_POINT ( 'NONE', #8682 ) ;
#8745 = CARTESIAN_POINT ( 'NONE',  ( 0.0000000000000000000, 2.415000000000000036, 0.0000000000000000000 ) ) ;
#8746 = DIRECTION ( 'NONE',  ( -0.7071067811865473507, 0.0000000000000000000, -0.7071067811865477948 ) ) ;
#8747 = CARTESIAN_POINT ( 'NONE',  ( 1.181050277443046914, 2.415000000000000036, 9.929815541184913386 ) ) ;
#8748 = CARTESIAN_POINT ( 'NONE',  ( 0.8272847632593202105, 2.415000000000000036, 5.709460000870060448 ) ) ;
#8749 = CARTESIAN_POINT ( 'NONE',  ( 1.907686524528925620, 2.415000000000000036, 7.597431721291959761 ) ) ;
#8750 =( LENGTH_UNIT ( ) NAMED_UNIT ( * ) SI_UNIT ( .MILLI., .METRE. ) );
#8751 = PRESENTATION_LAYER_ASSIGNMENT (  '', '', ( #8005 ) ) ;
#8752 = ORIENTED_EDGE ( 'NONE', *, *, #8819, .T. ) ;
#8753 = ORIENTED_EDGE ( 'NONE', *, *, #2835, .T. ) ;
#8754 = CARTESIAN_POINT ( 'NONE',  ( -3.600726937009538275, 2.415000000000000036, 9.241021464881704617 ) ) ;
#8755 = MECHANICAL_DESIGN_GEOMETRIC_PRESENTATION_REPRESENTATION (  '', ( #3254 ), #526 ) ;
#8756 = PLANE ( 'NONE',  #2391 ) ;
#8757 = CARTESIAN_POINT ( 'NONE',  ( 1.361813127093027820, 2.415000000000000036, 9.984611208471447341 ) ) ;
#8758 = PRESENTATION_STYLE_ASSIGNMENT (( #7398 ) ) ;
#8759 = AXIS2_PLACEMENT_3D ( 'NONE', #5871, #3803, #5918 ) ;
#8760 = VECTOR ( 'NONE', #8484, 1000.000000000000000 ) ;
#8761 = EDGE_LOOP ( 'NONE', ( #5949, #805, #8058, #4838, #6647 ) ) ;
#8762 = CARTESIAN_POINT ( 'NONE',  ( 2.669104793759693894, 2.415000000000000036, 9.561534285394525767 ) ) ;
#8763 = CARTESIAN_POINT ( 'NONE',  ( 1.848792293759694561, 2.415000000000000036, 7.161534285394524524 ) ) ;
#8764 = VERTEX_POINT ( 'NONE', #3146 ) ;
#8765 = CARTESIAN_POINT ( 'NONE',  ( -2.765985929824749334, 2.415000000000000036, 9.693125760980009886 ) ) ;
#8766 = DIRECTION ( 'NONE',  ( 0.0000000000000000000, 1.000000000000000000, 0.0000000000000000000 ) ) ;
#8767 = CARTESIAN_POINT ( 'NONE',  ( -0.1765928201879008730, 2.415000000000000036, 6.068853692562774960 ) ) ;
#8768 = AXIS2_PLACEMENT_3D ( 'NONE', #5039, #116, #3699 ) ;
#8769 = VECTOR ( 'NONE', #2807, 1000.000000000000000 ) ;
#8770 =( LENGTH_UNIT ( ) NAMED_UNIT ( * ) SI_UNIT ( .MILLI., .METRE. ) );
#8771 = DIRECTION ( 'NONE',  ( -0.7071067811865481278, 0.0000000000000000000, -0.7071067811865467956 ) ) ;
#8772 = VECTOR ( 'NONE', #4919, 1000.000000000000000 ) ;
#8773 = ADVANCED_FACE ( 'NONE', ( #5070 ), #1768, .T. ) ;
#8774 = DIRECTION ( 'NONE',  ( -0.7071067811865481278, 0.0000000000000000000, -0.7071067811865466846 ) ) ;
#8775 = UNCERTAINTY_MEASURE_WITH_UNIT (LENGTH_MEASURE( 1.000000000000000082E-05 ), #4490, 'distance_accuracy_value', 'NONE');
#8776 = ORIENTED_EDGE ( 'NONE', *, *, #8556, .T. ) ;
#8777 = ORIENTED_EDGE ( 'NONE', *, *, #5262, .T. ) ;
#8778 = EDGE_CURVE ( 'NONE', #7798, #7424, #6739, .T. ) ;
#8779 = EDGE_CURVE ( 'NONE', #5847, #7644, #2330, .T. ) ;
#8780 = CARTESIAN_POINT ( 'NONE',  ( -2.206091144487911215, 2.415000000000000036, 8.185882204814468821 ) ) ;
#8781 = EDGE_CURVE ( 'NONE', #1587, #1449, #1144, .T. ) ;
#8782 = DIRECTION ( 'NONE',  ( 0.0000000000000000000, 1.000000000000000000, 0.0000000000000000000 ) ) ;
#8783 = DIRECTION ( 'NONE',  ( 2.716326130063896955E-16, 0.0000000000000000000, -1.000000000000000000 ) ) ;
#8784 = VECTOR ( 'NONE', #609, 999.9999999999998863 ) ;
#8785 = FACE_OUTER_BOUND ( 'NONE', #2197, .T. ) ;
#8786 = CARTESIAN_POINT ( 'NONE',  ( 1.368111274115096032, 2.415000000000000036, 9.228464227052331381 ) ) ;
#8787 = VERTEX_POINT ( 'NONE', #8115 ) ;
#8788 = ORIENTED_EDGE ( 'NONE', *, *, #119, .T. ) ;
#8789 = ADVANCED_FACE ( 'NONE', ( #6107 ), #3279, .T. ) ;
#8790 = STYLED_ITEM ( 'NONE', ( #8553 ), #8666 ) ;
#8791 = DIRECTION ( 'NONE',  ( -0.5740938097484565850, 0.0000000000000000000, -0.8187895319363230895 ) ) ;
#8792 = ADVANCED_FACE ( 'NONE', ( #6154, #5457 ), #2059, .T. ) ;
#8793 = LINE ( 'NONE', #8002, #563 ) ;
#8794 = CARTESIAN_POINT ( 'NONE',  ( 2.167566597253900440, 2.415000000000000036, 9.979900299807653141 ) ) ;
#8795 = CARTESIAN_POINT ( 'NONE',  ( -1.179054586372394464, 2.415000000000000036, 5.927270514081083519 ) ) ;
#8796 = AXIS2_PLACEMENT_3D ( 'NONE', #431, #8647, #378 ) ;
#8797 = MECHANICAL_DESIGN_GEOMETRIC_PRESENTATION_REPRESENTATION (  '', ( #7022 ), #2409 ) ;
#8798 = CARTESIAN_POINT ( 'NONE',  ( -2.081496167778767337, 2.415000000000000036, 5.530765054625294219 ) ) ;
#8799 = ORIENTED_EDGE ( 'NONE', *, *, #7751, .T. ) ;
#8800 = ORIENTED_EDGE ( 'NONE', *, *, #1982, .T. ) ;
#8801 = CARTESIAN_POINT ( 'NONE',  ( -1.926801576211987443, 2.415000000000000036, 8.030755636218387394 ) ) ;
#8802 =( LENGTH_UNIT ( ) NAMED_UNIT ( * ) SI_UNIT ( .MILLI., .METRE. ) );
#8803 = SURFACE_STYLE_FILL_AREA ( #3861 ) ;
#8804 = CARTESIAN_POINT ( 'NONE',  ( -7.214999999999998082, 2.415000000000000036, 12.03999999999999915 ) ) ;
#8805 = MECHANICAL_DESIGN_GEOMETRIC_PRESENTATION_REPRESENTATION (  '', ( #6167 ), #1306 ) ;
#8806 = CARTESIAN_POINT ( 'NONE',  ( 1.903555717603711672, 2.415000000000000036, 5.707572238584158519 ) ) ;
#8807 = CARTESIAN_POINT ( 'NONE',  ( -3.190470526753126368, 2.415000000000000036, 7.161534285394524524 ) ) ;
#8808 = ORIENTED_EDGE ( 'NONE', *, *, #3181, .T. ) ;
#8809 = CARTESIAN_POINT ( 'NONE',  ( -2.636076316942232989, 2.415000000000000036, 9.810022920384680489 ) ) ;
#8810 = DIRECTION ( 'NONE',  ( 0.0000000000000000000, 1.000000000000000000, 0.0000000000000000000 ) ) ;
#8811 = CARTESIAN_POINT ( 'NONE',  ( -0.4307693362781401247, 2.415000000000000036, 5.934118019437450542 ) ) ;
#8812 = CARTESIAN_POINT ( 'NONE',  ( 0.0000000000000000000, 2.415000000000000036, 0.0000000000000000000 ) ) ;
#8813 = LINE ( 'NONE', #2614, #7116 ) ;
#8814 = CARTESIAN_POINT ( 'NONE',  ( -2.794000000000000483, -2.260000000000000231, 1.015999999999999348 ) ) ;
#8815 = COLOUR_RGB ( '',0.2509803921568627416, 0.2509803921568627416, 0.2509803921568627416 ) ;
#8816 = SURFACE_STYLE_FILL_AREA ( #6026 ) ;
#8817 = ORIENTED_EDGE ( 'NONE', *, *, #1381, .F. ) ;
#8818 = CARTESIAN_POINT ( 'NONE',  ( -2.123265793616152752, 2.415000000000000036, 7.614048161286168792 ) ) ;
#8819 = EDGE_CURVE ( 'NONE', #1485, #3244, #1313, .T. ) ;
#8820 = PRESENTATION_LAYER_ASSIGNMENT (  '', '', ( #1459 ) ) ;
#8821 = SURFACE_SIDE_STYLE ('',( #6032 ) ) ;
#8822 = MECHANICAL_DESIGN_GEOMETRIC_PRESENTATION_REPRESENTATION (  '', ( #4746 ), #8685 ) ;
#8823 = CARTESIAN_POINT ( 'NONE',  ( -1.557439240820974735, 2.415000000000000036, 9.341183447713101273 ) ) ;
#8824 = CARTESIAN_POINT ( 'NONE',  ( 3.230495654483297230, 2.415000000000000036, 9.269284467529127269 ) ) ;
#8825 = DIRECTION ( 'NONE',  ( -1.000000000000000000, 0.0000000000000000000, 5.978271136194193815E-16 ) ) ;
#8826 = CARTESIAN_POINT ( 'NONE',  ( 1.840866011746007835, 2.415000000000000036, 7.342537337375826922 ) ) ;
#8827 = ORIENTED_EDGE ( 'NONE', *, *, #96, .T. ) ;
#8828 = AXIS2_PLACEMENT_3D ( 'NONE', #2971, #5727, #3706 ) ;
#8829 = AXIS2_PLACEMENT_3D ( 'NONE', #1145, #1861, #8771 ) ;
#8830 = ORIENTED_EDGE ( 'NONE', *, *, #376, .T. ) ;
#8831 = EDGE_CURVE ( 'NONE', #1320, #324, #6821, .T. ) ;
#8832 =( NAMED_UNIT ( * ) PLANE_ANGLE_UNIT ( ) SI_UNIT ( $, .RADIAN. ) );
#8833 = CARTESIAN_POINT ( 'NONE',  ( 1.142862806580207780, 2.415000000000000036, 7.982047105907344786 ) ) ;
#8834 = SURFACE_STYLE_FILL_AREA ( #3261 ) ;
#8835 = DIRECTION ( 'NONE',  ( -1.000000000000000000, 0.0000000000000000000, 5.978271136194193815E-16 ) ) ;
#8836 = CYLINDRICAL_SURFACE ( 'NONE', #8120, 0.1499999999999999667 ) ;
#8837 = EDGE_CURVE ( 'NONE', #920, #5882, #4002, .T. ) ;
#8838 = CARTESIAN_POINT ( 'NONE',  ( -3.703933982822017690, -2.410000000000000142, 0.1060660171779820582 ) ) ;
#8839 = ORIENTED_EDGE ( 'NONE', *, *, #1544, .T. ) ;
#8840 = ORIENTED_EDGE ( 'NONE', *, *, #2939, .T. ) ;
#8841 = FACE_OUTER_BOUND ( 'NONE', #752, .T. ) ;
#8842 = CARTESIAN_POINT ( 'NONE',  ( -2.794000000000000483, 2.265000000000000124, 1.015999999999999348 ) ) ;
#8843 = CARTESIAN_POINT ( 'NONE',  ( -3.916066017177982417, 2.265000000000000124, 0.1060660171779822525 ) ) ;
#8844 = CARTESIAN_POINT ( 'NONE',  ( 5.798500565891793634, 2.415000000000000036, 2.402759305157775582 ) ) ;
#8845 = MECHANICAL_DESIGN_GEOMETRIC_PRESENTATION_REPRESENTATION (  '', ( #6792 ), #5926 ) ;
#8846 = VERTEX_POINT ( 'NONE', #6067 ) ;
#8847 = LINE ( 'NONE', #4235, #7721 ) ;
#8848 = ORIENTED_EDGE ( 'NONE', *, *, #8732, .F. ) ;
#8849 = CARTESIAN_POINT ( 'NONE',  ( -2.772350244014071041, 2.415000000000000036, 9.673439595837985294 ) ) ;
#8850 = STYLED_ITEM ( 'NONE', ( #1923 ), #2944 ) ;
#8851 = SURFACE_STYLE_USAGE ( .BOTH. , #1358 ) ;
#8852 = CARTESIAN_POINT ( 'NONE',  ( 1.578797609467636809, 2.415000000000000036, 7.647095538556093253 ) ) ;
#8853 = PRESENTATION_STYLE_ASSIGNMENT (( #3283 ) ) ;
#8854 = PRESENTATION_LAYER_ASSIGNMENT (  '', '', ( #3359 ) ) ;
#8855 = UNCERTAINTY_MEASURE_WITH_UNIT (LENGTH_MEASURE( 1.000000000000000082E-05 ), #5979, 'distance_accuracy_value', 'NONE');
#8856 = CARTESIAN_POINT ( 'NONE',  ( 0.9582871954230288702, 2.415000000000000036, 5.556663312939161159 ) ) ;
#8857 = ORIENTED_EDGE ( 'NONE', *, *, #3243, .T. ) ;
#8858 = CARTESIAN_POINT ( 'NONE',  ( -5.996371228980001078, 2.415000000000000036, 2.171990074388546521 ) ) ;
#8859 = EDGE_LOOP ( 'NONE', ( #5860, #4176, #7850, #6027 ) ) ;
#8860 = B_SPLINE_CURVE_WITH_KNOTS ( 'NONE', 3,
 ( #6914, #8248, #2058, #671, #44, #3403, #6152, #4788, #1398, #2765, #5502, #2099, #799, #4829, #1482, #7591, #4163, #755, #3492 ),
 .UNSPECIFIED., .F., .F.,
 ( 4, 1, 1, 1, 1, 1, 1, 1, 1, 1, 1, 1, 1, 1, 1, 1, 4 ),
 ( 0.0000000000000000000, 0.06745963088249615214, 0.1327237943259437503, 0.1956892323149639068, 0.2575155500989625423, 0.3187717078861520004, 0.3797960987057124038, 0.4415095348447374834, 0.5042271099137398682, 0.5668747126974965633, 0.6281134265653300908, 0.6884446307666117759, 0.7484534182934740043, 0.8089103174891049131, 0.8705690592869804734, 0.9342157814832823259, 1.000000000000000000 ),
 .UNSPECIFIED. ) ;
#8861 = CARTESIAN_POINT ( 'NONE',  ( 2.003239409144310201, 2.415000000000000036, 5.902559926420166470 ) ) ;
#8862 =( LENGTH_UNIT ( ) NAMED_UNIT ( * ) SI_UNIT ( .MILLI., .METRE. ) );
#8863 = FILL_AREA_STYLE ('',( #4680 ) ) ;
#8864 = CARTESIAN_POINT ( 'NONE',  ( 0.2928832151057055300, 2.415000000000000036, 2.055873975259470132 ) ) ;
#8865 = CARTESIAN_POINT ( 'NONE',  ( 1.678054254077386842, 2.415000000000000036, 5.863964688993450913 ) ) ;
#8866 = DIRECTION ( 'NONE',  ( 0.0000000000000000000, 0.0000000000000000000, 1.000000000000000000 ) ) ;
#8867 = ORIENTED_EDGE ( 'NONE', *, *, #4924, .T. ) ;
#8868 = FILL_AREA_STYLE_COLOUR ( '', #7576 ) ;
#8869 = EDGE_LOOP ( 'NONE', ( #3221, #515, #7137, #953 ) ) ;
#8870 = CARTESIAN_POINT ( 'NONE',  ( -1.870919783894930521, 2.415000000000000036, 7.322436965766038419 ) ) ;
#8871 = DIRECTION ( 'NONE',  ( 1.000000000000000000, 0.0000000000000000000, 0.0000000000000000000 ) ) ;
#8872 = FACE_OUTER_BOUND ( 'NONE', #623, .T. ) ;
#8873 = DIRECTION ( 'NONE',  ( -1.000000000000000000, 0.0000000000000000000, 1.423070940095820959E-16 ) ) ;
#8874 = EDGE_CURVE ( 'NONE', #4858, #2706, #4773, .T. ) ;
#8875 = CARTESIAN_POINT ( 'NONE',  ( 2.333279690844359155, 2.415000000000000036, 9.624312737611369073 ) ) ;
#8876 = VERTEX_POINT ( 'NONE', #4304 ) ;
#8877 = ORIENTED_EDGE ( 'NONE', *, *, #6963, .F. ) ;
#8878 = DIRECTION ( 'NONE',  ( 0.0000000000000000000, 0.0000000000000000000, 1.000000000000000000 ) ) ;
#8879 = B_SPLINE_CURVE_WITH_KNOTS ( 'NONE', 3,
 ( #3962, #542, #4508, #1945, #5889, #4672, #8852, #5173, #7939, #6699, #3281, #6022, #6566, #8684, #2482, #5216, #7987, #1814, #4549 ),
 .UNSPECIFIED., .F., .F.,
 ( 4, 1, 1, 1, 1, 1, 1, 1, 1, 1, 1, 1, 1, 1, 1, 1, 4 ),
 ( 0.0000000000000000000, 0.07276882570834825037, 0.1426795345295721607, 0.2094269283542665172, 0.2746319441020423358, 0.3368314137124341356, 0.3976305532729106362, 0.4568978557111157968, 0.5151388068997401204, 0.5731625673544153976, 0.6310985730168293673, 0.6890150595572375192, 0.7488204473412124473, 0.8092839178879007722, 0.8707550277886187962, 0.9342854386219483498, 1.000000000000000000 ),
 .UNSPECIFIED. ) ;
#8880 = EDGE_CURVE ( 'NONE', #4989, #4257, #8679, .T. ) ;
#8881 =( NAMED_UNIT ( * ) SI_UNIT ( $, .STERADIAN. ) SOLID_ANGLE_UNIT ( ) );
#8882 = CARTESIAN_POINT ( 'NONE',  ( -7.214999999999998082, -2.260000000000000231, 12.03999999999999915 ) ) ;
#8883 = CARTESIAN_POINT ( 'NONE',  ( -0.3750591608567959145, 2.415000000000000036, 2.059408890142472082 ) ) ;
#8884 =( NAMED_UNIT ( * ) SI_UNIT ( $, .STERADIAN. ) SOLID_ANGLE_UNIT ( ) );
#8885 = ORIENTED_EDGE ( 'NONE', *, *, #3294, .F. ) ;
#8886 = CARTESIAN_POINT ( 'NONE',  ( -7.214999999999998082, 2.265000000000000124, 12.03999999999999915 ) ) ;
#8887 = CARTESIAN_POINT ( 'NONE',  ( -1.049444885727485399, 2.415000000000000036, 9.523072746932985666 ) ) ;
#8888 = CARTESIAN_POINT ( 'NONE',  ( 2.335170498887899626, 2.415000000000000036, 9.531886849497091418 ) ) ;
#8889 = VECTOR ( 'NONE', #7360, 1000.000000000000000 ) ;
#8890 = EDGE_CURVE ( 'NONE', #2909, #1165, #3151, .T. ) ;
#8891 = VECTOR ( 'NONE', #6454, 1000.000000000000000 ) ;
#8892 = SURFACE_STYLE_USAGE ( .BOTH. , #2103 ) ;
#8893 = DIRECTION ( 'NONE',  ( -1.000000000000000000, 0.0000000000000000000, 0.0000000000000000000 ) ) ;
#8894 = ORIENTED_EDGE ( 'NONE', *, *, #4861, .F. ) ;
#8895 = CARTESIAN_POINT ( 'NONE',  ( -0.4553099476723939110, 2.415000000000000036, 7.971720512983114126 ) ) ;
#8896 = VERTEX_POINT ( 'NONE', #2935 ) ;
#8897 = VECTOR ( 'NONE', #7980, 1000.000000000000000 ) ;
#8898 = CARTESIAN_POINT ( 'NONE',  ( 1.876407230513824187, 2.415000000000000036, 7.981900548146208862 ) ) ;
#8899 = LINE ( 'NONE', #6246, #7485 ) ;
#8900 = CARTESIAN_POINT ( 'NONE',  ( 0.1254806698623845695, 2.415000000000000036, 2.146719177858665173 ) ) ;
#8901 = FILL_AREA_STYLE ('',( #3374 ) ) ;
#8902 = AXIS2_PLACEMENT_3D ( 'NONE', #4896, #7469, #7653 ) ;
#8903 = DIRECTION ( 'NONE',  ( 1.000000000000000000, 0.0000000000000000000, 0.0000000000000000000 ) ) ;
#8904 = PRESENTATION_LAYER_ASSIGNMENT (  '', '', ( #551 ) ) ;
#8905 = CARTESIAN_POINT ( 'NONE',  ( 3.232606396323796538, 2.415000000000000036, 9.702559926420166292 ) ) ;
#8906 = ORIENTED_EDGE ( 'NONE', *, *, #6211, .F. ) ;
#8907 = CARTESIAN_POINT ( 'NONE',  ( -0.02616621026483450727, 2.415000000000000036, 7.446241905872346578 ) ) ;
#8908 = ORIENTED_EDGE ( 'NONE', *, *, #7456, .T. ) ;
#8909 =( NAMED_UNIT ( * ) PLANE_ANGLE_UNIT ( ) SI_UNIT ( $, .RADIAN. ) );
#8910 = MECHANICAL_DESIGN_GEOMETRIC_PRESENTATION_REPRESENTATION (  '', ( #3563 ), #4432 ) ;
#8911 = CARTESIAN_POINT ( 'NONE',  ( -1.658218924189024834, 2.415000000000000036, 9.471790695650936343 ) ) ;
#8912 = PRESENTATION_LAYER_ASSIGNMENT (  '', '', ( #6001 ) ) ;
#8913 = CARTESIAN_POINT ( 'NONE',  ( 1.006252186256898939, 2.415000000000000036, 5.844927287362704504 ) ) ;
#8914 = B_SPLINE_CURVE_WITH_KNOTS ( 'NONE', 3,
 ( #4947, #1556, #872, #3610, #8913, #5438, #8228, #5526, #3431, #6173, #30, #5483, #2079, #2784, #734, #6221, #8461, #2960, #7899 ),
 .UNSPECIFIED., .F., .F.,
 ( 4, 1, 1, 1, 1, 1, 1, 1, 1, 1, 1, 1, 1, 1, 1, 1, 4 ),
 ( 0.0000000000000000000, 0.06375313863950166082, 0.1244521530448089719, 0.1853216107885252151, 0.2466995587399430367, 0.3092996499217107731, 0.3723942853884362192, 0.4368745544593483077, 0.5051637606855879925, 0.5434180136751771695, 0.5885521218293711110, 0.6397619145216969505, 0.6979723533761724719, 0.7633303524946033480, 0.8350195462668942303, 0.9138950241125862739, 1.000000000000000000 ),
 .UNSPECIFIED. ) ;
#8915 = CARTESIAN_POINT ( 'NONE',  ( 1.803913586859224205, 2.415000000000000036, 7.588339199940658197 ) ) ;
#8916 =( NAMED_UNIT ( * ) SI_UNIT ( $, .STERADIAN. ) SOLID_ANGLE_UNIT ( ) );
#8917 = CARTESIAN_POINT ( 'NONE',  ( 0.2390166527340542024, 2.415000000000000036, 6.082047105907345319 ) ) ;
#8918 = CARTESIAN_POINT ( 'NONE',  ( 1.950555114272515267, 2.415000000000000036, 7.764098387958627612 ) ) ;
#8919 = AXIS2_PLACEMENT_3D ( 'NONE', #6264, #2213, #117 ) ;
#8920 = VERTEX_POINT ( 'NONE', #4966 ) ;
#8921 = PRESENTATION_LAYER_ASSIGNMENT (  '', '', ( #7738 ) ) ;
#8922 = CARTESIAN_POINT ( 'NONE',  ( 2.059529473246874520, 2.415000000000000036, 5.902559926420166470 ) ) ;
#8923 = CARTESIAN_POINT ( 'NONE',  ( -2.568100712161152099, 2.415000000000000036, 9.983953561722827885 ) ) ;
ENDSEC;
END-ISO-10303-21;
